date,spy_close,vix_close,vix3m_close,hyg_close,lqd_close,tlt_close,hy_oas,t10y2y,nfci
2000-01-03,91.13272857666016,24.209999084472656,,,,,1.69,0.2,
2000-01-04,87.56889343261719,27.010000228881836,,,,,1.72,0.19,
2000-01-05,87.72552490234375,26.40999984741211,,,,,1.67,0.24,
2000-01-06,86.31568908691406,25.729999542236328,,,,,1.67,0.22,
2000-01-07,91.32857513427734,21.719999313354492,,,,,1.7,0.21,-0.175
2000-01-10,91.64187622070312,21.709999084472656,,,,,1.7,0.19,
2000-01-11,90.54530334472656,22.5,,,,,1.69,0.22,
2000-01-12,89.6445083618164,22.84000015258789,,,,,1.68,0.23,
2000-01-13,90.85858917236328,21.709999084472656,,,,,1.75,0.23,
2000-01-14,92.09225463867188,19.65999984741211,,,,,1.73,0.25,-0.186
2000-01-18,91.36775970458984,21.5,,,,,1.72,0.28,
2000-01-19,92.1118392944336,21.719999313354492,,,,,1.7,0.27,
2000-01-20,90.70193481445312,21.75,,,,,1.66,0.3,
2000-01-21,90.50618743896484,20.81999969482422,,,,,1.63,0.31,-0.197
2000-01-24,87.94093322753906,24.06999969482422,,,,,1.67,0.26,
2000-01-25,88.93960571289062,23.020000457763672,,,,,1.63,0.26,
2000-01-26,88.23467254638672,23.030000686645508,,,,,1.59,0.24,
2000-01-27,87.88220977783203,23.540000915527344,,,,,1.55,0.17,
2000-01-28,85.14077758789062,26.139999389648438,,,,,1.6,0.08,-0.205
2000-01-31,87.45143127441406,24.950000762939453,,,,,1.68,0.07,
2000-02-01,88.3130111694336,23.450000762939453,,,,,1.65,0.02,
2000-02-02,88.39129638671875,23.1200008392334,,,,,1.62,-0.03,
2000-02-03,89.72288513183594,22.010000228881836,,,,,1.64,-0.07,
2000-02-04,89.35082244873047,21.540000915527344,,,,,1.6,-0.1,-0.207
2000-02-07,89.21375274658203,22.790000915527344,,,,,1.66,-0.04,
2000-02-08,90.42779541015625,21.25,,,,,1.59,-0.1,
2000-02-09,88.52836608886719,22.899999618530273,,,,,1.7,-0.13,
2000-02-10,88.7046127319336,23.06999969482422,,,,,1.72,0.0,
2000-02-11,86.90312194824219,24.420000076293945,,,,,1.73,-0.02,-0.205
2000-02-14,87.41227722167969,24.3799991607666,,,,,1.74,-0.06,
2000-02-15,88.401123046875,22.920000076293945,,,,,1.77,-0.1,
2000-02-16,87.09898376464844,23.510000228881836,,,,,1.79,-0.07,
2000-02-17,86.6485595703125,23.170000076293945,,,,,1.75,-0.11,
2000-02-18,84.78831481933594,26.0,,,,,1.82,-0.17,-0.198
2000-02-22,84.57295227050781,25.860000610351562,,,,,1.88,-0.21,
2000-02-23,85.5715560913086,23.889999389648438,,,,,1.84,-0.17,
2000-02-24,83.84840393066406,24.3799991607666,,,,,1.94,-0.16,
2000-02-25,83.54484558105469,25.200000762939453,,,,,1.99,-0.09,-0.186
2000-02-28,85.29739379882812,24.68000030517578,,,,,2.01,-0.1,
2000-02-29,86.11986541748047,23.3700008392334,,,,,1.91,-0.11,
2000-03-01,86.74646759033203,21.639999389648438,,,,,1.96,-0.13,
2000-03-02,86.80522155761719,21.059999465942383,,,,,1.95,-0.12,
2000-03-03,88.43048858642578,19.209999084472656,,,,,1.93,-0.11,-0.171
2000-03-06,87.56889343261719,21.5,,,,,1.91,-0.13,
2000-03-07,85.87508392333984,24.309999465942383,,,,,1.95,-0.09,
2000-03-08,85.76737213134766,23.81999969482422,,,,,1.98,-0.12,
2000-03-09,88.27384948730469,22.209999084472656,,,,,2.05,-0.13,
2000-03-10,87.80390167236328,21.239999771118164,,,,,2.09,-0.16,-0.151
2000-03-13,86.84436798095703,22.850000381469727,,,,,2.17,-0.16,
2000-03-14,85.61074829101562,24.40999984741211,,,,,2.15,-0.17,
2000-03-15,87.60802459716797,22.34000015258789,,,,,2.17,-0.21,
2000-03-16,91.70060729980469,20.770000457763672,,,,,2.16,-0.24,
2000-03-17,92.3066635131836,22.3700008392334,,,,,2.16,-0.3,-0.13
2000-03-20,91.83547973632812,22.959999084472656,,,,,2.14,-0.34,
2000-03-21,93.72016143798828,21.700000762939453,,,,,2.18,-0.37,
2000-03-22,94.28946685791016,21.489999771118164,,,,,2.2,-0.37,
2000-03-23,95.89922332763672,22.260000228881836,,,,,2.2,-0.44,
2000-03-24,96.46852111816406,23.309999465942383,,,,,2.13,-0.44,-0.108
2000-03-27,95.44768524169922,24.530000686645508,,,,,2.11,-0.45,
2000-03-28,94.89796447753906,24.860000610351562,,,,,2.16,-0.43,
2000-03-29,94.99622344970703,24.100000381469727,,,,,2.2,-0.41,
2000-03-30,93.4059829711914,25.469999313354492,,,,,2.3,-0.46,
2000-03-31,94.46614074707031,24.110000610351562,,,,,2.3,-0.47,-0.087
2000-04-03,95.01577758789062,24.030000686645508,,,,,2.3,-0.45,
2000-04-04,94.30907440185547,27.1200008392334,,,,,2.38,-0.45,
2000-04-05,93.72016143798828,28.40999984741211,,,,,2.45,-0.45,
2000-04-06,94.53488159179688,27.149999618530273,,,,,2.39,-0.45,
2000-04-07,95.13362884521484,24.389999389648438,,,,,2.4,-0.52,-0.07
2000-04-10,94.76062774658203,25.989999771118164,,,,,2.44,-0.51,
2000-04-11,94.48572540283203,27.25,,,,,2.45,-0.47,
2000-04-12,91.89445495605469,28.979999542236328,,,,,2.44,-0.43,
2000-04-13,90.61839294433594,29.399999618530273,,,,,2.45,-0.46,
2000-04-14,85.43572998046875,33.4900016784668,,,,,2.53,-0.42,-0.055
2000-04-17,88.41963195800781,28.950000762939453,,,,,2.5,-0.32,
2000-04-18,90.75580596923828,26.1200008392334,,,,,2.43,-0.28,
2000-04-19,89.91165161132812,27.020000457763672,,,,,2.42,-0.34,
2000-04-20,90.34355163574219,25.850000381469727,,,,,2.41,-0.39,
2000-04-24,89.36195373535156,27.3700008392334,,,,,2.42,-0.36,
2000-04-25,93.07230377197266,25.239999771118164,,,,,2.36,-0.34,
2000-04-26,92.02201843261719,26.969999313354492,,,,,2.37,-0.36,
2000-04-27,91.71774291992188,26.190000534057617,,,,,2.34,-0.4,
2000-04-28,91.14842224121094,26.200000762939453,,,,,2.34,-0.45,-0.026
2000-05-01,92.38518524169922,25.8799991607666,,,,,2.3,-0.44,
2000-05-02,90.53987121582031,28.5,,,,,2.32,-0.4,
2000-05-03,88.41963195800781,31.6299991607666,,,,,2.34,-0.33,
2000-05-04,89.08712005615234,30.770000457763672,,,,,2.38,-0.31,
2000-05-05,90.16685485839844,27.530000686645508,,,,,2.36,-0.33,-0.01
2000-05-08,89.48955535888672,28.200000762939453,,,,,2.35,-0.3,
2000-05-09,88.77301788330078,28.93000030517578,,,,,2.36,-0.33,
2000-05-10,86.77064514160156,29.8700008392334,,,,,2.41,-0.37,
2000-05-11,88.7533950805664,27.760000228881836,,,,,2.49,-0.39,
2000-05-12,89.71532440185547,26.049999237060547,,,,,2.52,-0.4,0.006
2000-05-15,91.26619720458984,24.860000610351562,,,,,2.52,-0.41,
2000-05-16,92.14965057373047,24.34000015258789,,,,,2.51,-0.46,
2000-05-17,91.187744140625,23.979999542236328,,,,,2.53,-0.42,
2000-05-18,90.06869506835938,23.959999084472656,,,,,2.52,-0.37,
2000-05-19,88.6552505493164,25.440000534057617,,,,,2.55,-0.35,0.021
2000-05-22,87.98779296875,26.0,,,,,2.57,-0.37,
2000-05-23,86.69210815429688,25.8700008392334,,,,,2.55,-0.38,
2000-05-24,88.10557556152344,24.31999969482422,,,,,2.52,-0.32,
2000-05-25,86.59391784667969,24.579999923706055,,,,,2.5,-0.32,
2000-05-26,86.69210815429688,24.469999313354492,,,,,2.51,-0.36,0.033
2000-05-30,89.51900482177734,23.6200008392334,,,,,2.49,-0.36,
2000-05-31,89.71532440185547,23.649999618530273,,,,,2.52,-0.4,
2000-06-01,91.28584289550781,22.360000610351562,,,,,2.51,-0.41,
2000-06-02,92.87600708007812,21.479999542236328,,,,,2.5,-0.37,0.04
2000-06-05,92.4244613647461,22.709999084472656,,,,,2.44,-0.37,
2000-06-06,92.01220703125,23.049999237060547,,,,,2.39,-0.37,
2000-06-07,92.6502456665039,22.479999542236328,,,,,2.36,-0.39,
2000-06-08,92.28706359863281,22.770000457763672,,,,,2.35,-0.43,
2000-06-09,92.09078216552734,22.139999389648438,,,,,2.34,-0.43,0.042
2000-06-12,91.01100158691406,22.31999969482422,,,,,2.35,-0.43,
2000-06-13,92.71892547607422,21.670000076293945,,,,,2.36,-0.38,
2000-06-14,92.87600708007812,21.479999542236328,,,,,2.35,-0.38,
2000-06-15,93.07230377197266,20.68000030517578,,,,,2.36,-0.39,
2000-06-16,92.30754852294922,20.5,,,,,2.37,-0.39,0.037
2000-06-19,93.48826599121094,20.6299991607666,,,,,2.38,-0.4,
2000-06-20,93.15367889404297,20.8799991607666,,,,,2.36,-0.4,
2000-06-21,93.1142807006836,20.610000610351562,,,,,2.35,-0.39,
2000-06-22,91.69754028320312,22.0,,,,,2.37,-0.38,
2000-06-23,90.91046142578125,22.34000015258789,,,,,2.34,-0.36,0.025
2000-06-26,92.08126068115234,22.450000762939453,,,,,2.41,-0.39,
2000-06-27,91.40239715576172,21.799999237060547,,,,,2.38,-0.4,
2000-06-28,91.65818786621094,20.290000915527344,,,,,2.4,-0.32,
2000-06-29,90.7923812866211,19.700000762939453,,,,,2.4,-0.33,
2000-06-30,91.4811019897461,19.540000915527344,,,,,2.4,-0.35,0.006
2000-07-03,92.74044036865234,19.829999923706055,,,,,2.41,-0.31,
2000-07-05,91.06787109375,21.15999984741211,,,,,2.4,-0.3,
2000-07-06,91.77625274658203,20.940000534057617,,,,,2.38,-0.29,
2000-07-07,93.25209045410156,19.219999313354492,,,,,2.37,-0.28,-0.019
2000-07-10,93.09467315673828,20.329999923706055,,,,,2.34,-0.27,
2000-07-11,93.29141998291016,20.110000610351562,,,,,2.33,-0.26,
2000-07-12,93.90144348144531,20.030000686645508,,,,,2.29,-0.25,
2000-07-13,94.31461334228516,20.030000686645508,,,,,2.3,-0.3,
2000-07-14,95.23950958251953,19.31999969482422,,,,,2.24,-0.31,-0.049
2000-07-17,95.08209991455078,19.450000762939453,,,,,2.22,-0.29,
2000-07-18,94.30480194091797,19.75,,,,,2.22,-0.28,
2000-07-19,93.54723358154297,19.649999618530273,,,,,2.24,-0.3,
2000-07-20,94.8459243774414,18.940000534057617,,,,,2.29,-0.31,
2000-07-21,92.99625396728516,18.940000534057617,,,,,2.27,-0.31,-0.08
2000-07-24,92.46498107910156,19.920000076293945,,,,,2.26,-0.31,
2000-07-25,92.76009368896484,19.389999389648438,,,,,2.26,-0.31,
2000-07-26,91.85493469238281,19.670000076293945,,,,,2.27,-0.25,
2000-07-27,91.54016876220703,19.600000381469727,,,,,2.24,-0.25,
2000-07-28,89.47395324707031,20.84000015258789,,,,,2.25,-0.26,-0.111
2000-07-31,90.04461669921875,20.739999771118164,,,,,2.27,-0.26,
2000-08-01,90.59559631347656,20.549999237060547,,,,,2.27,-0.27,
2000-08-02,91.04818725585938,20.0,,,,,2.3,-0.25,
2000-08-03,91.6778564453125,19.989999771118164,,,,,2.31,-0.27,
2000-08-04,92.1697769165039,18.6200008392334,,,,,2.33,-0.24,-0.14
2000-08-07,93.2717514038086,19.030000686645508,,,,,2.29,-0.23,
2000-08-08,93.62588500976562,18.790000915527344,,,,,2.31,-0.23,
2000-08-09,92.8388442993164,19.18000030517578,,,,,2.44,-0.37,
2000-08-10,92.3862533569336,19.190000534057617,,,,,2.47,-0.4,
2000-08-11,92.81914520263672,18.549999237060547,,,,,2.45,-0.46,-0.164
2000-08-14,93.99976348876953,17.8799991607666,,,,,2.45,-0.47,
2000-08-15,93.9211196899414,17.979999542236328,,,,,2.43,-0.47,
2000-08-16,93.58660125732422,18.020000457763672,,,,,2.42,-0.47,
2000-08-17,94.57046508789062,17.479999542236328,,,,,2.46,-0.49,
2000-08-18,94.25560760498047,17.049999237060547,,,,,2.46,-0.49,-0.183
2000-08-21,94.7672119140625,17.350000381469727,,,,,2.47,-0.49,
2000-08-22,94.60982513427734,17.469999313354492,,,,,2.51,-0.49,
2000-08-23,94.98370361328125,17.3799991607666,,,,,2.53,-0.47,
2000-08-24,95.27884674072266,17.040000915527344,,,,,2.49,-0.46,
2000-08-25,95.23950958251953,16.530000686645508,,,,,2.5,-0.46,-0.196
2000-08-28,95.56412506103516,16.540000915527344,,,,,2.49,-0.45,
2000-08-29,95.58383178710938,16.889999389648438,,,,,2.49,-0.45,
2000-08-30,94.66886901855469,17.690000534057617,,,,,2.49,-0.43,
2000-08-31,95.92823791503906,16.84000015258789,,,,,2.51,-0.45,
2000-09-01,96.02659606933594,17.530000686645508,,,,,2.54,-0.41,-0.203
2000-09-05,95.25920104980469,19.81999969482422,,,,,2.53,-0.4,
2000-09-06,94.17692565917969,20.790000915527344,,,,,2.54,-0.39,
2000-09-07,94.98370361328125,19.420000076293945,,,,,2.51,-0.38,
2000-09-08,94.3343734741211,18.459999084472656,,,,,2.52,-0.38,-0.205
2000-09-11,94.19658660888672,18.399999618530273,,,,,2.52,-0.35,
2000-09-12,93.50794219970703,18.59000015258789,,,,,2.56,-0.34,
2000-09-13,93.75384521484375,18.31999969482422,,,,,2.58,-0.35,
2000-09-14,94.22613525390625,18.260000228881836,,,,,2.58,-0.32,
2000-09-15,92.16463470458984,18.520000457763672,,,,,2.6,-0.23,-0.203
2000-09-18,91.31632995605469,20.25,,,,,2.61,-0.16,
2000-09-19,92.14491271972656,19.540000915527344,,,,,2.57,-0.19,
2000-09-20,91.46435546875,19.93000030517578,,,,,2.55,-0.2,
2000-09-21,90.07356262207031,20.18000030517578,,,,,2.55,-0.23,
2000-09-22,91.71092987060547,20.739999771118164,,,,,2.55,-0.24,-0.199
2000-09-25,91.0599594116211,21.40999984741211,,,,,2.53,-0.27,
2000-09-26,89.89603424072266,21.8799991607666,,,,,2.52,-0.26,
2000-09-27,90.36949157714844,21.670000076293945,,,,,2.54,-0.17,
2000-09-28,91.53335571289062,19.469999313354492,,,,,2.5,-0.2,
2000-09-29,90.6653823852539,20.56999969482422,,,,,2.54,-0.18,-0.193
2000-10-02,90.8034896850586,21.229999542236328,,,,,2.58,-0.15,
2000-10-03,89.9552230834961,21.850000381469727,,,,,2.54,-0.13,
2000-10-04,90.704833984375,21.540000915527344,,,,,2.51,-0.13,
2000-10-05,91.02047729492188,21.030000686645508,,,,,2.52,-0.15,
2000-10-06,89.0477523803711,22.709999084472656,,,,,2.53,-0.16,-0.186
2000-10-09,88.37704467773438,24.020000457763672,,,,,,,
2000-10-10,86.91725158691406,24.860000610351562,,,,,2.54,-0.18,
2000-10-11,86.18738555908203,26.56999969482422,,,,,2.61,-0.16,
2000-10-12,84.03712463378906,30.510000228881836,,,,,2.64,-0.13,
2000-10-13,86.83834075927734,27.600000381469727,,,,,2.64,-0.11,-0.178
2000-10-16,87.2328872680664,26.790000915527344,,,,,2.63,-0.15,
2000-10-17,85.06290435791016,27.84000015258789,,,,,2.64,-0.15,
2000-10-18,84.74732208251953,28.719999313354492,,,,,2.68,-0.16,
2000-10-19,87.94306945800781,25.09000015258789,,,,,2.66,-0.2,
2000-10-20,88.31785583496094,24.239999771118164,,,,,2.65,-0.2,-0.171
2000-10-23,88.7124252319336,24.690000534057617,,,,,2.68,-0.23,
2000-10-24,88.12061309814453,24.280000686645508,,,,,2.66,-0.23,
2000-10-25,86.04925537109375,26.649999618530273,,,,,2.65,-0.2,
2000-10-26,86.28600311279297,28.6200008392334,,,,,2.6,-0.21,
2000-10-27,87.92330169677734,26.469999313354492,,,,,2.58,-0.22,-0.164
2000-10-30,88.7124252319336,25.459999084472656,,,,,2.56,-0.23,
2000-10-31,90.24125671386719,23.6299991607666,,,,,2.56,-0.17,
2000-11-01,89.93547058105469,24.280000686645508,,,,,2.57,-0.14,
2000-11-02,90.08340454101562,23.920000076293945,,,,,2.54,-0.13,
2000-11-03,90.13274383544922,23.670000076293945,,,,,2.52,-0.11,-0.153
2000-11-06,90.7640380859375,24.520000457763672,,,,,2.5,-0.12,
2000-11-07,90.74430847167969,24.90999984741211,,,,,2.5,-0.12,
2000-11-08,88.73216247558594,25.65999984741211,,,,,2.48,-0.12,
2000-11-09,88.39677429199219,27.200000762939453,,,,,2.5,-0.12,
2000-11-10,86.24655151367188,28.530000686645508,,,,,2.5,-0.1,-0.139
2000-11-13,85.57581329345703,29.059999465942383,,,,,2.52,-0.13,
2000-11-14,87.82469940185547,26.809999465942383,,,,,2.52,-0.16,
2000-11-15,88.10088348388672,26.149999618530273,,,,,2.52,-0.18,
2000-11-16,86.72000122070312,25.049999237060547,,,,,2.54,-0.19,
2000-11-17,86.25642395019531,24.809999465942383,,,,,2.58,-0.17,-0.121
2000-11-20,85.0234375,27.43000030517578,,,,,2.61,-0.19,
2000-11-21,85.45746612548828,26.6200008392334,,,,,2.64,-0.19,
2000-11-22,83.41567993164062,27.709999084472656,,,,,2.61,-0.23,
2000-11-24,85.12210083007812,26.0,,,,,2.63,-0.23,-0.099
2000-11-27,85.87174987792969,26.93000030517578,,,,,2.65,-0.22,
2000-11-28,84.3922119140625,27.639999389648438,,,,,2.6,-0.2,
2000-11-29,84.2343521118164,27.489999771118164,,,,,2.63,-0.14,
2000-11-30,83.50447845458984,29.649999618530273,,,,,2.64,-0.13,
2000-12-01,83.46501922607422,27.479999542236328,,,,,2.66,-0.1,-0.078
2000-12-04,84.17521667480469,27.780000686645508,,,,,2.66,-0.06,
2000-12-05,86.93695831298828,24.989999771118164,,,,,2.69,-0.06,
2000-12-06,85.54621887207031,25.06999969482422,,,,,2.73,-0.1,
2000-12-07,84.37246704101562,25.34000015258789,,,,,2.72,-0.13,
2000-12-08,84.56974029541016,22.40999984741211,,,,,2.74,-0.15,-0.062
2000-12-11,87.50907897949219,23.510000228881836,,,,,2.71,-0.15,
2000-12-12,87.13422393798828,24.8799991607666,,,,,2.72,-0.18,
2000-12-13,85.9407958984375,23.6299991607666,,,,,2.74,-0.16,
2000-12-14,84.84591674804688,24.860000610351562,,,,,2.77,-0.2,
2000-12-15,82.92951965332031,26.549999237060547,,,,,2.77,-0.18,-0.056
2000-12-18,84.0376205444336,27.700000762939453,,,,,2.81,-0.16,
2000-12-19,82.32603454589844,27.170000076293945,,,,,2.81,-0.16,
2000-12-20,79.9416275024414,31.739999771118164,,,,,2.87,-0.16,
2000-12-21,80.49567413330078,29.65999984741211,,,,,2.89,-0.11,
2000-12-22,82.90973663330078,27.549999237060547,,,,,2.9,-0.08,-0.061
2000-12-26,83.80021667480469,28.729999542236328,,,,,2.89,-0.06,
2000-12-27,84.41358184814453,28.139999389648438,,,,,2.86,0.01,
2000-12-28,84.67084503173828,26.56999969482422,,,,,2.83,-0.05,
2000-12-29,83.06806945800781,26.850000381469727,,,,,2.88,0.01,-0.081
2001-01-02,81.56421661376953,29.989999771118164,,,,,2.99,0.05,
2001-01-03,85.48213195800781,26.600000381469727,,,,,2.83,0.22,
2001-01-04,84.56202697753906,26.969999313354492,,,,,2.91,0.26,
2001-01-05,81.8016128540039,28.670000076293945,,,,,2.99,0.37,-0.111
2001-01-08,82.43482208251953,29.84000015258789,,,,,2.94,0.4,
2001-01-09,82.21717834472656,27.989999771118164,,,,,2.92,0.34,
2001-01-10,83.66168975830078,26.799999237060547,,,,,2.83,0.34,
2001-01-11,83.74081420898438,25.790000915527344,,,,,2.85,0.37,
2001-01-12,83.58251190185547,24.559999465942383,,,,,2.8,0.35,-0.146
2001-01-16,84.11676025390625,25.280000686645508,,,,,2.73,0.35,
2001-01-17,84.5026626586914,24.93000030517578,,,,,2.72,0.35,
2001-01-18,85.34359741210938,23.3700008392334,,,,,2.72,0.4,
2001-01-19,84.85880279541016,23.239999771118164,,,,,2.7,0.44,-0.183
2001-01-22,85.42276763916016,23.25,,,,,2.71,0.5,
2001-01-23,86.09552001953125,21.56999969482422,,,,,2.67,0.48,
2001-01-24,86.35279846191406,22.030000686645508,,,,,2.61,0.52,
2001-01-25,86.13514709472656,22.639999389648438,,,,,2.63,0.51,
2001-01-26,86.03619384765625,22.56999969482422,,,,,2.65,0.51,-0.217
2001-01-29,86.4952621459961,22.610000610351562,,,,,2.65,0.55,
2001-01-30,87.25509643554688,22.56999969482422,,,,,2.65,0.54,
2001-01-31,86.76117706298828,22.020000457763672,,,,,2.62,0.57,
2001-02-01,87.33740234375,21.65999984741211,,,,,2.63,0.55,
2001-02-02,85.35548400878906,21.950000762939453,,,,,2.63,0.52,-0.244
2001-02-05,85.98233795166016,22.190000534057617,,,,,2.59,0.5,
2001-02-06,85.72906494140625,21.979999542236328,,,,,2.58,0.5,
2001-02-07,85.28582763671875,21.670000076293945,,,,,2.77,0.4,
2001-02-08,84.29170989990234,21.459999084472656,,,,,2.78,0.37,
2001-02-09,83.481201171875,22.030000686645508,,,,,2.79,0.36,-0.263
2001-02-12,84.43733978271484,21.920000076293945,,,,,2.82,0.38,
2001-02-13,83.74713897705078,21.3700008392334,,,,,2.82,0.32,
2001-02-14,83.62051391601562,21.520000457763672,,,,,2.77,0.29,
2001-02-15,84.43099212646484,20.270000457763672,,,,,2.77,0.3,
2001-02-16,82.56939697265625,22.1200008392334,,,,,2.81,0.36,-0.272
2001-02-20,81.29662322998047,24.690000534057617,,,,,2.81,0.38,
2001-02-21,79.54270935058594,25.75,,,,,2.82,0.46,
2001-02-22,79.66300201416016,26.760000228881836,,,,,2.84,0.52,
2001-02-23,79.12476348876953,27.209999084472656,,,,,2.86,0.57,-0.272
2001-02-26,80.80912780761719,25.43000030517578,,,,,2.89,0.59,
2001-02-27,80.06193542480469,26.489999771118164,,,,,2.86,0.52,
2001-02-28,78.4852523803711,28.350000381469727,,,,,2.88,0.51,
2001-03-01,78.8968276977539,28.079999923706055,,,,,2.88,0.46,
2001-03-02,78.26998901367188,27.43000030517578,,,,,2.87,0.47,-0.266
2001-03-05,78.9854736328125,27.1200008392334,,,,,2.83,0.49,
2001-03-06,79.8339614868164,25.889999389648438,,,,,2.85,0.5,
2001-03-07,80.40383911132812,24.1200008392334,,,,,2.85,0.49,
2001-03-08,80.49250030517578,24.290000915527344,,,,,2.87,0.46,
2001-03-09,78.11168670654297,25.6200008392334,,,,,2.82,0.48,-0.257
2001-03-12,74.76836395263672,30.31999969482422,,,,,2.86,0.46,
2001-03-13,75.99676513671875,27.549999237060547,,,,,2.85,0.49,
2001-03-14,74.49609375,29.610000610351562,,,,,2.98,0.52,
2001-03-15,74.51509094238281,28.559999465942383,,,,,3.03,0.59,
2001-03-16,73.0205307006836,29.90999984741211,,,,,3.03,0.52,-0.248
2001-03-19,74.50617218017578,29.780000686645508,,,,,3.02,0.5,
2001-03-20,72.5062026977539,30.959999084472656,,,,,3.06,0.54,
2001-03-21,71.27452087402344,31.93000030517578,,,,,3.06,0.56,
2001-03-22,70.55074310302734,32.84000015258789,,,,,3.07,0.56,
2001-03-23,72.68403625488281,30.450000762939453,,,,,3.04,0.56,-0.243
2001-03-26,73.61099243164062,29.040000915527344,,,,,3.05,0.58,
2001-03-27,75.11571502685547,27.040000915527344,,,,,2.98,0.59,
2001-03-28,73.0395736694336,28.579999923706055,,,,,3.03,0.67,
2001-03-29,73.31890106201172,29.170000076293945,,,,,3.02,0.71,
2001-03-30,74.08716583251953,28.639999389648438,,,,,3.04,0.75,-0.247
2001-04-02,72.5062026977539,31.209999084472656,,,,,3.0,0.76,
2001-04-03,70.0872573852539,34.720001220703125,,,,,3.03,0.79,
2001-04-04,70.37934112548828,34.06999969482422,,,,,3.04,0.82,
2001-04-05,73.04593658447266,29.940000534057617,,,,,3.03,0.79,
2001-04-06,71.9348373413086,31.690000534057617,,,,,3.06,0.82,-0.256
2001-04-09,72.73480224609375,31.90999984741211,,,,,3.04,0.83,
2001-04-10,74.0617446899414,29.440000534057617,,,,,2.99,0.85,
2001-04-11,74.1125259399414,28.459999084472656,,,,,2.96,0.83,
2001-04-12,75.45854187011719,26.1200008392334,,,,,2.92,0.81,
2001-04-16,74.66493225097656,26.329999923706055,,,,,2.9,0.79,
2001-04-17,75.71887969970703,25.610000610351562,,,,,2.93,0.8,
2001-04-18,78.72830200195312,24.1299991607666,,,,,2.95,0.88,
2001-04-19,79.77592468261719,24.15999984741211,,,,,2.91,0.98,
2001-04-20,79.0457763671875,25.3799991607666,,,,,2.87,1.03,-0.3
2001-04-23,77.61090850830078,28.15999984741211,,,,,2.9,1.05,
2001-04-24,77.19184112548828,28.489999771118164,,,,,2.85,1.06,
2001-04-25,78.20132446289062,27.399999618530273,,,,,2.85,1.08,
2001-04-26,78.55056762695312,25.959999084472656,,,,,2.83,1.06,
2001-04-27,79.8584213256836,24.020000457763672,,,,,2.76,1.06,-0.328
2001-04-30,80.41718292236328,25.479999542236328,,,,,2.73,1.05,
2001-05-01,80.66480255126953,24.200000762939453,,,,,2.75,1.07,
2001-05-02,80.51875305175781,24.229999542236328,,,,,2.7,1.04,
2001-05-03,79.49653625488281,25.780000686645508,,,,,2.7,1.0,
2001-05-04,80.848876953125,23.90999984741211,,,,,2.73,1.07,-0.356
2001-05-07,80.1505355834961,24.860000610351562,,,,,2.75,1.09,
2001-05-08,80.11241149902344,24.440000534057617,,,,,2.76,1.14,
2001-05-09,79.77592468261719,24.350000381469727,,,,,2.76,1.13,
2001-05-10,80.01081085205078,24.0,,,,,2.74,1.14,
2001-05-11,79.45848846435547,23.540000915527344,,,,,2.67,1.15,-0.382
2001-05-14,79.6171875,24.260000228881836,,,,,2.68,1.17,
2001-05-15,79.9854736328125,23.709999084472656,,,,,2.69,1.22,
2001-05-16,81.87110137939453,21.889999389648438,,,,,2.66,1.23,
2001-05-17,81.99811553955078,21.469999313354492,,,,,2.61,1.13,
2001-05-18,82.37268829345703,21.229999542236328,,,,,2.62,1.04,-0.403
2001-05-21,83.58533477783203,20.760000228881836,,,,,2.61,1.04,
2001-05-22,83.4774169921875,21.350000381469727,,,,,2.63,1.08,
2001-05-23,82.06157684326172,22.079999923706055,,,,,2.69,1.12,
2001-05-24,82.30281829833984,20.56999969482422,,,,,2.65,1.2,
2001-05-25,81.33145141601562,20.600000381469727,,,,,2.65,1.21,-0.419
2001-05-29,80.68384552001953,22.139999389648438,,,,,2.64,1.21,
2001-05-30,79.5537109375,22.760000228881836,,,,,2.63,1.2,
2001-05-31,79.96641540527344,22.639999389648438,,,,,2.65,1.21,
2001-06-01,80.46161651611328,21.59000015258789,,,,,2.63,1.17,-0.431
2001-06-04,80.848876953125,21.3799991607666,,,,,2.65,1.16,
2001-06-05,81.7759017944336,19.579999923706055,,,,,2.66,1.17,
2001-06-06,81.09652709960938,20.389999389648438,,,,,2.69,1.15,
2001-06-07,81.38858032226562,19.670000076293945,,,,,2.68,1.19,
2001-06-08,80.63302612304688,19.920000076293945,,,,,2.65,1.21,-0.439
2001-06-11,80.06161499023438,20.700000762939453,,,,,2.66,1.21,
2001-06-12,79.92193603515625,20.700000762939453,,,,,2.68,1.18,
2001-06-13,79.23625946044922,21.450000762939453,,,,,2.67,1.2,
2001-06-14,77.45853424072266,23.1200008392334,,,,,2.67,1.22,
2001-06-15,77.58331298828125,22.809999465942383,,,,,2.71,1.26,-0.445
2001-06-18,77.2076644897461,23.170000076293945,,,,,2.73,1.29,
2001-06-19,77.54508209228516,22.34000015258789,,,,,2.73,1.27,
2001-06-20,77.9526138305664,21.709999084472656,,,,,2.74,1.26,
2001-06-21,78.8376235961914,19.3799991607666,,,,,2.74,1.23,
2001-06-22,78.22002410888672,20.020000457763672,,,,,2.75,1.21,-0.451
2001-06-25,77.50054168701172,20.670000076293945,,,,,2.75,1.2,
2001-06-26,77.39229583740234,21.200000762939453,,,,,2.72,1.21,
2001-06-27,77.34771728515625,20.8799991607666,,,,,2.68,1.2,
2001-06-28,77.77435302734375,20.010000228881836,,,,,2.66,1.13,
2001-06-29,78.06083679199219,19.059999465942383,,,,,2.65,1.17,-0.459
2001-07-02,79.0350341796875,18.760000228881836,,,,,2.67,1.16,
2001-07-03,79.0158920288086,18.920000076293945,,,,,2.67,1.17,
2001-07-05,77.47508239746094,20.09000015258789,,,,,2.67,1.2,
2001-07-06,75.8005142211914,21.6299991607666,,,,,2.69,1.25,-0.468
2001-07-09,76.21438598632812,22.479999542236328,,,,,2.69,1.22,
2001-07-10,75.29752349853516,23.25,,,,,2.71,1.24,
2001-07-11,75.3738784790039,24.010000228881836,,,,,2.74,1.24,
2001-07-12,77.16309356689453,22.09000015258789,,,,,2.74,1.2,
2001-07-13,77.83161926269531,21.139999389648438,,,,,2.71,1.15,-0.479
2001-07-16,76.85743713378906,22.90999984741211,,,,,2.74,1.14,
2001-07-17,77.576904296875,22.610000610351562,,,,,2.73,1.13,
2001-07-18,77.0484619140625,23.600000381469727,,,,,2.78,1.16,
2001-07-19,77.723388671875,22.510000228881836,,,,,2.78,1.15,
2001-07-20,77.25859832763672,22.34000015258789,,,,,2.77,1.17,-0.489
2001-07-23,75.73684692382812,23.739999771118164,,,,,2.77,1.15,
2001-07-24,75.00462341308594,25.239999771118164,,,,,2.74,1.16,
2001-07-25,75.83231353759766,24.0,,,,,2.74,1.22,
2001-07-26,76.62824249267578,23.010000228881836,,,,,2.76,1.25,
2001-07-27,76.92115020751953,22.0,,,,,2.77,1.26,-0.499
2001-07-30,76.94660186767578,22.690000534057617,,,,,2.76,1.25,
2001-07-31,77.26494598388672,21.6200008392334,,,,,2.78,1.28,
2001-08-01,77.74882507324219,20.559999465942383,,,,,2.76,1.28,
2001-08-02,78.06720733642578,20.09000015258789,,,,,2.74,1.28,
2001-08-03,77.64061737060547,19.889999389648438,,,,,2.72,1.29,-0.503
2001-08-06,76.59640502929688,21.889999389648438,,,,,2.75,1.31,
2001-08-07,76.8956298828125,21.010000228881836,,,,,2.74,1.3,
2001-08-08,75.46942138671875,22.31999969482422,,,,,2.88,1.22,
2001-08-09,75.6922836303711,21.75,,,,,2.84,1.27,
2001-08-10,75.95332336425781,20.549999237060547,,,,,2.87,1.26,-0.498
2001-08-13,75.97242736816406,20.420000076293945,,,,,2.89,1.27,
2001-08-14,75.9405746459961,20.479999542236328,,,,,2.89,1.23,
2001-08-15,75.28475952148438,20.90999984741211,,,,,2.86,1.2,
2001-08-16,75.54582977294922,21.540000915527344,,,,,2.89,1.2,
2001-08-17,74.3360824584961,23.84000015258789,,,,,2.97,1.17,-0.484
2001-08-20,75.02372741699219,22.8700008392334,,,,,2.93,1.17,
2001-08-21,73.74396514892578,24.399999618530273,,,,,2.98,1.18,
2001-08-22,74.50796508789062,22.440000534057617,,,,,2.94,1.15,
2001-08-23,74.2405776977539,22.229999542236328,,,,,2.92,1.17,
2001-08-24,75.78142547607422,19.709999084472656,,,,,2.91,1.17,-0.46
2001-08-27,75.3293685913086,20.559999465942383,,,,,2.91,1.16,
2001-08-28,74.22785949707031,22.0,,,,,2.95,1.14,
2001-08-29,73.5656509399414,23.030000686645508,,,,,2.97,1.11,
2001-08-30,72.15216827392578,25.40999984741211,,,,,2.97,1.18,
2001-08-31,72.68060302734375,24.920000076293945,,,,,2.9,1.21,-0.429
2001-09-04,72.2158203125,25.850000381469727,,,,,2.88,1.16,
2001-09-05,72.39409637451172,26.350000381469727,,,,,2.9,1.18,
2001-09-06,70.528564453125,28.610000610351562,,,,,2.94,1.21,
2001-09-07,69.22328186035156,30.989999771118164,,,,,2.99,1.27,-0.395
2001-09-10,70.07015991210938,31.84000015258789,,,,,2.99,1.31,
2001-09-17,66.40901947021484,41.7599983215332,,,,,3.45,1.67,
2001-09-18,66.2498779296875,38.869998931884766,,,,,3.48,1.76,
2001-09-19,64.9127197265625,40.560001373291016,,,,,3.52,1.88,
2001-09-20,62.84976577758789,43.7400016784668,,,,,3.52,1.84,
2001-09-21,62.17173385620117,42.65999984741211,,,,,3.53,1.79,-0.341
2001-09-24,64.35742950439453,37.75,,,,,3.48,1.79,
2001-09-25,65.02848052978516,35.810001373291016,,,,,3.48,1.84,
2001-09-26,64.79840850830078,35.2599983215332,,,,,3.46,1.83,
2001-09-27,65.36087036132812,34.0,,,,,3.47,1.8,
2001-09-28,66.74767303466797,31.93000030517578,,,,,3.42,1.74,-0.334
2001-10-01,66.63904571533203,32.31999969482422,,,,,3.44,1.73,
2001-10-02,67.47624969482422,31.18000030517578,,,,,3.42,1.76,
2001-10-03,68.60746002197266,31.34000015258789,,,,,3.43,1.73,
2001-10-04,68.66496276855469,31.969999313354492,,,,,3.38,1.78,
2001-10-05,68.5307846069336,33.38999938964844,,,,,3.4,1.81,-0.336
2001-10-08,68.08341979980469,35.119998931884766,,,,,,,
2001-10-09,67.7191390991211,34.83000183105469,,,,,3.36,1.88,
2001-10-10,69.2273941040039,31.600000381469727,,,,,3.34,1.83,
2001-10-11,70.30107116699219,31.5,,,,,3.3,1.81,
2001-10-12,69.98152160644531,35.27000045776367,,,,,3.33,1.87,-0.347
2001-10-15,69.85367584228516,35.310001373291016,,,,,3.34,1.84,
2001-10-16,70.29469299316406,32.880001068115234,,,,,3.33,1.82,
2001-10-17,68.7991943359375,35.08000183105469,,,,,3.31,1.79,
2001-10-18,68.65220642089844,34.95000076293945,,,,,3.31,1.81,
2001-10-19,68.60746002197266,34.11000061035156,,,,,3.29,1.86,-0.363
2001-10-22,69.96235656738281,32.25,,,,,3.28,1.84,
2001-10-23,69.60445404052734,32.0,,,,,3.28,1.85,
2001-10-24,69.41911315917969,30.950000762939453,,,,,3.28,1.89,
2001-10-25,70.66535949707031,29.459999084472656,,,,,3.3,1.93,
2001-10-26,70.50557708740234,28.420000076293945,,,,,3.31,1.9,-0.379
2001-10-29,68.6713638305664,31.639999389648438,,,,,3.32,1.95,
2001-10-30,67.84691619873047,33.459999084472656,,,,,3.35,1.96,
2001-10-31,67.6168441772461,33.560001373291016,,,,,3.38,1.86,
2001-11-01,69.34883117675781,32.310001373291016,,,,,3.37,1.75,
2001-11-02,69.82173156738281,30.709999084472656,,,,,3.37,1.89,-0.39
2001-11-05,70.73567199707031,30.5,,,,,3.34,1.85,
2001-11-06,71.83488464355469,28.799999237060547,,,,,3.36,1.93,
2001-11-07,71.73904418945312,29.1299991607666,,,,,3.35,1.9,
2001-11-08,71.9627456665039,28.6200008392334,,,,,3.28,1.9,
2001-11-09,72.03944396972656,27.440000534057617,,,,,3.27,1.89,-0.395
2001-11-12,71.59844970703125,29.350000381469727,,,,,,,
2001-11-13,73.20899200439453,26.469999313354492,,,,,3.24,1.87,
2001-11-14,73.27928161621094,26.559999465942383,,,,,3.19,1.84,
2001-11-15,73.41349792480469,25.559999465942383,,,,,3.1,1.81,
2001-11-16,73.08758544921875,25.06999969482422,,,,,3.07,1.82,-0.393
2001-11-19,73.98869323730469,24.459999084472656,,,,,3.08,1.88,
2001-11-20,73.36878204345703,24.1200008392334,,,,,3.08,1.92,
2001-11-21,72.8830337524414,24.190000534057617,,,,,3.01,1.87,
2001-11-23,73.93119049072266,23.25,,,,,2.97,1.84,-0.383
2001-11-26,74.0909423828125,23.790000915527344,,,,,2.96,1.83,
2001-11-27,73.7713851928711,24.0,,,,,3.01,1.87,
2001-11-28,72.43563842773438,25.899999618530273,,,,,3.01,1.86,
2001-11-29,73.41349792480469,25.18000030517578,,,,,3.07,1.92,
2001-11-30,72.88944244384766,23.84000015258789,,,,,3.1,1.94,-0.369
2001-12-03,72.45481872558594,25.770000457763672,,,,,3.14,1.93,
2001-12-04,73.68190002441406,24.079999923706055,,,,,3.15,1.89,
2001-12-05,75.0304183959961,23.020000457763672,,,,,3.07,1.85,
2001-12-06,74.99208068847656,23.709999084472656,,,,,3.03,1.85,
2001-12-07,74.4935531616211,23.489999771118164,,,,,2.96,2.01,-0.356
2001-12-10,73.100341796875,25.6200008392334,,,,,3.0,2.07,
2001-12-11,72.95332336425781,25.299999237060547,,,,,3.01,2.1,
2001-12-12,73.03640747070312,24.8700008392334,,,,,3.04,2.05,
2001-12-13,71.61763763427734,25.90999984741211,,,,,2.98,2.04,
2001-12-14,72.30145263671875,24.6299991607666,,,,,2.91,2.04,-0.35
2001-12-17,73.0492172241211,24.260000228881836,,,,,2.97,2.05,
2001-12-18,73.48380279541016,23.290000915527344,,,,,2.94,2.03,
2001-12-19,74.00146484375,22.579999923706055,,,,,2.94,1.97,
2001-12-20,73.27288055419922,23.670000076293945,,,,,2.92,1.93,
2001-12-21,73.7173080444336,22.5,,,,,2.87,1.95,-0.352
2001-12-24,73.57621002197266,22.6200008392334,,,,,,1.96,
2001-12-26,73.98025512695312,22.290000915527344,,,,,2.82,1.96,
2001-12-27,74.42914581298828,21.59000015258789,,,,,2.88,1.94,
2001-12-28,74.39069366455078,21.399999618530273,,,,,2.87,1.99,-0.365
2001-12-31,73.30049133300781,23.799999237060547,,,,,2.85,2.0,
2002-01-02,74.08927154541016,22.709999084472656,,,,,2.82,1.98,
2002-01-03,74.92933654785156,21.34000015258789,,,,,2.82,1.97,
2002-01-04,75.42958068847656,20.450000762939453,,,,,2.78,1.99,-0.386
2002-01-07,74.8973159790039,21.940000534057617,,,,,2.8,2.01,
2002-01-08,74.72415161132812,21.829999923706055,,,,,2.8,2.03,
2002-01-09,74.11492919921875,22.1299991607666,,,,,2.78,2.07,
2002-01-10,74.44196319580078,22.360000610351562,,,,,2.82,2.06,
2002-01-11,73.71090698242188,22.600000381469727,,,,,2.86,2.16,-0.412
2002-01-14,73.2491683959961,23.579999923706055,,,,,2.88,2.12,
2002-01-15,73.84556579589844,22.700000762939453,,,,,2.86,2.09,
2002-01-16,72.35131072998047,23.450000762939453,,,,,2.87,2.04,
2002-01-17,72.89640808105469,22.25,,,,,2.82,2.02,
2002-01-18,72.56295776367188,22.520000457763672,,,,,2.86,2.03,-0.438
2002-01-22,72.062744140625,23.610000610351562,,,,,2.85,1.99,
2002-01-23,72.61428833007812,21.8799991607666,,,,,2.87,1.98,
2002-01-24,72.8387222290039,21.149999618530273,,,,,2.85,1.92,
2002-01-25,72.81950378417969,21.010000228881836,,,,,2.81,1.93,-0.46
2002-01-28,73.0182876586914,21.139999389648438,,,,,2.78,1.93,
2002-01-29,70.7224349975586,24.350000381469727,,,,,2.84,1.97,
2002-01-30,71.74210357666016,23.219999313354492,,,,,2.89,1.96,
2002-01-31,72.58223724365234,21.09000015258789,,,,,2.85,1.91,
2002-02-01,72.24234008789062,21.1200008392334,,,,,2.86,1.94,-0.476
2002-02-04,70.44670104980469,24.8700008392334,,,,,2.93,1.95,
2002-02-05,70.01063537597656,25.450000762939453,,,,,2.98,1.93,
2002-02-06,69.70915985107422,26.09000015258789,,,,,3.01,1.94,
2002-02-07,69.2730941772461,25.110000610351562,,,,,3.05,1.94,
2002-02-08,70.6005630493164,23.260000228881836,,,,,3.03,1.95,-0.485
2002-02-11,71.46634674072266,21.780000686645508,,,,,3.02,1.96,
2002-02-12,71.24189758300781,21.6200008392334,,,,,2.99,1.93,
2002-02-13,71.99859619140625,20.850000381469727,,,,,2.93,1.92,
2002-02-14,71.86394500732422,21.770000457763672,,,,,2.95,1.88,
2002-02-15,71.11363983154297,22.3700008392334,,,,,2.98,1.89,-0.49
2002-02-19,69.74769592285156,24.43000030517578,,,,,2.99,1.9,
2002-02-20,70.92124938964844,22.65999984741211,,,,,3.01,1.88,
2002-02-21,69.45268249511719,23.799999237060547,,,,,2.97,1.88,
2002-02-22,70.31201171875,22.860000610351562,,,,,2.98,1.87,-0.49
2002-02-25,71.4727554321289,21.84000015258789,,,,,2.98,1.85,
2002-02-26,71.32530212402344,21.68000030517578,,,,,2.96,1.85,
2002-02-27,71.60102081298828,21.489999771118164,,,,,3.0,1.75,
2002-02-28,71.28034973144531,21.59000015258789,,,,,2.98,1.82,
2002-03-01,72.94133758544922,19.959999084472656,,,,,2.97,1.8,-0.489
2002-03-04,74.2303695678711,20.5,,,,,2.94,1.78,
2002-03-05,73.99307250976562,20.299999237060547,,,,,2.9,1.77,
2002-03-06,74.87162780761719,19.940000534057617,,,,,2.91,1.8,
2002-03-07,74.7113265991211,20.040000915527344,,,,,2.83,1.86,
2002-03-08,75.02558898925781,19.270000457763672,,,,,2.79,1.73,-0.488
2002-03-11,75.18585968017578,19.84000015258789,,,,,2.78,1.74,
2002-03-12,75.14099884033203,19.59000015258789,,,,,2.78,1.76,
2002-03-13,74.41629028320312,19.459999084472656,,,,,2.82,1.79,
2002-03-14,74.313720703125,19.200000762939453,,,,,2.79,1.77,
2002-03-15,75.02181243896484,18.420000076293945,,,,,2.81,1.72,-0.488
2002-03-18,75.03467559814453,18.93000030517578,,,,,2.8,1.65,
2002-03-19,75.53630828857422,18.15999984741211,,,,,2.83,1.69,
2002-03-20,74.11500549316406,18.459999084472656,,,,,2.81,1.69,
2002-03-21,74.14714813232422,18.149999618530273,,,,,2.78,1.66,
2002-03-22,73.98633575439453,17.770000457763672,,,,,2.78,1.63,-0.492
2002-03-25,73.066650390625,18.479999542236328,,,,,2.74,1.63,
2002-03-26,73.49113464355469,18.1299991607666,,,,,2.76,1.67,
2002-03-27,73.68408203125,17.700000762939453,,,,,2.81,1.69,
2002-03-28,73.65193176269531,17.399999618530273,,,,,2.81,1.7,
2002-04-01,73.68408203125,18.729999542236328,,,,,2.78,1.7,
2002-04-02,73.27890014648438,19.15999984741211,,,,,2.81,1.73,
2002-04-03,72.76443481445312,20.200000762939453,,,,,2.83,1.75,
2002-04-04,72.4621353149414,19.780000686645508,,,,,2.84,1.71,
2002-04-05,72.47499084472656,19.1299991607666,,,,,2.85,1.73,-0.514
2002-04-08,72.62934875488281,19.610000610351562,,,,,2.85,1.74,
2002-04-09,72.12127685546875,19.469999313354492,,,,,2.85,1.74,
2002-04-10,72.93801879882812,18.190000534057617,,,,,2.84,1.76,
2002-04-11,71.12437438964844,20.299999237060547,,,,,2.83,1.75,
2002-04-12,71.658203125,19.420000076293945,,,,,2.86,1.77,-0.533
2002-04-15,71.11153411865234,19.81999969482422,,,,,2.84,1.77,
2002-04-16,72.8030014038086,18.110000610351562,,,,,2.81,1.77,
2002-04-17,72.64861297607422,18.43000030517578,,,,,2.79,1.83,
2002-04-18,72.3335189819336,19.290000915527344,,,,,2.82,1.85,
2002-04-19,72.59716033935547,18.299999237060547,,,,,2.8,1.85,-0.555
2002-04-22,71.38810729980469,19.770000457763672,,,,,2.77,1.82,
2002-04-23,71.07935333251953,20.280000686645508,,,,,2.78,1.79,
2002-04-24,70.36549377441406,20.770000457763672,,,,,2.81,1.83,
2002-04-25,70.40410614013672,20.950000762939453,,,,,2.83,1.85,
2002-04-26,69.06639099121094,22.139999389648438,,,,,2.83,1.86,-0.579
2002-04-29,68.72551727294922,24.049999237060547,,,,,2.82,1.87,
2002-04-30,69.36861419677734,21.90999984741211,,,,,2.84,1.87,
2002-05-01,70.21758270263672,20.059999465942383,,,,,2.86,1.87,
2002-05-02,69.94750213623047,20.06999969482422,,,,,2.84,1.88,
2002-05-03,69.1885757446289,20.190000534057617,,,,,2.89,1.91,-0.601
2002-05-06,67.83153533935547,22.559999465942383,,,,,2.86,1.91,
2002-05-07,67.59358978271484,21.940000534057617,,,,,2.86,1.95,
2002-05-08,70.1082763671875,20.389999389648438,,,,,2.86,1.92,
2002-05-09,69.29790496826172,21.559999465942383,,,,,2.89,1.93,
2002-05-10,67.99236297607422,22.40999984741211,,,,,2.93,1.96,-0.618
2002-05-13,69.37507629394531,20.719999313354492,,,,,2.9,1.95,
2002-05-14,70.88642883300781,19.350000381469727,,,,,2.89,1.92,
2002-05-15,70.60990142822266,19.190000534057617,,,,,2.91,1.91,
2002-05-16,70.97648620605469,18.5,,,,,2.96,1.92,
2002-05-17,71.3237533569336,17.700000762939453,,,,,2.94,1.86,-0.629
2002-05-20,70.552001953125,19.239999771118164,,,,,2.96,1.88,
2002-05-21,69.90886688232422,20.049999237060547,,,,,2.95,1.9,
2002-05-22,70.06322479248047,19.579999923706055,,,,,2.98,1.9,
2002-05-23,70.80924224853516,18.229999542236328,,,,,2.97,1.88,
2002-05-24,69.9024429321289,18.899999618530273,,,,,2.96,1.88,-0.631
2002-05-28,69.52297973632812,20.309999465942383,,,,,2.95,1.86,
2002-05-29,69.00851440429688,20.389999389648438,,,,,2.97,1.87,
2002-05-30,68.81555938720703,20.610000610351562,,,,,3.0,1.89,
2002-05-31,68.95704650878906,19.979999542236328,,,,,2.98,1.86,-0.624
2002-06-03,67.12410736083984,23.3700008392334,,,,,3.0,1.87,
2002-06-04,67.29129791259766,23.889999389648438,,,,,3.01,1.91,
2002-06-05,67.92156982421875,22.610000610351562,,,,,2.99,1.92,
2002-06-06,66.538818359375,24.15999984741211,,,,,2.99,1.91,
2002-06-07,66.46165466308594,23.510000228881836,,,,,2.96,1.94,-0.61
2002-06-10,66.71895599365234,23.719999313354492,,,,,2.95,1.92,
2002-06-11,65.57416534423828,24.450000762939453,,,,,2.95,1.93,
2002-06-12,65.97290802001953,24.149999618530273,,,,,3.0,1.93,
2002-06-13,65.31046295166016,25.020000457763672,,,,,3.0,1.94,
2002-06-14,65.21401977539062,25.959999084472656,,,,,3.02,1.91,-0.589
2002-06-17,66.96334075927734,24.639999389648438,,,,,2.97,1.93,
2002-06-18,67.5099868774414,24.239999771118164,,,,,3.02,1.95,
2002-06-19,65.9343032836914,26.059999465942383,,,,,3.06,1.95,
2002-06-20,65.09181213378906,27.479999542236328,,,,,3.05,1.92,
2002-06-21,64.07400512695312,27.229999542236328,,,,,3.05,1.91,-0.564
2002-06-24,64.40963745117188,26.979999542236328,,,,,3.03,1.94,
2002-06-25,62.96394348144531,27.84000015258789,,,,,3.03,1.96,
2002-06-26,63.06718444824219,28.420000076293945,,,,,3.12,1.98,
2002-06-27,64.17081451416016,26.290000915527344,,,,,3.14,1.99,
2002-06-28,63.86747360229492,25.399999618530273,,,,,3.13,1.96,-0.536
2002-07-01,62.62190628051758,27.110000610351562,,,,,3.14,1.97,
2002-07-02,61.292396545410156,28.959999084472656,,,,,3.18,1.99,
2002-07-03,61.64087677001953,29.420000076293945,,,,,3.17,2.0,
2002-07-05,64.09336853027344,27.110000610351562,,,,,3.15,2.0,-0.508
2002-07-08,63.293087005615234,28.25,,,,,3.19,2.0,
2002-07-09,61.69900131225586,30.219999313354492,,,,,3.19,2.04,
2002-07-10,59.45304489135742,34.099998474121094,,,,,3.21,2.05,
2002-07-11,59.93708419799805,33.849998474121094,,,,,3.21,2.05,
2002-07-12,59.27877426147461,32.939998626708984,,,,,3.24,2.07,-0.481
2002-07-15,59.595008850097656,35.029998779296875,,,,,3.26,2.11,
2002-07-16,58.44622802734375,36.650001525878906,,,,,3.24,2.09,
2002-07-17,58.562442779541016,35.45000076293945,,,,,3.27,2.08,
2002-07-18,56.665016174316406,35.119998931884766,,,,,3.3,2.11,
2002-07-19,54.67072296142578,38.16999816894531,,,,,3.25,2.13,-0.458
2002-07-22,53.05082702636719,41.869998931884766,,,,,3.3,2.11,
2002-07-23,51.598690032958984,44.91999816894531,,,,,3.33,2.13,
2002-07-24,54.677188873291016,39.86000061035156,,,,,3.35,2.11,
2002-07-25,54.21250534057617,39.27000045776367,,,,,3.35,2.15,
2002-07-26,55.2451171875,35.5099983215332,,,,,3.34,2.23,-0.437
2002-07-29,57.93638610839844,31.329999923706055,,,,,3.25,2.21,
2002-07-30,58.69149398803711,31.920000076293945,,,36.37940979003906,35.55565643310547,3.21,2.21,
2002-07-31,58.833438873291016,32.029998779296875,,,36.601898193359375,35.99616241455078,3.25,2.28,
2002-08-01,57.29741287231445,36.95000076293945,,,36.96082305908203,36.201168060302734,3.27,2.32,
2002-08-02,56.013126373291016,41.290000915527344,,,37.03614807128906,36.57191467285156,3.34,2.34,-0.422
2002-08-05,54.06407928466797,45.08000183105469,,,36.946434020996094,36.733280181884766,3.36,2.36,
2002-08-06,55.8840446472168,42.029998779296875,,,36.820838928222656,36.41925811767578,3.3,2.31,
2002-08-07,56.85858917236328,38.72999954223633,,,36.9249153137207,36.5064811706543,3.35,2.37,
2002-08-08,58.697967529296875,36.33000183105469,,,36.81722640991211,36.5064811706543,3.33,2.3,
2002-08-09,58.9173469543457,35.33000183105469,,,36.96440505981445,37.0211181640625,3.36,2.17,-0.41
2002-08-12,58.484962463378906,37.04999923706055,,,37.01461410522461,37.24791717529297,3.33,2.12,
2002-08-13,57.42007827758789,35.81999969482422,,,37.31966018676758,37.705909729003906,3.39,2.12,
2002-08-14,59.51756286621094,32.36000061035156,,,37.334007263183594,37.849815368652344,3.37,1.94,
2002-08-15,60.34366989135742,29.43000030517578,,,37.222801208496094,37.518348693847656,3.35,1.95,
2002-08-16,60.16297912597656,28.809999465942383,,,37.043365478515625,37.09965515136719,3.32,2.04,-0.4
2002-08-19,61.569915771484375,28.610000610351562,,,37.25151062011719,37.21306228637695,3.32,2.04,
2002-08-20,60.918067932128906,29.59000015258789,,,37.64986038208008,37.62736129760742,3.36,2.05,
2002-08-21,61.795799255371094,28.229999542236328,,,37.700111389160156,37.42678451538086,3.32,2.08,
2002-08-22,62.39601516723633,27.75,,,37.64625930786133,37.09965515136719,3.28,2.08,
2002-08-23,61.0535888671875,29.31999969482422,,,37.75391387939453,37.46601867675781,3.27,2.06,-0.389
2002-08-26,61.479549407958984,29.889999389648438,,,37.79339599609375,37.50092315673828,3.29,2.03,
2002-08-27,60.76963424682617,30.110000610351562,,,37.700111389160156,37.26540756225586,3.28,2.03,
2002-08-28,59.44015121459961,33.31999969482422,,,37.77187728881836,37.452911376953125,3.3,1.99,
2002-08-29,59.465980529785156,33.66999816894531,,,37.91181945800781,37.75387954711914,3.33,2.02,
2002-08-30,59.23362731933594,32.63999938964844,,,37.9333610534668,37.98066329956055,3.32,2.0,-0.377
2002-09-03,56.974754333496094,39.970001220703125,,,38.11339569091797,38.5645866394043,3.39,1.97,
2002-09-04,57.787933349609375,37.439998626708984,,,38.25407409667969,38.55582809448242,3.4,1.94,
2002-09-05,57.29741287231445,38.86000061035156,,,38.36228561401367,38.76610565185547,3.47,1.96,
2002-09-06,58.08482360839844,36.33000183105469,,,38.10254669189453,38.31055450439453,3.42,1.97,-0.362
2002-09-09,58.51078414916992,36.45000076293945,,,38.127777099609375,38.25360870361328,3.41,1.92,
2002-09-10,59.181976318359375,35.08000183105469,,,38.2901611328125,38.43758010864258,3.43,1.88,
2002-09-11,58.814109802246094,34.810001373291016,,,38.23963928222656,38.2360725402832,3.42,1.89,
2002-09-12,57.7298583984375,37.5,,,38.438053131103516,38.53392791748047,3.45,1.86,
2002-09-13,57.87185287475586,35.81999969482422,,,38.50300216674805,38.888729095458984,3.44,1.85,-0.347
2002-09-16,58.013858795166016,36.7400016784668,,,38.65452575683594,38.95445251464844,3.47,1.83,
2002-09-17,56.68431854248047,38.0099983215332,,,38.683345794677734,39.028900146484375,3.51,1.81,
2002-09-18,56.11639404296875,37.52000045776367,,,38.63642501831055,39.03768539428711,3.51,1.82,
2002-09-19,54.66429901123047,40.650001525878906,,,38.63642501831055,39.30049133300781,3.55,1.86,
2002-09-20,54.682430267333984,38.97999954223633,,,38.65452575683594,39.116546630859375,3.59,1.85,-0.334
2002-09-23,54.23514938354492,39.68000030517578,,,38.53544235229492,39.466922760009766,3.63,1.77,
2002-09-24,53.359920501708984,40.52000045776367,,,38.52827835083008,39.72102737426758,3.65,1.76,
2002-09-25,54.682430267333984,37.33000183105469,,,38.44884490966797,39.23918533325195,3.67,1.77,
2002-09-26,55.57706069946289,34.599998474121094,,,38.492149353027344,39.14712142944336,3.64,1.82,
2002-09-27,53.64517593383789,36.970001220703125,,,38.7988166809082,39.440677642822266,3.71,1.87,-0.325
2002-09-30,53.02283477783203,39.689998626708984,,,38.72666931152344,39.59835433959961,3.76,1.91,
2002-10-01,55.570560455322266,34.119998931884766,,,38.700164794921875,39.10721969604492,3.74,1.92,
2002-10-02,53.904502868652344,36.83000183105469,,,38.68938064575195,39.331485748291016,3.73,1.96,
2002-10-03,53.359920501708984,37.310001373291016,,,38.67122268676758,39.2347297668457,3.76,1.95,
2002-10-04,52.381019592285156,39.459999084472656,,,38.58066940307617,39.35785675048828,3.78,1.91,-0.322
2002-10-07,51.29841613769531,42.63999938964844,,,38.39954376220703,39.423797607421875,3.86,1.87,
2002-10-08,52.102291107177734,41.02000045776367,,,38.0408821105957,39.436988830566406,3.89,1.85,
2002-10-09,50.63068389892578,42.130001068115234,,,37.89963912963867,39.63926696777344,3.9,1.89,
2002-10-10,52.27082824707031,37.54999923706055,,,37.892356872558594,39.32708740234375,3.9,1.93,
2002-10-11,54.559261322021484,35.70000076293945,,,38.00103759765625,38.86096954345703,3.88,1.98,-0.326
2002-10-14,54.86396026611328,36.040000915527344,,,38.06988525390625,38.80380630493164,,,
2002-10-15,57.50245666503906,34.02000045776367,,,37.62067794799805,37.884864807128906,3.74,1.99,
2002-10-16,56.108646392822266,36.0,,,37.53009033203125,37.902408599853516,3.77,2.04,
2002-10-17,57.22365951538086,34.099998474121094,,,37.24751281738281,37.44072723388672,3.73,2.06,
2002-10-18,57.46355438232422,33.529998779296875,,,37.3453369140625,37.53746795654297,3.76,2.05,-0.338
2002-10-21,58.455440521240234,33.11000061035156,,,37.124393463134766,37.17247772216797,3.7,2.01,
2002-10-22,58.034034729003906,34.09000015258789,,,37.276512145996094,37.06700897216797,3.71,2.06,
2002-10-23,58.47486877441406,33.20000076293945,,,37.3489875793457,37.0802116394043,3.73,2.06,
2002-10-24,57.28202438354492,34.029998779296875,,,37.49026107788086,37.405513763427734,3.77,2.07,
2002-10-25,58.47486877441406,30.0,,,37.74745559692383,37.54183578491211,3.78,2.14,-0.354
2002-10-28,58.092384338378906,31.06999969482422,,,37.8525390625,37.48910903930664,3.81,2.22,
2002-10-29,57.41817092895508,32.27000045776367,,,38.0734977722168,37.97718048095703,3.85,2.18,
2002-10-30,57.97569274902344,31.229999542236328,,,38.08070755004883,37.9639892578125,3.83,2.25,
2002-10-31,57.385738372802734,31.139999389648438,,,38.49007797241211,38.135459899902344,3.82,2.25,
2002-11-01,58.52024841308594,29.299999237060547,,,38.215911865234375,37.97602462768555,3.76,2.25,-0.373
2002-11-04,59.077754974365234,30.81999969482422,,,38.29606628417969,37.80815505981445,3.72,2.28,
2002-11-05,59.54453659057617,31.229999542236328,,,38.256011962890625,37.66240310668945,3.72,2.28,
2002-11-06,60.31599807739258,30.729999542236328,,,38.372501373291016,37.81257247924805,3.72,2.22,
2002-11-07,58.837913513183594,31.420000076293945,,,38.9149284362793,38.748985290527344,3.73,2.02,
2002-11-08,58.11833572387695,29.40999984741211,,,38.96587371826172,39.06257247924805,3.66,1.98,-0.391
2002-11-11,57.217193603515625,31.299999237060547,,,39.071449279785156,39.27455139160156,,,
2002-11-12,57.671016693115234,30.579999923706055,,,38.747501373291016,39.049285888671875,3.68,2.05,
2002-11-13,57.72932052612305,31.239999771118164,,,38.896705627441406,39.133262634277344,3.67,2.08,
2002-11-14,58.81846618652344,28.670000076293945,,,38.63827896118164,38.32052230834961,3.58,2.14,
2002-11-15,59.25281524658203,26.649999618530273,,,38.86030960083008,38.4751091003418,3.54,2.14,-0.406
2002-11-18,58.65637969970703,27.65999984741211,,,39.129703521728516,38.64739227294922,3.52,2.11,
2002-11-19,58.57857131958008,27.40999984741211,,,39.056888580322266,38.78871536254883,3.5,2.08,
2002-11-20,59.88164138793945,25.31999969482422,,,38.92947006225586,38.408878326416016,3.48,2.1,
2002-11-21,60.99665832519531,23.809999465942383,,,38.92947006225586,38.0378532409668,3.46,2.09,
2002-11-22,60.56231689453125,23.15999984741211,,,38.76932907104492,38.00251770019531,3.43,2.08,-0.418
2002-11-25,60.6012077331543,24.06999969482422,,,38.76568603515625,37.931819915771484,3.42,2.1,
2002-11-26,59.44728469848633,25.969999313354492,,,38.98408889770508,38.408878326416016,3.45,2.11,
2002-11-27,61.11985778808594,27.25,,,38.76568603515625,37.54317092895508,3.39,2.13,
2002-11-29,60.92536163330078,27.5,,,38.76568603515625,37.786109924316406,3.38,2.14,-0.424
2002-12-02,61.02259826660156,27.459999084472656,,,38.82963180541992,37.82117462158203,3.37,2.15,
2002-12-03,60.20577621459961,28.329999923706055,,,38.89912033081055,37.87437057495117,3.35,2.16,
2002-12-04,59.933494567871094,28.920000076293945,,,38.89912033081055,38.06962203979492,3.38,2.16,
2002-12-05,59.27226638793945,30.100000381469727,,,38.98685073852539,38.167198181152344,3.38,2.16,
2002-12-06,59.66121292114258,28.8799991607666,,,39.008758544921875,38.2337646484375,3.42,2.2,-0.427
2002-12-09,58.02104949951172,30.780000686645508,,,39.008758544921875,38.4467658996582,3.42,2.18,
2002-12-10,58.79901123046875,28.760000228881836,,,39.08189392089844,38.5488166809082,3.4,2.16,
2002-12-11,58.85087966918945,27.760000228881836,,,39.24642562866211,38.80613708496094,3.4,2.16,
2002-12-12,58.84437942504883,27.290000915527344,,,39.24642562866211,38.770668029785156,3.42,2.16,
2002-12-13,57.9173469543457,28.18000030517578,,,39.045352935791016,38.393516540527344,3.42,2.2,-0.431
2002-12-16,59.41489028930664,26.239999771118164,,,39.02708435058594,38.105106353759766,3.37,2.21,
2002-12-17,58.896236419677734,26.65999984741211,,,39.17332077026367,38.105106353759766,3.37,2.24,
2002-12-18,58.2155647277832,28.290000915527344,,,39.37073516845703,38.402442932128906,3.4,2.25,
2002-12-19,57.80065155029297,30.209999084472656,,,39.62297439575195,38.74404525756836,3.44,2.22,
2002-12-20,58.625404357910156,26.709999084472656,,,39.633934020996094,38.770668029785156,3.42,2.21,-0.435
2002-12-23,58.64496612548828,26.200000762939453,,,39.64125442504883,38.7795524597168,3.44,2.19,
2002-12-24,58.20847702026367,26.489999771118164,,,39.7253532409668,38.996978759765625,3.44,2.22,
2002-12-26,58.23454666137695,27.3700008392334,,,39.85697555541992,39.0723762512207,3.45,2.23,
2002-12-27,56.92507553100586,29.549999237060547,,,40.0872917175293,39.502769470214844,3.49,2.23,-0.442
2002-12-30,57.400665283203125,29.6200008392334,,,40.20793533325195,39.595970153808594,3.48,2.21,
2002-12-31,57.478851318359375,28.6200008392334,,,40.28839874267578,39.496089935302734,3.48,2.22,
2003-01-02,59.32899475097656,25.389999389648438,,,39.421546936035156,38.474876403808594,3.37,2.27,
2003-01-03,59.51139450073242,24.68000030517578,,,39.64559555053711,38.56402587890625,3.39,2.26,-0.453
2003-01-06,60.56025314331055,24.90999984741211,,,39.62725067138672,38.46151351928711,3.38,2.25,
2003-01-07,60.41041946411133,25.1299991607666,,,39.77783203125,38.59973907470703,3.39,2.27,
2003-01-08,59.537479400634766,25.530000686645508,,,39.81821823120117,38.79149627685547,3.35,2.29,
2003-01-09,60.4625244140625,24.25,,,39.498695373535156,38.046791076660156,3.29,2.32,
2003-01-10,60.625396728515625,24.31999969482422,,,39.60153579711914,38.1448974609375,3.31,2.37,-0.466
2003-01-13,60.60588836669922,24.899999618530273,,,39.55746078491211,38.20736312866211,3.29,2.34,
2003-01-14,60.801300048828125,24.56999969482422,,,39.66764450073242,38.34112548828125,3.31,2.34,
2003-01-15,60.195465087890625,25.510000228881836,,,39.66764450073242,38.528404235839844,3.29,2.35,
2003-01-16,59.9478759765625,25.010000228881836,,,39.57582473754883,38.58192825317383,3.29,2.35,
2003-01-17,59.061893463134766,25.700000762939453,,,39.75947952270508,38.7736930847168,3.29,2.35,-0.479
2003-01-21,58.143341064453125,27.59000015258789,,,39.78518295288086,38.996620178222656,3.31,2.34,
2003-01-22,57.439727783203125,29.010000228881836,,,39.86598587036133,39.18836975097656,3.33,2.29,
2003-01-23,57.79153823852539,27.530000686645508,,,39.88430404663086,38.996620178222656,3.33,2.29,
2003-01-24,56.27363586425781,31.510000228881836,,,40.06431198120117,39.22848129272461,3.33,2.28,-0.489
2003-01-27,55.504913330078125,34.689998626708984,,,39.829227447509766,39.08578109741211,3.27,2.28,
2003-01-28,55.91530227661133,31.93000030517578,,,39.9504508972168,39.08578109741211,3.23,2.3,
2003-01-29,56.33878707885742,31.260000228881836,,,39.71537399291992,38.871734619140625,3.18,2.29,
2003-01-30,55.00325012207031,31.31999969482422,,,39.85126495361328,39.161598205566406,3.19,2.3,
2003-01-31,56.065155029296875,31.170000076293945,,,39.96147918701172,39.26865005493164,3.16,2.28,-0.496
2003-02-03,56.1758918762207,31.020000457763672,,,40.000247955322266,39.32591247558594,3.14,2.29,
2003-02-04,55.62214660644531,32.7599983215332,,,40.07766342163086,39.50041580200195,3.12,2.28,
2003-02-05,55.2768669128418,33.040000915527344,,,40.01866149902344,39.16033172607422,3.11,2.29,
2003-02-06,55.01628112792969,33.349998474121094,,,40.088722229003906,39.47806930541992,3.12,2.29,
2003-02-07,54.34531021118164,34.0099983215332,,,40.17725372314453,39.56755828857422,3.11,2.33,-0.501
2003-02-10,54.72967529296875,33.9900016784668,,,39.93011474609375,39.29011535644531,3.11,2.31,
2003-02-11,54.351802825927734,33.68000030517578,,,40.07766342163086,39.28120422363281,3.13,2.33,
2003-02-12,53.48532485961914,34.33000183105469,,,40.02235412597656,39.41987609863281,3.16,2.31,
2003-02-13,53.64820861816406,33.70000076293945,,,40.02235412597656,39.63471221923828,3.17,2.32,
2003-02-14,54.82084655761719,32.619998931884766,,,40.00388717651367,39.29458999633789,3.16,2.33,-0.504
2003-02-18,55.7850341796875,31.110000610351562,,,40.129276275634766,39.343814849853516,3.16,2.28,
2003-02-19,55.491851806640625,31.309999465942383,,,40.258384704589844,39.61232376098633,3.16,2.27,
2003-02-20,54.9381103515625,31.15999984741211,,,40.3616828918457,39.746559143066406,3.18,2.26,
2003-02-21,55.491851806640625,30.25,,,40.25101089477539,39.51386642456055,3.16,2.27,-0.507
2003-02-24,54.59281921386719,31.979999542236328,,,40.383811950683594,39.70180130004883,3.17,2.26,
2003-02-25,55.029319763183594,31.739999771118164,,,40.457550048828125,39.88526916503906,3.18,2.23,
2003-02-26,54.22804260253906,31.940000534057617,,,40.56817626953125,40.162723541259766,3.18,2.21,
2003-02-27,54.94462966918945,30.530000686645508,,,40.73788070678711,40.229854583740234,3.2,2.18,
2003-02-28,55.309444427490234,29.6299991607666,,,40.75265884399414,40.48493957519531,3.21,2.18,-0.511
2003-03-03,54.781761169433594,30.43000030517578,,,40.98698806762695,40.53436279296875,3.23,2.16,
2003-03-04,53.90879821777344,31.829999923706055,,,41.00922393798828,40.56131362915039,3.25,2.16,
2003-03-05,54.36481857299805,30.3799991607666,,,40.98698806762695,40.696044921875,3.25,2.17,
2003-03-06,53.90879821777344,31.3700008392334,,,40.916656494140625,40.53886413574219,3.24,2.2,
2003-03-07,54.280128479003906,31.079999923706055,,,40.92778396606445,40.678062438964844,3.26,2.24,-0.517
2003-03-10,52.97719192504883,33.310001373291016,,,41.04253387451172,40.88920974731445,3.29,2.24,
2003-03-11,52.45601272583008,33.61000061035156,,,40.94997787475586,40.81731033325195,3.28,2.22,
2003-03-12,52.80782699584961,33.5099983215332,,,40.87590026855469,40.965553283691406,3.26,2.15,
2003-03-13,54.631927490234375,31.760000228881836,,,40.61674118041992,40.210941314697266,3.21,2.15,
2003-03-14,54.80783462524414,30.979999542236328,,,40.5686149597168,40.40856170654297,3.22,2.16,-0.527
2003-03-17,56.53422164916992,31.75,,,40.35762023925781,39.92344665527344,3.17,2.19,
2003-03-18,56.8664665222168,30.43000030517578,,,40.19835662841797,39.546119689941406,3.11,2.19,
2003-03-19,57.302940368652344,31.540000915527344,,,39.98732376098633,39.254146575927734,3.04,2.26,
2003-03-20,57.42673110961914,30.440000534057617,,,40.05765914916992,39.19126510620117,3.05,2.26,
2003-03-21,58.65249252319336,28.670000076293945,,,39.85402297973633,38.652259826660156,2.99,2.31,-0.542
2003-03-24,56.703304290771484,30.389999389648438,,,40.17244338989258,39.263145446777344,3.03,2.27,
2003-03-25,57.24616241455078,28.75,,,40.21689224243164,39.21825408935547,3.04,2.28,
2003-03-26,56.958377838134766,28.229999542236328,,,40.39456558227539,39.299072265625,3.01,2.28,
2003-03-27,57.00417709350586,27.959999084472656,,,40.45009994506836,39.32600021362305,3.0,2.33,
2003-03-28,56.71638488769531,27.75,,,40.6130256652832,39.415863037109375,3.01,2.36,-0.562
2003-03-31,55.42778396606445,29.149999618530273,,,40.80187225341797,39.932437896728516,3.04,2.32,
2003-04-01,56.27812957763672,28.360000610351562,,,41.02214050292969,39.818756103515625,3.02,2.34,
2003-04-02,57.6386604309082,28.020000457763672,,,40.90288162231445,39.403743743896484,2.98,2.34,
2003-04-03,57.36390686035156,28.209999084472656,,,40.906612396240234,39.38118362426758,3.01,2.38,
2003-04-04,57.70404815673828,29.1299991607666,,,40.80596160888672,39.268402099609375,2.99,2.41,-0.585
2003-04-07,57.59284973144531,28.450000762939453,,,40.73143768310547,39.178192138671875,2.95,2.38,
2003-04-08,57.68439865112305,27.1299991607666,,,40.880516052246094,39.49394989013672,2.97,2.36,
2003-04-09,56.92570114135742,27.110000610351562,,,41.01472091674805,39.611228942871094,2.97,2.38,
2003-04-10,57.239646911621094,25.600000381469727,,,40.8655891418457,39.4262809753418,2.96,2.35,
2003-04-11,57.00417709350586,24.440000534057617,,,40.72020721435547,39.36317825317383,2.93,2.35,-0.611
2003-04-14,58.181514739990234,23.40999984741211,,,40.742610931396484,39.2548942565918,2.92,2.3,
2003-04-15,58.72444534301758,22.559999465942383,,,40.8171501159668,39.466880798339844,2.92,2.29,
2003-04-16,57.723690032958984,22.520000457763672,,,41.09294891357422,39.629276275634766,2.9,2.29,
2003-04-17,58.580535888671875,21.5,,,41.00723648071289,39.69246292114258,2.86,2.27,
2003-04-21,58.639408111572266,21.950000762939453,,,41.09294891357422,39.606746673583984,2.84,2.29,
2003-04-22,59.74483871459961,20.700000762939453,,,41.11163330078125,39.58416748046875,2.83,2.31,
2003-04-23,60.294254302978516,20.799999237060547,,,41.35017395019531,39.665374755859375,2.79,2.32,
2003-04-24,59.757904052734375,20.329999923706055,,,41.59238052368164,40.02173614501953,2.8,2.31,
2003-04-25,59.0187873840332,20.799999237060547,,,41.59617233276367,40.111976623535156,2.82,2.34,-0.657
2003-04-28,60.03913879394531,20.84000015258789,,,41.618507385253906,40.048824310302734,2.79,2.33,
2003-04-29,60.24848937988281,20.760000228881836,,,41.469425201416016,39.98115158081055,2.77,2.34,
2003-04-30,60.11765670776367,21.209999084472656,,,41.763877868652344,40.351104736328125,2.76,2.38,
2003-05-01,60.11112976074219,21.59000015258789,,,41.997806549072266,40.37055206298828,2.77,2.38,
2003-05-02,60.96794128417969,20.6299991607666,,,41.85508346557617,40.053104400634766,2.73,2.38,-0.674
2003-05-05,60.850257873535156,21.1299991607666,,,42.04291534423828,40.266239166259766,2.71,2.37,
2003-05-06,61.42584228515625,20.799999237060547,,,42.264488220214844,40.46577072143555,2.74,2.39,
2003-05-07,61.08570098876953,21.0,,,42.54615020751953,40.93743133544922,2.78,2.27,
2003-05-08,60.47087860107422,21.239999771118164,,,42.54988479614258,41.03718566894531,2.67,2.21,
2003-05-09,61.308101654052734,19.690000534057617,,,42.474815368652344,41.07799530029297,2.81,2.24,-0.683
2003-05-12,62.06029510498047,19.520000457763672,,,42.62126159667969,41.336509704589844,2.83,2.18,
2003-05-13,61.94911575317383,19.90999984741211,,,42.62499237060547,41.42722702026367,2.83,2.16,
2003-05-14,61.81830596923828,20.0,,,42.812767028808594,42.06208801269531,2.83,2.12,
2003-05-15,62.21073913574219,19.239999771118164,,,42.7977294921875,42.19363784790039,2.83,2.07,
2003-05-16,62.05378341674805,18.399999618530273,,,43.08319091796875,42.50200653076172,2.84,2.08,-0.688
2003-05-19,60.60165786743164,20.510000228881836,,,42.90666198730469,42.35688781738281,2.86,2.11,
2003-05-20,60.477420806884766,21.290000915527344,,,43.03812789916992,42.98271560668945,2.86,2.07,
2003-05-21,60.60165786743164,21.209999084472656,,,43.03812789916992,42.978172302246094,2.86,2.01,
2003-05-22,61.20343017578125,19.780000686645508,,,43.327327728271484,43.359127044677734,2.85,1.98,
2003-05-23,61.32770919799805,19.170000076293945,,,43.38740158081055,43.46796798706055,2.81,1.96,-0.689
2003-05-27,62.40045166015625,19.989999771118164,,,43.237144470214844,42.68341064453125,2.83,2.08,
2003-05-28,62.57706069946289,20.030000686645508,,,43.064422607421875,42.6108512878418,2.83,2.09,
2003-05-29,62.41354751586914,20.43000030517578,,,43.37611770629883,42.98271560668945,2.87,2.04,
2003-05-30,63.41427993774414,19.469999313354492,,,43.394866943359375,42.901084899902344,2.85,2.04,-0.687
2003-06-02,63.675899505615234,20.850000381469727,,,43.21085739135742,42.58595275878906,2.85,2.1,
2003-06-03,63.93755340576172,20.84000015258789,,,43.60765075683594,42.927486419677734,2.88,2.14,
2003-06-04,64.85980987548828,20.6200008392334,,,43.664310455322266,43.05499267578125,2.87,2.1,
2003-06-05,65.18035125732422,20.829999923706055,,,43.5925407409668,42.71803283691406,2.87,2.09,
2003-06-06,64.92523193359375,21.25,,,43.664310455322266,42.87287521362305,2.83,2.1,-0.685
2003-06-09,64.26460266113281,22.149999618530273,,,43.7587890625,43.15977096557617,2.87,2.1,
2003-06-10,64.91868591308594,20.639999389648438,,,44.0988883972168,43.674381256103516,2.89,2.07,
2003-06-11,65.60549926757812,20.209999084472656,,,44.04974365234375,43.6197395324707,2.87,2.05,
2003-06-12,65.80824279785156,20.40999984741211,,,44.20845413208008,43.96127700805664,2.88,2.05,
2003-06-13,65.12144470214844,20.65999984741211,,,44.39361572265625,44.25730895996094,2.88,2.03,-0.684
2003-06-16,66.49505615234375,20.219999313354492,,,44.231117248535156,43.838340759277344,2.87,2.0,
2003-06-17,66.49505615234375,20.010000228881836,,,44.09134292602539,43.49223327636719,2.85,2.02,
2003-06-18,66.4361801147461,19.760000228881836,,,43.68321228027344,42.93661117553711,2.83,2.1,
2003-06-19,65.42233276367188,19.799999237060547,,,43.7587890625,42.854652404785156,2.87,2.18,
2003-06-20,65.27790832519531,19.139999389648438,,,43.550968170166016,42.69524002075195,2.86,2.18,-0.685
2003-06-23,64.60835266113281,20.579999923706055,,,43.77012634277344,42.95024108886719,2.88,2.15,
2003-06-24,64.67398834228516,20.75,,,43.83436965942383,43.34650421142578,2.87,2.15,
2003-06-25,64.0240707397461,20.809999465942383,,,43.61143493652344,42.65425109863281,2.85,2.08,
2003-06-26,64.85781860351562,19.399999618530273,,,43.229774475097656,42.08042907714844,2.8,2.14,
2003-06-27,64.10943603515625,19.15999984741211,,,43.11638641357422,41.93015670776367,2.8,2.2,-0.688
2003-06-30,64.08972930908203,19.520000457763672,,,43.316650390625,42.12596893310547,2.81,2.22,
2003-07-01,64.68054962158203,19.459999084472656,,,43.0821647644043,41.91703414916992,2.81,2.26,
2003-07-02,65.49456024169922,19.030000686645508,,,43.23417663574219,42.02220153808594,2.75,2.26,
2003-07-03,64.8183822631836,19.389999389648438,,,42.96813201904297,41.41875076293945,2.72,2.35,
2003-07-07,66.10505676269531,20.059999465942383,,,42.75904846191406,41.153568267822266,2.7,2.38,
2003-07-08,66.4004898071289,19.479999542236328,,,42.7971305847168,41.190185546875,2.68,2.36,
2003-07-09,66.02630615234375,18.93000030517578,,,42.94913101196289,41.32274627685547,2.68,2.36,
2003-07-10,65.1860122680664,19.190000534057617,,,43.03656005859375,41.30903625488281,2.71,2.37,
2003-07-11,65.8030776977539,18.469999313354492,,,43.089778900146484,41.5056266784668,2.73,2.37,-0.692
2003-07-14,66.12474060058594,19.59000015258789,,,42.97574996948242,41.030147552490234,2.72,2.39,
2003-07-15,65.98033142089844,19.549999237060547,,,42.48543930053711,40.07012176513672,2.66,2.49,
2003-07-16,65.593017578125,19.760000228881836,,,42.47019958496094,40.29869842529297,2.62,2.48,
2003-07-17,64.66088104248047,20.219999313354492,,,42.2725830078125,40.17527770996094,2.61,2.51,
2003-07-18,65.32388305664062,19.110000610351562,,,42.45122146606445,40.09295654296875,2.61,2.49,-0.69
2003-07-21,64.51642608642578,19.780000686645508,,,41.93811798095703,39.242637634277344,2.57,2.58,
2003-07-22,65.10067749023438,19.170000076293945,,,41.90391159057617,39.4346809387207,2.56,2.6,
2003-07-23,65.14663696289062,18.639999389648438,,,42.181392669677734,39.567230224609375,2.59,2.58,
2003-07-24,64.65428161621094,18.600000381469727,,,41.998939514160156,39.21980667114258,2.55,2.66,
2003-07-25,65.7965316772461,17.75,,,41.90391159057617,39.11463928222656,2.57,2.7,-0.685
2003-07-28,65.55364227294922,18.360000610351562,,,41.485843658447266,38.588924407958984,2.58,2.7,
2003-07-29,65.25167846679688,18.670000076293945,,,41.105709075927734,38.06319046020508,2.55,2.75,
2003-07-30,65.0941162109375,18.850000381469727,,,41.31479263305664,38.492916107177734,2.55,2.7,
2003-07-31,65.24510192871094,19.489999771118164,,,40.80168151855469,37.92144012451172,2.58,2.69,
2003-08-01,64.66740417480469,20.75,,,40.923004150390625,37.893009185791016,2.57,2.59,-0.675
2003-08-04,64.66740417480469,21.270000457763672,,,41.164024353027344,38.219058990478516,2.62,2.64,
2003-08-05,63.295440673828125,22.68000030517578,,,40.976566314697266,37.67255783081055,2.62,2.59,
2003-08-06,63.66305923461914,21.5,,,41.13341522216797,38.41652297973633,2.64,2.54,
2003-08-07,64.33263397216797,20.260000228881836,,,41.359169006347656,38.57729721069336,2.64,2.56,
2003-08-08,64.51642608642578,19.59000015258789,,,41.382137298583984,38.42115020751953,2.69,2.55,-0.665
2003-08-11,64.75932312011719,19.75,,,41.221378326416016,38.22822189331055,2.61,2.57,
2003-08-12,65.35013580322266,17.940000534057617,,,41.175533294677734,38.04914855957031,2.63,2.66,
2003-08-13,65.01533508300781,18.770000457763672,,,40.7125129699707,37.31431198120117,2.56,2.72,
2003-08-14,65.19258880615234,18.469999313354492,,,40.76610565185547,37.681724548339844,2.59,2.69,
2003-08-15,65.39610290527344,18.270000457763672,,,40.84645080566406,37.65876388549805,2.55,2.7,-0.655
2003-08-18,65.96063232421875,18.18000030517578,,,40.98040008544922,37.833282470703125,2.6,2.62,
2003-08-19,66.21009063720703,17.860000610351562,,,41.34389877319336,38.41652297973633,2.61,2.57,
2003-08-20,65.94096374511719,17.81999969482422,,,41.21757888793945,38.209869384765625,2.56,2.61,
2003-08-21,66.1510238647461,17.84000015258789,,,41.01861572265625,38.11802673339844,2.51,2.55,
2003-08-22,65.49456024169922,18.549999237060547,,,41.21757888793945,38.2879638671875,2.49,2.51,-0.647
2003-08-25,65.59957885742188,19.530000686645508,,,41.0339469909668,37.98942947387695,2.5,2.51,
2003-08-26,65.71775817871094,19.489999771118164,,,41.11429977416992,38.2879638671875,2.49,2.54,
2003-08-27,65.73744201660156,19.1299991607666,,,41.10663604736328,38.11343002319336,2.47,2.49,
2003-08-28,66.14445495605469,18.479999542236328,,,41.408905029296875,38.50838851928711,2.49,2.49,
2003-08-29,66.59085845947266,18.6299991607666,,,41.393611907958984,38.41652297973633,2.46,2.5,-0.642
2003-09-02,67.48359680175781,19.020000457763672,,,41.29494857788086,37.85465621948242,2.39,2.57,
2003-09-03,67.85124206542969,19.440000534057617,,,41.414398193359375,37.914649963378906,2.4,2.58,
2003-09-04,67.88407135009766,18.709999084472656,,,41.55701446533203,38.12684631347656,2.46,2.61,
2003-09-05,67.50328826904297,18.170000076293945,,,41.87298583984375,38.78187561035156,2.52,2.63,-0.64
2003-09-08,68.06129455566406,18.260000228881836,,,41.7188606262207,38.38056564331055,2.48,2.66,
2003-09-09,67.61489868164062,18.850000381469727,,,41.849857330322266,38.65730667114258,2.53,2.66,
2003-09-10,66.9322280883789,20.010000228881836,,,42.185142517089844,39.04943084716797,2.55,2.64,
2003-09-11,67.12910461425781,19.25,,,41.96549606323242,38.795745849609375,2.48,2.64,
2003-09-12,67.25382232666016,18.68000030517578,,,42.27376174926758,39.06325912475586,2.56,2.61,-0.642
2003-09-15,67.0175552368164,19.280000686645508,,,42.28921127319336,39.003318786621094,2.55,2.65,
2003-09-16,67.99565124511719,18.030000686645508,,,42.38166427612305,38.943359375,2.57,2.66,
2003-09-17,67.8643569946289,18.149999618530273,,,42.63985061645508,39.427703857421875,2.56,2.57,
2003-09-18,68.66525268554688,17.56999969482422,,,42.5820426940918,39.45539855957031,2.54,2.51,
2003-09-19,68.31599426269531,17.540000915527344,,,42.62445068359375,39.50156021118164,2.52,2.47,-0.647
2003-09-22,67.57791137695312,19.649999618530273,,,42.46646499633789,39.18783187866211,2.52,2.56,
2003-09-23,67.83492279052734,19.469999313354492,,,42.52813720703125,39.45539855957031,2.5,2.56,
2003-09-24,66.6290054321289,21.219999313354492,,,42.68996047973633,39.7967529296875,2.5,2.5,
2003-09-25,66.08203887939453,22.260000228881836,,,42.83637619018555,39.995140075683594,2.52,2.47,
2003-09-26,65.86461639404297,22.229999542236328,,,43.1022834777832,40.354957580566406,2.55,2.44,-0.653
2003-09-29,66.51039123535156,21.670000076293945,,,42.9866943359375,40.032020568847656,2.56,2.48,
2003-09-30,65.86461639404297,22.719999313354492,,,43.271812438964844,40.696319580078125,2.57,2.46,
2003-10-01,67.2681884765625,21.06999969482422,,,43.3963508605957,40.54200744628906,2.56,2.49,
2003-10-02,67.51201629638672,20.799999237060547,,,43.22956466674805,40.356754302978516,2.54,2.55,
2003-10-03,68.13146209716797,19.5,,,42.628353118896484,39.509063720703125,2.52,2.56,-0.661
2003-10-06,68.44119262695312,19.510000228881836,,,42.67102813720703,39.68044662475586,2.51,2.57,
2003-10-07,68.70478057861328,19.40999984741211,,,42.527488708496094,39.22182083129883,2.49,2.6,
2003-10-08,68.5334243774414,19.18000030517578,,,42.68267059326172,39.212581634521484,2.51,2.62,
2003-10-09,68.71794128417969,18.81999969482422,,,42.53524398803711,38.93461990356445,2.5,2.63,
2003-10-10,68.9090347290039,18.450000762939453,,,42.744720458984375,39.16628646850586,2.48,2.64,-0.669
2003-10-13,69.12651824951172,17.549999237060547,,,42.717552185058594,39.01337814331055,,,
2003-10-14,69.37033081054688,17.3700008392334,,,42.543025970458984,38.74470901489258,2.48,2.64,
2003-10-15,69.18580627441406,17.690000534057617,,,42.546875,38.554779052734375,2.44,2.64,
2003-10-16,69.46257781982422,17.190000534057617,,,42.41114044189453,38.40190124511719,2.4,2.51,
2003-10-17,68.70478057861328,17.6200008392334,,,42.64385986328125,38.69840621948242,2.38,2.51,-0.677
2003-10-20,69.21876525878906,17.040000915527344,,,42.68267059326172,38.82807540893555,2.36,2.53,
2003-10-21,69.10015106201172,16.549999237060547,,,42.69815444946289,38.97172546386719,2.39,2.49,
2003-10-22,68.23030853271484,17.670000076293945,,,42.8222770690918,39.351524353027344,2.43,2.49,
2003-10-23,68.10509490966797,17.68000030517578,,,42.58955764770508,39.0643424987793,2.41,2.5,
2003-10-24,68.2566909790039,17.709999084472656,,,42.89983367919922,39.4997673034668,2.42,2.48,-0.683
2003-10-27,68.28962707519531,18.049999237060547,,,42.80292510986328,39.42103576660156,2.39,2.47,
2003-10-28,69.21876525878906,16.81999969482422,,,43.086036682128906,39.62952423095703,2.41,2.52,
2003-10-29,69.31101989746094,16.43000030517578,,,42.783504486083984,39.27277755737305,2.39,2.52,
2003-10-30,69.45600128173828,16.329999923706055,,,42.725318908691406,39.096771240234375,2.36,2.5,
2003-10-31,69.39009857177734,16.100000381469727,,,42.725318908691406,39.46269226074219,2.36,2.48,-0.687
2003-11-03,69.84480285644531,16.549999237060547,,,42.747535705566406,39.27573013305664,2.32,2.5,
2003-11-04,69.69324493408203,16.549999237060547,,,42.813697814941406,39.49897766113281,2.36,2.47,
2003-11-05,69.74593353271484,16.860000610351562,,,42.51388168334961,39.229251861572266,2.35,2.44,
2003-11-06,70.11500549316406,16.739999771118164,,,42.28022766113281,38.86176681518555,2.34,2.44,
2003-11-07,69.59437561035156,16.93000030517578,,,42.36201477050781,38.83851623535156,2.32,2.44,-0.689
2003-11-10,69.31101989746094,17.6200008392334,,,42.23739242553711,38.805946350097656,2.33,2.43,
2003-11-11,69.29125213623047,17.540000915527344,,,42.42042541503906,38.81059646606445,,,
2003-11-12,70.06884002685547,16.75,,,42.44382095336914,39.09431076049805,2.33,2.39,
2003-11-13,70.08861541748047,16.469999313354492,,,42.84486389160156,39.698997497558594,2.35,2.38,
2003-11-14,69.49553680419922,16.940000534057617,,,43.078468322753906,39.964107513427734,2.37,2.38,-0.689
2003-11-17,69.14627075195312,18.600000381469727,,,43.160308837890625,40.02460861206055,2.39,2.38,
2003-11-18,68.42798614501953,19.110000610351562,,,43.35107421875,40.271121978759766,2.38,2.34,
2003-11-19,69.00791931152344,18.799999237060547,,,42.96949768066406,39.82460021972656,2.37,2.34,
2003-11-20,68.38846588134766,19.479999542236328,,,43.175865173339844,40.210628509521484,2.4,2.33,
2003-11-21,68.67179107666016,18.979999542236328,,,43.31992721557617,40.23391342163086,2.39,2.31,-0.688
2003-11-24,69.5811996459961,17.440000534057617,,,43.02786636352539,39.903648376464844,2.38,2.29,
2003-11-25,69.84480285644531,16.709999084472656,,,43.16413116455078,40.12228775024414,2.38,2.3,
2003-11-26,70.09519958496094,16.229999542236328,,,43.070716857910156,39.9594841003418,2.35,2.28,
2003-11-28,70.1479263305664,16.31999969482422,,,42.856536865234375,39.596683502197266,2.33,2.28,-0.686
2003-12-01,70.90576171875,16.770000457763672,,,42.767417907714844,39.37603759765625,2.3,2.28,
2003-12-02,70.72782897949219,16.270000457763672,,,42.884708404541016,39.54433059692383,2.3,2.31,
2003-12-03,70.61580657958984,16.6299991607666,,,42.81040573120117,39.3853759765625,2.29,2.32,
2003-12-04,70.90576171875,16.299999237060547,,,42.8455810546875,39.47419357299805,2.29,2.32,
2003-12-05,70.41154479980469,17.09000015258789,,,43.291290283203125,40.105220794677734,2.33,2.35,-0.684
2003-12-08,70.885986328125,16.540000915527344,,,42.96677017211914,39.82476043701172,2.33,2.35,
2003-12-09,70.33901977539062,17.6299991607666,,,42.8299560546875,39.54433059692383,2.34,2.35,
2003-12-10,70.33242797851562,17.8700008392334,,,42.92770767211914,39.609745025634766,2.35,2.36,
2003-12-11,71.12325286865234,16.729999542236328,,,43.12318420410156,39.894874572753906,2.35,2.44,
2003-12-12,71.26161193847656,16.40999984741211,,,43.24044418334961,39.969642639160156,2.34,2.42,-0.685
2003-12-15,70.90576171875,17.229999542236328,,,43.14278793334961,39.946292877197266,2.34,2.4,
2003-12-16,71.2747802734375,15.930000305175781,,,43.79008483886719,40.07720184326172,2.35,2.41,
2003-12-17,71.49882507324219,15.579999923706055,,,43.88905715942383,40.34832763671875,2.35,2.36,
2003-12-18,72.30278015136719,16.15999984741211,,,44.14244842529297,40.712894439697266,2.32,2.31,
2003-12-19,72.10149383544922,16.420000076293945,,,44.17018508911133,40.69890594482422,2.33,2.33,-0.688
2003-12-22,72.60466003417969,16.940000534057617,,,44.08700942993164,40.5866813659668,2.34,2.34,
2003-12-23,72.65104675292969,16.489999771118164,,,43.8336296081543,40.12861633300781,2.31,2.32,
2003-12-24,72.57821655273438,16.65999984741211,,,44.09495544433594,40.50720977783203,2.34,2.37,
2003-12-26,72.63117218017578,17.450000762939453,,,44.10681915283203,40.65679168701172,2.33,2.35,-0.694
2003-12-29,73.59785461425781,17.09000015258789,,,44.019683837890625,40.292213439941406,2.33,2.38,
2003-12-30,73.61106872558594,17.68000030517578,,,43.84946060180664,40.12861633300781,2.33,2.43,
2003-12-31,73.67726135253906,18.309999465942383,,,43.958824157714844,40.12862014770508,2.34,2.43,
2004-01-02,73.64415740966797,18.219999313354492,,,43.644710540771484,39.65430450439453,2.32,2.44,-0.704
2004-01-05,74.44532012939453,17.489999771118164,,,43.69242477416992,39.550960540771484,2.27,2.46,
2004-01-06,74.51813507080078,16.729999542236328,,,44.086021423339844,39.98772048950195,2.32,2.45,
2004-01-07,74.76971435546875,15.5,,,44.12178039550781,40.14738464355469,2.3,2.43,
2004-01-08,75.067626953125,15.609999656677246,,,44.19334411621094,40.133296966552734,2.26,2.42,
2004-01-09,74.41218566894531,16.75,,,44.55118942260742,40.833045959472656,2.31,2.43,-0.718
2004-01-12,74.96172332763672,16.81999969482422,,,44.6266975402832,40.800167083740234,2.32,2.43,
2004-01-13,74.5247802734375,18.040000915527344,,,44.74596405029297,41.077232360839844,2.35,2.42,
2004-01-14,75.1471176147461,16.75,,,44.84138107299805,41.27914047241211,2.33,2.36,
2004-01-15,75.33250427246094,15.5600004196167,,,45.044158935546875,41.43416213989258,2.33,2.32,
2004-01-16,75.63043212890625,15.0,,,44.84539031982422,41.14296340942383,2.3,2.34,-0.732
2004-01-20,75.6105728149414,15.210000038146973,,,44.753944396972656,41.13359451293945,2.31,2.39,
2004-01-21,76.20646667480469,14.34000015258789,,,44.857322692871094,41.23219680786133,2.33,2.36,
2004-01-22,76.00782012939453,14.710000038146973,,,45.08390808105469,41.53276443481445,2.33,2.33,
2004-01-23,75.76284790039062,14.84000015258789,,,44.726112365722656,41.034950256347656,2.3,2.38,-0.747
2004-01-26,76.71625518798828,14.550000190734863,,,44.47962188720703,40.78607940673828,2.28,2.41,
2004-01-27,75.92839050292969,15.350000381469727,,,44.749942779541016,41.03965377807617,2.26,2.41,
2004-01-28,75.06104278564453,16.780000686645508,,,44.3961067199707,40.678062438964844,2.23,2.35,
2004-01-29,75.13385772705078,17.139999389648438,,,44.38816833496094,40.59354782104492,2.19,2.34,
2004-01-30,75.13385772705078,16.6299991607666,,,44.49553298950195,40.87531661987305,2.19,2.32,-0.76
2004-02-02,75.45829772949219,17.110000610351562,,,44.48353576660156,40.78945541381836,2.17,2.35,
2004-02-03,75.33250427246094,17.34000015258789,,,44.575321197509766,40.996925354003906,2.18,2.35,
2004-02-04,74.71674346923828,17.8700008392334,,,44.53943634033203,40.91678237915039,2.16,2.35,
2004-02-05,74.93522644042969,17.709999084472656,,,44.46355438232422,40.75646209716797,2.13,2.35,
2004-02-06,75.7761001586914,16.0,,,44.595306396484375,41.20442581176758,2.16,2.35,-0.771
2004-02-09,75.79592895507812,16.389999389648438,,,44.782859802246094,41.32703399658203,2.16,2.33,
2004-02-10,76.04093170166016,15.9399995803833,,,44.651180267333984,41.09598159790039,2.15,2.31,
2004-02-11,76.84864807128906,15.390000343322754,,,44.9225959777832,41.402469635009766,2.19,2.32,
2004-02-12,76.57060241699219,15.3100004196167,,,44.8427734375,41.22798538208008,2.18,2.35,
2004-02-13,76.226318359375,15.579999923706055,,,45.09822082519531,41.402469635009766,2.2,2.35,-0.78
2004-02-17,76.91486358642578,15.399999618530273,,,44.96651840209961,41.37419128417969,2.19,2.35,
2004-02-18,76.57722473144531,15.59000015258789,,,44.86273193359375,41.430843353271484,2.19,2.33,
2004-02-19,76.2925033569336,15.800000190734863,,,45.02236557006836,41.47321701049805,2.19,2.35,
2004-02-20,76.06078338623047,16.040000915527344,,,44.802860260009766,41.18556594848633,2.18,2.35,-0.787
2004-02-23,75.86880493164062,16.290000915527344,,,44.92655563354492,41.44023132324219,2.2,2.36,
2004-02-24,75.73636627197266,15.899999618530273,,,44.970481872558594,41.515621185302734,2.19,2.35,
2004-02-25,76.05416870117188,14.930000305175781,,,45.002384185791016,41.5816650390625,2.21,2.35,
2004-02-26,76.10050201416016,14.829999923706055,,,45.03435516357422,41.44965362548828,2.2,2.36,
2004-02-27,76.15351104736328,14.550000190734863,,,45.16606521606445,41.80801773071289,2.21,2.33,-0.79
2004-03-01,76.90829467773438,14.4399995803833,,,45.152015686035156,41.79194259643555,2.2,2.33,
2004-03-02,76.45808410644531,14.859999656677246,,,45.06387710571289,41.526798248291016,2.19,2.31,
2004-03-03,76.59706115722656,14.550000190734863,,,45.0438117980957,41.451045989990234,2.18,2.33,
2004-03-04,76.79571533203125,14.399999618530273,,,45.115962982177734,41.635684967041016,2.18,2.31,
2004-03-05,77.05387878417969,14.479999542236328,,,45.59681701660156,42.44056701660156,2.25,2.28,-0.791
2004-03-08,76.11375427246094,15.789999961853027,,,45.72502517700195,42.69148635864258,2.3,2.26,
2004-03-09,75.80921173095703,16.600000381469727,,,45.817161560058594,42.975582122802734,2.3,2.22,
2004-03-10,74.53797912597656,18.670000076293945,,,45.965423583984375,42.94717025756836,2.31,2.2,
2004-03-11,73.57135009765625,20.670000076293945,,,45.76906967163086,43.008697509765625,2.32,2.22,
2004-03-12,74.53797912597656,18.299999237060547,,,45.716957092285156,42.74358367919922,2.31,2.24,-0.789
2004-03-15,73.62429809570312,21.1299991607666,,,45.76906967163086,42.814598083496094,2.31,2.22,
2004-03-16,74.01490020751953,20.34000015258789,,,45.977439880371094,43.1696891784668,2.34,2.19,
2004-03-17,74.8425521850586,18.110000610351562,,,46.00146484375,43.09867858886719,2.33,2.18,
2004-03-18,74.86241912841797,18.530000686645508,,,45.80915069580078,42.871402740478516,2.32,2.21,
2004-03-19,73.78939819335938,19.149999618530273,,,45.737030029296875,42.814598083496094,2.3,2.24,-0.785
2004-03-22,72.85260772705078,21.579999923706055,,,45.9133415222168,43.07499313354492,2.32,2.22,
2004-03-23,72.72633361816406,20.670000076293945,,,45.997474670410156,43.1507568359375,2.33,2.21,
2004-03-24,72.78611755371094,19.809999465942383,,,45.953399658203125,43.12705993652344,2.33,2.23,
2004-03-25,73.74951171875,17.8799991607666,,,45.82917404174805,42.96135330200195,2.34,2.24,
2004-03-26,73.76947784423828,17.329999923706055,,,45.48859786987305,42.50682830810547,2.31,2.26,-0.778
2004-03-29,74.80591583251953,16.5,,,45.56074142456055,42.22273635864258,2.28,2.28,
2004-03-30,75.05841827392578,16.280000686645508,,,45.44852828979492,42.19438171386719,2.28,2.28,
2004-03-31,75.144775390625,16.739999771118164,,,45.61281967163086,42.39794921875,2.29,2.26,
2004-04-01,75.5965347290039,16.649999618530273,,,45.593101501464844,42.259159088134766,2.27,2.26,
2004-04-02,76.16799926757812,15.640000343322754,,,44.881202697753906,41.213504791259766,2.17,2.29,-0.769
2004-04-05,76.58654022216797,14.970000267028809,,,44.65599060058594,40.8902587890625,2.13,2.33,
2004-04-06,76.34075164794922,15.319999694824219,,,44.86513900756836,41.11369323730469,2.16,2.33,
2004-04-07,76.16131591796875,15.760000228881836,,,44.8772087097168,41.01863479614258,2.15,2.32,
2004-04-08,75.98857116699219,16.260000228881836,,,44.921424865722656,40.899810791015625,2.15,2.33,
2004-04-12,76.28756713867188,15.279999732971191,,,44.64792251586914,40.75244903564453,2.13,2.34,
2004-04-13,75.21786499023438,17.260000228881836,,,44.36640930175781,40.31039047241211,2.11,2.34,
2004-04-14,75.33747863769531,15.619999885559082,,,44.306060791015625,40.27714920043945,2.08,2.27,
2004-04-15,75.0517578125,15.739999771118164,,,44.12107849121094,40.039527893066406,2.09,2.32,
2004-04-16,75.62982177734375,14.9399995803833,,,44.37448501586914,40.19160461425781,2.11,2.34,-0.744
2004-04-19,75.62982177734375,15.420000076293945,,,44.294010162353516,40.10601806640625,2.12,2.32,
2004-04-20,74.36080932617188,16.670000076293945,,,44.00439453125,39.74006652832031,2.1,2.32,
2004-04-21,74.85908508300781,15.600000381469727,,,44.04064178466797,39.93495178222656,2.09,2.23,
2004-04-22,75.90885162353516,14.609999656677246,,,44.28196716308594,40.17259979248047,2.1,2.25,
2004-04-23,75.9819564819336,14.010000228881836,,,44.09287643432617,39.944454193115234,2.07,2.19,-0.729
2004-04-26,75.8756103515625,14.770000457763672,,,44.09693908691406,40.0109977722168,2.06,2.18,
2004-04-27,75.94205474853516,15.069999694824219,,,44.306060791015625,40.16307067871094,2.08,2.22,
2004-04-28,74.95875549316406,16.290000915527344,,,44.036582946777344,39.7876091003418,2.06,2.2,
2004-04-29,74.30095672607422,16.600000381469727,,,43.83951950073242,39.592716217041016,2.06,2.21,
2004-04-30,73.72296905517578,17.190000534057617,,,43.83951950073242,39.75432586669922,2.05,2.22,-0.714
2004-05-03,74.51359558105469,16.6200008392334,,,43.896854400634766,39.80442810058594,2.05,2.19,
2004-05-04,74.45378875732422,16.549999237060547,,,43.75151443481445,39.53247833251953,2.07,2.24,
2004-05-05,74.93218994140625,15.770000457763672,,,43.68692398071289,39.42271041870117,2.05,2.27,
2004-05-06,74.28771209716797,17.049999237060547,,,43.488990783691406,39.31773376464844,2.06,2.24,
2004-05-07,73.05852508544922,18.1299991607666,,,42.92372512817383,38.802406311035156,1.97,2.15,-0.699
2004-05-10,72.30776977539062,19.770000457763672,,,42.604732513427734,38.71177673339844,1.98,2.2,
2004-05-11,72.91899871826172,18.56999969482422,,,42.68951416015625,38.8882942199707,1.99,2.18,
2004-05-12,73.38411712646484,18.139999389648438,,,42.70564651489258,38.63062286376953,2.0,2.21,
2004-05-13,73.07847595214844,18.860000610351562,,,42.47956466674805,38.48271179199219,2.02,2.18,
2004-05-14,73.11170959472656,18.469999313354492,,,42.73794174194336,38.797637939453125,2.03,2.2,-0.686
2004-05-17,72.48716735839844,19.959999084472656,,,42.94389724731445,39.14118957519531,2.08,2.19,
2004-05-18,72.85260772705078,19.329999923706055,,,43.00445556640625,38.98849105834961,2.05,2.16,
2004-05-19,72.60009765625,18.93000030517578,,,42.86314392089844,38.85968017578125,2.03,2.18,
2004-05-20,72.83263397216797,18.670000076293945,,,43.10139083862305,39.16027069091797,2.05,2.17,
2004-05-21,72.95886993408203,18.489999771118164,,,43.065032958984375,39.00279998779297,2.03,2.16,-0.676
2004-05-24,73.26451873779297,18.079999923706055,,,43.23867416381836,39.1268310546875,2.02,2.16,
2004-05-25,74.31427764892578,15.960000038146973,,,43.2830924987793,39.241371154785156,2.02,2.15,
2004-05-26,74.57339477539062,15.970000267028809,,,43.47694396972656,39.451290130615234,2.05,2.15,
2004-05-27,74.99197387695312,15.279999732971191,,,43.67475509643555,39.761478424072266,2.05,2.14,
2004-05-28,74.98534393310547,15.5,,,43.610137939453125,39.651710510253906,2.03,2.12,-0.668
2004-06-01,74.88567352294922,16.299999237060547,,,43.377445220947266,39.288658142089844,2.05,2.11,
2004-06-02,75.16470336914062,16.079999923706055,,,43.263938903808594,39.18802261352539,2.06,2.09,
2004-06-03,74.47373962402344,17.030000686645508,,,43.377445220947266,39.26947784423828,2.08,2.08,
2004-06-04,75.0650634765625,16.780000686645508,,,43.223388671875,39.0395622253418,2.06,2.08,-0.663
2004-06-07,76.20782470703125,15.390000343322754,,,43.280155181884766,39.04915237426758,2.05,2.11,
2004-06-08,76.31416320800781,15.010000228881836,,,43.284175872802734,39.12101364135742,2.04,2.05,
2004-06-09,75.60320281982422,15.390000343322754,,,43.093685150146484,38.953330993652344,2.03,2.03,
2004-06-10,75.97527313232422,15.039999961853027,,,43.11798095703125,39.029964447021484,2.03,2.0,
2004-06-14,75.22452545166016,16.06999969482422,,,42.899044036865234,38.7186279296875,2.01,1.92,
2004-06-15,75.75605010986328,15.050000190734863,,,43.38553237915039,39.53773498535156,2.06,1.92,
2004-06-16,75.74276733398438,14.789999961853027,,,43.389610290527344,39.38444137573242,2.04,1.9,
2004-06-17,75.62982177734375,15.149999618530273,,,43.474761962890625,39.64308547973633,2.03,1.9,
2004-06-18,75.77249145507812,14.989999771118164,,,43.42203903198242,39.55693054199219,2.03,1.91,-0.659
2004-06-21,75.48576354980469,15.260000228881836,,,43.49909591674805,39.58563232421875,2.05,1.9,
2004-06-22,75.8658447265625,14.3100004196167,,,43.43825912475586,39.465885162353516,2.05,1.92,
2004-06-23,76.51936340332031,13.979999542236328,,,43.409854888916016,39.54252243041992,2.06,1.93,
2004-06-24,76.27930450439453,14.8100004196167,,,43.55179214477539,39.78203201293945,2.06,1.92,
2004-06-25,75.91255187988281,15.1899995803833,,,43.584197998046875,39.82035446166992,2.07,1.92,-0.659
2004-06-28,75.6524887084961,16.06999969482422,,,43.280155181884766,39.41321563720703,2.04,1.9,
2004-06-29,75.96587371826172,15.470000267028809,,,43.584197998046875,39.66227340698242,2.06,1.87,
2004-06-30,76.37265014648438,14.34000015258789,,,43.66526412963867,40.0694465637207,2.09,1.92,
2004-07-01,75.31238555908203,15.199999809265137,,,43.883460998535156,40.14446258544922,2.12,1.93,
2004-07-02,75.27239227294922,15.079999923706055,,,44.18882751464844,40.56769943237305,2.13,1.94,-0.66
2004-07-06,74.61222076416016,16.25,,,44.0870475769043,40.50032043457031,2.14,1.93,
2004-07-07,74.83226013183594,15.8100004196167,,,44.123687744140625,40.514793395996094,2.13,1.94,
2004-07-08,74.3121337890625,16.200000762939453,,,44.14809799194336,40.538841247558594,2.14,1.94,
2004-07-09,74.50550842285156,15.779999732971191,,,44.16438293457031,40.582122802734375,2.14,1.94,-0.663
2004-07-12,74.53884887695312,14.960000038146973,,,44.25395965576172,40.63981628417969,2.15,1.93,
2004-07-13,74.59220123291016,14.460000038146973,,,44.16844940185547,40.51960754394531,2.14,1.92,
2004-07-14,74.36547088623047,13.760000228881836,,,44.18882751464844,40.53403091430664,2.12,1.88,
2004-07-15,73.88536834716797,14.710000038146973,,,44.099239349365234,40.57731246948242,2.12,1.86,
2004-07-16,73.82532501220703,14.34000015258789,,,44.526695251464844,41.11598205566406,2.15,1.84,-0.665
2004-07-19,73.51190948486328,15.170000076293945,,,44.55521011352539,41.14482879638672,2.14,1.82,
2004-07-20,74.4455337524414,14.170000076293945,,,44.249900817871094,40.77448272705078,2.12,1.8,
2004-07-21,73.07186126708984,16.40999984741211,,,44.241737365722656,40.663883209228516,2.12,1.79,
2004-07-22,73.27189636230469,15.75,,,44.139991760253906,40.721595764160156,2.13,1.79,
2004-07-23,72.65840148925781,16.5,,,44.33128356933594,40.856266021728516,2.13,1.76,-0.667
2004-07-26,72.51838684082031,17.299999237060547,,,44.30685043334961,40.663883209228516,2.11,1.74,
2004-07-27,73.19854736328125,16.549999237060547,,,43.99747085571289,40.11561965942383,2.09,1.8,
2004-07-28,73.41857147216797,16.149999618530273,,,43.86717987060547,40.12040328979492,2.1,1.83,
2004-07-29,73.73200988769531,15.680000305175781,,,44.03411865234375,40.21182632446289,2.09,1.85,
2004-07-30,73.91206359863281,15.319999694824219,,,44.34756088256836,40.6831169128418,2.1,1.82,-0.669
2004-08-02,74.06539154052734,15.369999885559082,,,44.4387092590332,40.73622512817383,2.13,1.82,
2004-08-03,73.49195861816406,16.030000686645508,,,44.389678955078125,40.900367736816406,2.14,1.79,
2004-08-04,73.48526000976562,16.209999084472656,,,44.50820541381836,40.91968536376953,2.14,1.79,
2004-08-05,72.28495025634766,18.31999969482422,,,44.58991622924805,41.03559494018555,2.14,1.79,
2004-08-06,71.2513656616211,19.34000015258789,,,44.990440368652344,41.726036071777344,2.22,1.84,-0.67
2004-08-09,71.35139465332031,18.889999389648438,,,44.99863052368164,41.58119201660156,2.19,1.83,
2004-08-10,72.27161407470703,17.469999313354492,,,44.85151672363281,41.43154525756836,2.18,1.77,
2004-08-11,72.12492370605469,18.040000915527344,,,44.81881332397461,41.61014175415039,2.17,1.76,
2004-08-12,71.33808135986328,19.079999923706055,,,44.88011932373047,41.697078704833984,2.19,1.75,
2004-08-13,71.47813415527344,17.979999542236328,,,45.05996322631836,41.832237243652344,2.2,1.75,-0.672
2004-08-16,72.21830749511719,17.56999969482422,,,45.014991760253906,41.687408447265625,2.2,1.75,
2004-08-17,72.62505340576172,17.020000457763672,,,45.260189056396484,41.92399215698242,2.21,1.77,
2004-08-18,73.37189483642578,16.229999542236328,,,45.12941360473633,41.72121810913086,2.2,1.79,
2004-08-19,73.15852355957031,16.959999084472656,,,45.288795471191406,41.8226203918457,2.2,1.79,
2004-08-20,73.67196655273438,16.0,,,45.12533950805664,41.783958435058594,2.19,1.78,-0.673
2004-08-23,73.48526000976562,15.880000114440918,,,45.03954315185547,41.54254150390625,2.19,1.78,
2004-08-24,73.58528900146484,15.329999923706055,,,44.99863052368164,41.566688537597656,2.18,1.78,
2004-08-25,74.08544158935547,14.979999542236328,,,45.21117401123047,41.711551666259766,2.18,1.75,
2004-08-26,74.08544158935547,14.90999984741211,,,45.23976135253906,41.9481201171875,2.19,1.74,
2004-08-27,74.31877136230469,14.710000038146973,,,45.34604263305664,41.91915512084961,2.18,1.75,-0.673
2004-08-30,73.70530700683594,15.4399995803833,,,45.52179718017578,42.117149353027344,2.19,1.72,
2004-08-31,74.09208679199219,15.289999961853027,,,45.713905334472656,42.37785339355469,2.19,1.72,
2004-09-01,74.23211669921875,14.90999984741211,,,45.626487731933594,42.4214973449707,2.2,1.72,
2004-09-02,75.07232666015625,14.279999732971191,,,45.43363952636719,42.004573822021484,2.17,1.74,
2004-09-03,74.76557922363281,13.90999984741211,,,45.07664489746094,42.00944900512695,2.15,1.69,-0.672
2004-09-07,75.25904846191406,14.069999694824219,,,45.3310661315918,41.96580123901367,2.13,1.68,
2004-09-08,75.07232666015625,14.0600004196167,,,45.52391052246094,42.31968688964844,2.15,1.68,
2004-09-09,75.00566101074219,14.010000228881836,,,45.6182861328125,42.159732818603516,2.15,1.72,
2004-09-10,75.39241027832031,13.760000228881836,,,45.59367370605469,42.222740173339844,2.16,1.69,-0.672
2004-09-13,75.63916778564453,13.170000076293945,,,45.749595642089844,42.40693664550781,2.15,1.66,
2004-09-14,75.79249572753906,13.5600004196167,,,45.761905670166016,42.45058059692383,2.15,1.68,
2004-09-15,75.21903991699219,14.640000343322754,,,45.761905670166016,42.35361862182617,2.14,1.67,
2004-09-16,75.44573211669922,14.390000343322754,,,46.02450180053711,42.83353805541992,2.16,1.64,
2004-09-17,75.76653289794922,14.029999732971191,,,45.852142333984375,42.620216369628906,2.13,1.61,-0.671
2004-09-20,75.31116485595703,14.430000305175781,,,46.10244369506836,42.901363372802734,2.14,1.61,
2004-09-21,75.63926696777344,13.65999984741211,,,46.11888122558594,43.02741622924805,2.14,1.56,
2004-09-22,74.69510650634766,14.739999771118164,,,46.28298568725586,43.4734001159668,2.13,1.5,
2004-09-23,74.29335021972656,14.800000190734863,,,46.098358154296875,43.29888916015625,2.13,1.45,
2004-09-24,74.6348648071289,14.279999732971191,,,46.08195114135742,43.35222244262695,2.12,1.42,-0.67
2004-09-27,74.15943908691406,14.619999885559082,,,46.24192428588867,43.5412712097168,2.13,1.42,
2004-09-28,74.51432800292969,13.829999923706055,,,46.2091064453125,43.36677551269531,2.14,1.47,
2004-09-29,74.88932037353516,13.210000038146973,,,45.991676330566406,42.94502639770508,2.12,1.49,
2004-09-30,74.83574676513672,13.34000015258789,,,45.856239318847656,42.78017044067383,2.11,1.51,
2004-10-01,76.10132598876953,12.75,,,45.65320587158203,42.5665168762207,2.09,1.58,-0.67
2004-10-04,76.2285385131836,13.40999984741211,,,45.62432098388672,42.62980270385742,2.1,1.54,
2004-10-05,76.26870727539062,13.949999809265137,,,45.813804626464844,42.62980270385742,2.1,1.53,
2004-10-06,76.79100036621094,13.279999732971191,,,45.682010650634766,42.435062408447266,2.09,1.53,
2004-10-07,75.96739196777344,14.5,,,45.58316421508789,42.250125885009766,2.09,1.54,
2004-10-08,75.33795928955078,15.050000190734863,,,46.02801513671875,42.80989456176758,2.1,1.54,-0.67
2004-10-11,75.6459732055664,14.710000038146973,,,46.06919860839844,42.853702545166016,,,
2004-10-12,75.35133361816406,15.050000190734863,,,46.09391403198242,42.95104217529297,2.11,1.56,
2004-10-13,74.68843078613281,15.420000076293945,,,46.27100372314453,43.1068115234375,2.12,1.56,
2004-10-14,74.08576202392578,16.43000030517578,,,46.46049118041992,43.31126022338867,2.13,1.55,
2004-10-15,74.50096130371094,15.039999961853027,,,46.25453186035156,43.1603889465332,2.12,1.54,-0.671
2004-10-18,74.78215026855469,14.710000038146973,,,46.33281707763672,43.17981719970703,2.13,1.52,
2004-10-19,74.15271759033203,15.130000114440918,,,46.3245735168457,43.29179000854492,2.1,1.5,
2004-10-20,74.00541687011719,14.850000381469727,,,46.47695541381836,43.588687896728516,2.13,1.48,
2004-10-21,74.48755645751953,14.539999961853027,,,46.43577194213867,43.617897033691406,2.12,1.44,
2004-10-22,73.65052032470703,15.279999732971191,,,46.398685455322266,43.72012710571289,2.12,1.45,-0.674
2004-10-25,73.5634765625,16.579999923706055,,,46.501678466796875,43.75421142578125,2.13,1.45,
2004-10-26,74.68843078613281,16.389999389648438,,,46.452239990234375,43.62278747558594,2.11,1.47,
2004-10-27,75.58568572998047,15.720000267028809,,,46.17218017578125,43.194427490234375,2.08,1.48,
2004-10-28,75.81338500976562,15.390000343322754,,,46.25042724609375,43.335594177246094,2.1,1.5,
2004-10-29,75.79999542236328,16.270000457763672,,,46.398685455322266,43.535194396972656,2.09,1.49,-0.677
2004-11-01,76.00755310058594,16.270000457763672,,,46.20477294921875,43.26439666748047,2.09,1.5,
2004-11-02,76.03434753417969,16.18000030517578,,,46.275108337402344,43.32793045043945,2.09,1.5,
2004-11-03,76.99188995361328,14.039999961853027,,,46.18413543701172,43.34748458862305,2.08,1.49,
2004-11-04,78.04319763183594,13.970000267028809,,,46.38259506225586,43.39143371582031,2.05,1.47,
2004-11-05,78.53201293945312,13.84000015258789,,,46.18413543701172,42.917354583740234,2.02,1.41,-0.681
2004-11-08,78.41815185546875,13.800000190734863,,,45.989768981933594,42.765872955322266,2.03,1.42,
2004-11-09,78.2641372680664,13.609999656677246,,,45.998043060302734,42.74142074584961,2.03,1.42,
2004-11-10,78.32443237304688,13.079999923706055,,,45.95671844482422,42.58013153076172,2.04,1.43,
2004-11-11,78.92037963867188,13.039999961853027,,,45.96084976196289,42.487274169921875,,,
2004-11-12,79.54312896728516,13.329999923706055,,,46.192386627197266,42.94670486450195,2.02,1.34,-0.685
2004-11-15,79.73853302001953,13.380000114440918,,,46.20892333984375,42.985801696777344,2.01,1.31,
2004-11-16,79.16766357421875,13.210000038146973,,,46.18413543701172,42.985801696777344,2.0,1.3,
2004-11-17,79.63778686523438,13.210000038146973,,,46.44048309326172,43.35235595703125,2.01,1.29,
2004-11-18,79.74526977539062,12.979999542236328,,,46.5149040222168,43.48430252075195,2.01,1.26,
2004-11-19,78.85873413085938,13.5,,,46.27095031738281,43.137306213378906,1.99,1.25,-0.686
2004-11-22,79.23487854003906,12.970000267028809,,,46.25029754638672,43.362159729003906,1.96,1.23,
2004-11-23,79.35574340820312,12.670000076293945,,,46.308162689208984,43.41586685180664,1.96,1.21,
2004-11-24,79.54378509521484,12.720000267028809,,,46.30403137207031,43.41586685180664,1.95,1.19,
2004-11-26,79.48332977294922,12.779999732971191,,,46.13862609863281,43.13240432739258,1.96,1.21,-0.686
2004-11-29,79.12065887451172,13.300000190734863,,,45.77476119995117,42.672977447509766,1.93,1.27,
2004-11-30,79.17440795898438,13.239999771118164,,,45.8326530456543,42.49216842651367,1.95,1.34,
2004-12-01,80.0743408203125,12.970000267028809,,,45.80524826049805,42.4259033203125,1.95,1.37,
2004-12-02,80.14149475097656,12.979999542236328,,,45.66004180908203,42.2541618347168,1.94,1.36,
2004-12-03,80.08777618408203,12.960000038146973,,,45.91731643676758,42.91175842285156,1.96,1.33,-0.684
2004-12-06,80.0609130859375,13.1899995803833,,,46.04600143432617,43.05897903442383,1.96,1.31,
2004-12-07,79.31543731689453,13.670000076293945,,,46.15394592285156,43.112972259521484,1.96,1.28,
2004-12-08,79.77886199951172,13.1899995803833,,,46.31166458129883,43.785308837890625,1.94,1.23,
2004-12-09,80.0609130859375,12.880000114440918,,,46.419559478759766,43.49576187133789,1.94,1.26,
2004-12-10,80.14149475097656,12.760000228881836,,,46.44028091430664,43.603702545166016,1.95,1.21,-0.681
2004-12-13,80.83997344970703,12.539999961853027,,,46.53165054321289,43.696956634521484,1.94,1.18,
2004-12-14,81.12202453613281,12.729999542236328,,,46.552364349365234,43.86870193481445,1.94,1.15,
2004-12-15,81.1824951171875,12.350000381469727,,,46.8013801574707,44.2662353515625,1.91,1.12,
2004-12-16,81.13545227050781,12.270000457763672,,,46.398773193359375,43.613548278808594,1.92,1.18,
2004-12-17,80.59432220458984,11.949999809265137,,,46.44861602783203,43.55461883544922,1.92,1.18,-0.676
2004-12-20,80.61453247070312,11.829999923706055,,,46.41539001464844,43.633140563964844,1.9,1.15,
2004-12-21,81.2353515625,11.550000190734863,,,46.436195373535156,43.76565170288086,1.91,1.13,
2004-12-22,81.4310302734375,11.449999809265137,,,46.48597717285156,43.61845397949219,1.91,1.17,
2004-12-23,81.49173736572266,11.229999542236328,,,46.568992614746094,43.47612380981445,1.91,1.21,
2004-12-27,81.32305908203125,12.140000343322754,,,46.3199462890625,43.13749694824219,1.9,1.23,
2004-12-28,81.76841735839844,12.0,,,46.36974334716797,43.1031494140625,1.9,1.23,
2004-12-29,81.88987731933594,11.619999885559082,,,46.2991828918457,43.05897903442383,1.89,1.21,
2004-12-30,81.7346420288086,12.5600004196167,,,46.465232849121094,43.34852600097656,1.89,1.17,
2004-12-31,81.55925750732422,13.289999961853027,,,46.4702262878418,43.62192153930664,1.86,1.16,-0.666
2005-01-03,81.17463684082031,14.079999923706055,,,46.770206451416016,43.71552658081055,1.86,1.13,
2005-01-04,80.18268585205078,13.979999542236328,,,46.50769805908203,43.25737380981445,1.85,1.09,
2005-01-05,79.62937927246094,14.09000015258789,,,46.545204162597656,43.48893737792969,1.83,1.07,
2005-01-06,80.03422546386719,13.579999923706055,,,46.578514099121094,43.51851272583008,1.84,1.11,
2005-01-07,79.91954040527344,13.489999771118164,,,46.55775451660156,43.616973876953125,1.83,1.09,-0.664
2005-01-10,80.29740142822266,13.229999542236328,,,46.478546142578125,43.68597412109375,1.82,1.06,
2005-01-11,79.74408721923828,13.1899995803833,,,46.586875915527344,43.942138671875,1.81,1.02,
2005-01-12,80.00727844238281,12.5600004196167,,,46.63274383544922,44.00121307373047,1.81,1.03,
2005-01-13,79.36624145507812,12.84000015258789,,,46.75770950317383,44.4249153137207,1.8,0.99,
2005-01-14,79.78459167480469,12.430000305175781,,,46.81186294555664,44.41996383666992,1.79,0.99,-0.665
2005-01-18,80.61453247070312,12.470000267028809,,,46.8369026184082,44.567779541015625,1.77,0.95,
2005-01-19,79.7710952758789,13.180000305175781,,,46.907711029052734,44.69588088989258,1.76,0.94,
2005-01-20,79.28527069091797,13.829999923706055,,,46.82441329956055,44.78452682495117,1.8,0.96,
2005-01-21,78.79937744140625,14.359999656677246,,,46.92850875854492,44.83380126953125,1.79,1.0,-0.668
2005-01-24,78.64424896240234,14.649999618530273,,,47.011871337890625,45.025901794433594,1.77,0.94,
2005-01-25,78.86689758300781,14.0600004196167,,,46.853538513183594,44.60227966308594,1.78,0.97,
2005-01-26,79.1030502319336,13.4399995803833,,,46.87022018432617,44.686004638671875,1.76,0.94,
2005-01-27,79.23799133300781,13.239999771118164,,,46.770206451416016,44.60227966308594,1.75,0.94,
2005-01-28,79.23799133300781,13.239999771118164,,,47.04104232788086,45.0505485534668,1.75,0.91,-0.673
2005-01-31,79.73060607910156,12.819999694824219,,,47.04104232788086,45.17864990234375,1.75,0.85,
2005-02-01,80.2366943359375,12.029999732971191,,,47.03142547607422,45.106964111328125,1.74,0.86,
2005-02-02,80.47959899902344,11.65999984741211,,,46.989601135253906,45.210784912109375,1.73,0.83,
2005-02-03,80.27043914794922,11.789999961853027,,,47.04814910888672,45.1860466003418,1.7,0.84,
2005-02-04,81.12737274169922,11.210000038146973,,,47.198753356933594,45.81402587890625,1.69,0.8,-0.679
2005-02-07,81.0194091796875,11.729999542236328,,,47.21543502807617,46.15520477294922,1.65,0.76,
2005-02-08,81.1138687133789,11.600000381469727,,,47.38694381713867,46.41733932495117,1.63,0.72,
2005-02-09,80.506591796875,12.0,,,47.5541877746582,46.54091262817383,1.64,0.76,
2005-02-10,80.7967529296875,11.510000228881836,,,47.38694381713867,45.91291427612305,1.67,0.78,
2005-02-11,81.49173736572266,11.430000305175781,,,47.2489128112793,45.88328170776367,1.65,0.76,-0.682
2005-02-14,81.4310302734375,11.520000457763672,,,47.3283805847168,46.02667999267578,1.63,0.7,
2005-02-15,81.7346420288086,11.270000457763672,,,47.25724411010742,45.79425811767578,1.64,0.73,
2005-02-16,81.78865814208984,11.100000381469727,,,47.03142547607422,45.621177673339844,1.62,0.75,
2005-02-17,81.12737274169922,11.770000457763672,,,46.926883697509766,45.33439636230469,1.64,0.81,
2005-02-18,81.2353515625,11.180000305175781,,,46.847415924072266,44.92888259887695,1.62,0.82,-0.683
2005-02-22,80.02749633789062,13.140000343322754,,,46.80558395385742,44.73109817504883,1.64,0.83,
2005-02-23,80.60105895996094,12.390000343322754,,,46.87248611450195,44.879493713378906,1.64,0.81,
2005-02-24,81.13410186767578,11.569999694824219,,,46.78047180175781,44.78058624267578,1.62,0.77,
2005-02-25,81.93708801269531,11.489999771118164,,,46.86415100097656,44.99816131591797,1.62,0.73,-0.68
2005-02-28,81.39723205566406,12.079999923706055,,,46.60063552856445,44.513553619384766,1.59,0.77,
2005-03-01,81.8021469116211,12.039999961853027,,,46.591827392578125,44.49967575073242,1.58,0.79,
2005-03-02,81.76164245605469,12.5,,,46.60858917236328,44.44014358520508,1.6,0.81,
2005-03-03,81.7953872680664,12.930000305175781,,,46.604434967041016,44.415313720703125,1.59,0.8,
2005-03-04,82.81430053710938,11.9399995803833,,,46.75556564331055,44.89649963378906,1.57,0.75,-0.673
2005-03-07,82.85478210449219,12.260000228881836,,,46.88994216918945,45.075050354003906,1.55,0.7,
2005-03-08,82.5444107055664,12.399999618530273,,,46.67998123168945,44.648494720458984,1.54,0.76,
2005-03-09,81.62664794921875,12.699999809265137,,,46.23493957519531,43.91930389404297,1.53,0.86,
2005-03-10,81.80886840820312,12.489999771118164,,,46.29787826538086,44.18716812133789,1.51,0.8,
2005-03-11,81.2353515625,12.800000190734863,,,46.21815490722656,43.864715576171875,1.48,0.83,-0.662
2005-03-14,81.74140930175781,12.390000343322754,,,46.213897705078125,44.127620697021484,1.5,0.77,
2005-03-15,81.06664276123047,13.149999618530273,,,46.02497863769531,43.84986877441406,1.51,0.79,
2005-03-16,80.37837982177734,13.489999771118164,,,46.184566497802734,44.117698669433594,1.53,0.8,
2005-03-17,80.54031372070312,13.289999961853027,,,46.07958984375,44.26154708862305,1.57,0.77,
2005-03-18,80.30117797851562,13.140000343322754,,,45.94101333618164,43.98379898071289,1.59,0.79,-0.648
2005-03-21,80.00314331054688,13.609999656677246,,,45.886436462402344,43.85976028442383,1.6,0.81,
2005-03-22,79.19024658203125,14.270000457763672,,,45.49177551269531,43.48774719238281,1.56,0.77,
2005-03-23,79.25798034667969,14.0600004196167,,,45.62614822387695,43.696067810058594,1.57,0.77,
2005-03-24,79.352783203125,13.420000076293945,,,45.72271728515625,43.78533935546875,1.58,0.72,
2005-03-28,79.46797180175781,13.75,,,45.65550231933594,43.5174674987793,1.58,0.74,
2005-03-29,78.9395980834961,14.489999771118164,,,45.73532485961914,43.77539825439453,1.6,0.73,
2005-03-30,80.05731201171875,13.640000343322754,,,45.85285186767578,43.993675231933594,1.61,0.7,
2005-03-31,79.90825653076172,14.020000457763672,,,46.01243209838867,44.31117248535156,1.64,0.7,
2005-04-01,79.54924011230469,14.09000015258789,,,46.054527282714844,44.460540771484375,1.65,0.71,-0.619
2005-04-04,79.68473815917969,14.109999656677246,,,45.77213668823242,44.4505729675293,1.65,0.73,
2005-04-05,80.06409454345703,13.680000305175781,,,45.91123580932617,44.3360481262207,1.66,0.73,
2005-04-06,80.34185791015625,13.149999618530273,,,45.88595199584961,44.49037551879883,1.67,0.74,
2005-04-07,80.77536010742188,12.329999923706055,,,45.65407943725586,44.13190460205078,1.65,0.77,
2005-04-08,79.93537139892578,12.619999885559082,,,45.80161666870117,44.28630447387695,1.64,0.73,-0.606
2005-04-11,79.99634552001953,11.979999542236328,,,45.928131103515625,44.5252571105957,1.67,0.7,
2005-04-12,80.40958404541016,11.300000190734863,,,46.113582611083984,44.938472747802734,1.66,0.67,
2005-04-13,79.46117401123047,13.3100004196167,,,46.22315979003906,44.828948974609375,1.69,0.72,
2005-04-14,78.42473602294922,14.529999732971191,,,46.054527282714844,44.75925827026367,1.75,0.77,
2005-04-15,77.32732391357422,17.739999771118164,,,46.26536178588867,45.35172653198242,1.78,0.73,-0.594
2005-04-18,77.56438446044922,16.559999465942383,,,46.273773193359375,45.31686782836914,1.75,0.72,
2005-04-19,78.18086242675781,14.960000038146973,,,46.46767807006836,45.75502395629883,1.76,0.71,
2005-04-20,77.0902328491211,16.920000076293945,,,46.49298095703125,45.640533447265625,1.78,0.7,
2005-04-21,78.5873031616211,14.40999984741211,,,46.248470306396484,45.16252899169922,1.73,0.67,
2005-04-22,78.28927612304688,15.380000114440918,,,46.46767807006836,45.54092025756836,1.74,0.64,-0.585
2005-04-25,78.8040771484375,14.619999885559082,,,46.581520080566406,45.67535400390625,1.71,0.62,
2005-04-26,78.03860473632812,14.90999984741211,,,46.50564956665039,45.605655670166016,1.7,0.61,
2005-04-27,78.34343719482422,14.869999885559082,,,46.73329544067383,45.76496505737305,1.72,0.61,
2005-04-28,77.36122131347656,16.860000610351562,,,46.92717361450195,46.103519439697266,1.75,0.6,
2005-04-29,78.41118621826172,15.3100004196167,,,46.758541107177734,46.02391052246094,1.76,0.55,-0.578
2005-05-02,78.85151672363281,15.119999885559082,,,46.774627685546875,46.01386642456055,1.77,0.57,
2005-05-03,78.98702239990234,14.529999732971191,,,46.800071716308594,46.13877868652344,1.77,0.53,
2005-05-04,79.59668731689453,13.850000381469727,,,46.6942024230957,45.734092712402344,1.83,0.57,
2005-05-05,79.56959533691406,13.979999542236328,,,46.76193618774414,45.83900451660156,1.84,0.61,
2005-05-06,79.31895446777344,14.050000190734863,,,46.50800704956055,45.49921798706055,1.82,0.55,-0.573
2005-05-09,79.81346130371094,13.75,,,46.347206115722656,45.544189453125,1.78,0.53,
2005-05-10,78.98702239990234,14.90999984741211,,,46.33872985839844,45.86897277832031,1.82,0.54,
2005-05-11,79.42052459716797,14.449999809265137,,,46.3810920715332,46.00888442993164,1.81,0.53,
2005-05-12,78.54666137695312,16.1200008392334,,,46.23298263549805,46.18880081176758,1.83,0.52,
2005-05-13,78.39085388183594,16.31999969482422,,,46.49107360839844,46.36864471435547,1.88,0.51,-0.569
2005-05-16,79.12248992919922,15.680000305175781,,,46.4191780090332,46.313663482666016,1.89,0.52,
2005-05-17,79.65082550048828,14.569999694824219,,,46.44455337524414,46.443565368652344,1.91,0.51,
2005-05-18,80.4705581665039,13.630000114440918,,,46.60959243774414,46.75335693359375,1.92,0.51,
2005-05-19,80.80921936035156,13.319999694824219,,,46.54188919067383,46.633460998535156,1.91,0.47,
2005-05-20,80.6941146850586,13.140000343322754,,,46.52915573120117,46.68846130371094,1.89,0.44,-0.567
2005-05-23,81.14119720458984,12.949999809265137,,,46.72386932373047,47.05316925048828,1.89,0.42,
2005-05-24,80.95150756835938,12.6899995803833,,,46.825416564941406,47.18307113647461,1.91,0.43,
2005-05-25,80.89056396484375,12.579999923706055,,,46.82121276855469,46.853328704833984,1.91,0.47,
2005-05-26,81.32410430908203,12.239999771118164,,,46.850772857666016,46.83831787109375,1.91,0.44,
2005-05-27,81.45958709716797,12.149999618530273,,,46.8465690612793,46.88827133178711,1.91,0.44,-0.567
2005-05-31,80.93794250488281,13.289999961853027,,,47.04972839355469,47.46786117553711,1.9,0.4,
2005-06-01,81.62894439697266,12.359999656677246,,,47.373023986816406,48.04912567138672,1.91,0.41,
2005-06-02,81.8050537109375,11.84000015258789,,,47.555686950683594,48.16448974609375,1.89,0.37,
2005-06-03,81.39183807373047,12.149999618530273,,,47.30502700805664,47.76826858520508,1.84,0.41,-0.568
2005-06-06,81.31732177734375,12.279999732971191,,,47.43675231933594,48.019012451171875,1.82,0.37,
2005-06-07,81.3782958984375,12.390000343322754,,,47.53443908691406,48.40020751953125,1.82,0.35,
2005-06-08,81.22927856445312,12.699999809265137,,,47.43675231933594,48.16947937011719,1.82,0.35,
2005-06-09,81.61538696289062,12.079999923706055,,,47.34749984741211,48.129356384277344,1.83,0.34,
2005-06-10,81.42571258544922,11.960000038146973,,,47.135108947753906,47.58775329589844,1.84,0.34,-0.569
2005-06-13,81.68310546875,11.649999618530273,,,47.024627685546875,47.301918029785156,1.84,0.38,
2005-06-14,81.87281799316406,11.789999961853027,,,46.973636627197266,46.99097442626953,1.87,0.42,
2005-06-15,82.02860260009766,11.460000038146973,,,46.88446044921875,47.07624053955078,1.87,0.4,
2005-06-16,82.23859405517578,11.149999618530273,,,46.93119430541992,47.31192398071289,1.86,0.39,
2005-06-17,82.5433349609375,11.479999542236328,,,46.922706604003906,47.30691909790039,1.85,0.37,-0.57
2005-06-20,82.57052612304688,11.470000267028809,,,46.86744689941406,47.22666549682617,1.85,0.39,
2005-06-21,82.61813354492188,11.079999923706055,,,47.024627685546875,47.57272720336914,1.85,0.35,
2005-06-22,82.68612670898438,11.050000190734863,,,47.36030197143555,48.14944076538086,1.89,0.33,
2005-06-23,81.52312469482422,12.130000114440918,,,47.38999557495117,48.09929656982422,1.88,0.33,
2005-06-24,80.92456817626953,12.180000305175781,,,47.50895309448242,48.34001541137695,1.89,0.33,-0.572
2005-06-27,81.04017639160156,12.520000457763672,,,47.576908111572266,48.470401763916016,1.89,0.3,
2005-06-28,81.7203598022461,11.579999923706055,,,47.42823028564453,48.139381408691406,1.87,0.32,
2005-06-29,81.50269317626953,11.770000457763672,,,47.45368576049805,48.064205169677734,1.87,0.34,
2005-06-30,81.06057739257812,12.039999961853027,,,47.623619079589844,48.495460510253906,1.87,0.28,
2005-07-01,81.29861450195312,11.399999618530273,,,47.4049186706543,47.90768051147461,1.83,0.3,-0.574
2005-07-05,81.95157623291016,11.680000305175781,,,47.251346588134766,47.45478820800781,1.84,0.32,
2005-07-06,81.26464080810547,12.270000457763672,,,47.35372543334961,47.7164421081543,1.85,0.31,
2005-07-07,81.58428192138672,12.489999771118164,,,47.477413177490234,47.81711959838867,1.84,0.34,
2005-07-08,82.51608276367188,11.449999809265137,,,47.38356399536133,47.62087631225586,1.83,0.33,-0.575
2005-07-11,82.93779754638672,11.279999732971191,,,47.12342834472656,47.62087631225586,1.81,0.3,
2005-07-12,83.15543365478516,10.949999809265137,,,47.01679992675781,47.354164123535156,1.8,0.33,
2005-07-13,83.27108001708984,10.84000015258789,,,47.12342834472656,47.28367233276367,1.79,0.33,
2005-07-14,83.59757995605469,10.8100004196167,,,47.16608810424805,47.162933349609375,1.78,0.33,
2005-07-15,83.54991912841797,10.329999923706055,,,47.187374114990234,47.28874969482422,1.77,0.32,-0.579
2005-07-18,83.21666717529297,10.770000457763672,,,47.148983001708984,46.93644332885742,1.8,0.33,
2005-07-19,83.67237854003906,10.449999809265137,,,47.187374114990234,47.1025276184082,1.78,0.32,
2005-07-20,83.95804595947266,10.229999542236328,,,47.23858642578125,47.35917282104492,1.77,0.27,
2005-07-21,83.46833038330078,10.970000267028809,,,46.995479583740234,46.71504211425781,1.76,0.32,
2005-07-22,84.02605438232422,10.520000457763672,,,47.21293640136719,47.07733917236328,1.75,0.31,-0.581
2005-07-25,83.78797912597656,11.100000381469727,,,47.20870590209961,46.906246185302734,1.72,0.3,
2005-07-26,83.89002990722656,10.989999771118164,,,47.21723937988281,46.98177719116211,1.72,0.29,
2005-07-27,84.19607543945312,10.359999656677246,,,47.157527923583984,46.906246185302734,1.71,0.28,
2005-07-28,84.72661590576172,10.520000457763672,,,47.33667755126953,47.32394790649414,1.68,0.24,
2005-07-29,84.16205596923828,11.569999694824219,,,47.23000717163086,46.85593795776367,1.67,0.26,-0.582
2005-08-01,84.10088348388672,12.079999923706055,,,47.117862701416016,46.681678771972656,1.67,0.28,
2005-08-02,84.60417175292969,11.75,,,47.03219223022461,46.53018569946289,1.68,0.28,
2005-08-03,84.82862091064453,11.829999923706055,,,47.14354705810547,46.757423400878906,1.7,0.28,
2005-08-04,84.14849090576172,12.520000457763672,,,47.14354705810547,46.66147994995117,1.69,0.28,
2005-08-05,83.57714080810547,12.479999542236328,,,47.062191009521484,46.29780960083008,1.67,0.29,-0.581
2005-08-08,83.42070770263672,13.210000038146973,,,46.84806823730469,46.21192932128906,1.67,0.26,
2005-08-09,83.92402648925781,12.399999618530273,,,46.92515182495117,46.38368606567383,1.66,0.28,
2005-08-10,83.88325500488281,12.380000114440918,,,46.96370315551758,46.33317184448242,1.68,0.27,
2005-08-11,84.21649932861328,12.420000076293945,,,47.109283447265625,46.65642547607422,1.71,0.22,
2005-08-12,83.6995620727539,12.739999771118164,,,47.336204528808594,47.1312255859375,1.71,0.19,-0.578
2005-08-15,84.21649932861328,12.260000228881836,,,47.26771926879883,47.0099983215332,1.71,0.19,
2005-08-16,83.1214370727539,13.520000457763672,,,47.391910552978516,47.338321685791016,1.71,0.2,
2005-08-17,83.1146469116211,13.300000190734863,,,47.26771926879883,47.02515411376953,1.71,0.21,
2005-08-18,83.10783386230469,13.420000076293945,,,47.40043640136719,47.37367248535156,1.73,0.2,
2005-08-19,83.29825592041016,13.420000076293945,,,47.357666015625,47.368587493896484,1.72,0.18,-0.573
2005-08-22,83.29825592041016,13.420000076293945,,,47.336204528808594,47.3181037902832,1.72,0.19,
2005-08-23,83.1418228149414,13.34000015258789,,,47.374778747558594,47.535316467285156,1.72,0.19,
2005-08-24,82.40048217773438,14.170000076293945,,,47.357666015625,47.58076477050781,1.72,0.2,
2005-08-25,82.69976043701172,13.729999542236328,,,47.44755172729492,47.73231506347656,1.7,0.18,
2005-08-26,82.1352310180664,13.720000267028809,,,47.524658203125,47.71713638305664,1.69,0.14,-0.566
2005-08-29,82.76775360107422,13.520000457763672,,,47.528934478759766,47.77778244018555,1.68,0.14,
2005-08-30,82.33247375488281,13.649999618530273,,,47.606014251708984,48.08080291748047,1.67,0.19,
2005-08-31,83.37309265136719,12.600000381469727,,,47.93995666503906,48.48487091064453,1.77,0.18,
2005-09-01,83.31187438964844,13.149999618530273,,,47.80455017089844,48.19293975830078,1.81,0.3,
2005-09-02,83.16223907470703,13.569999694824219,,,47.81745529174805,48.233482360839844,1.84,0.28,-0.557
2005-09-06,84.13485717773438,12.930000305175781,,,47.71855163574219,47.89389419555664,1.83,0.29,
2005-09-07,84.27772521972656,12.520000457763672,,,47.54658889770508,47.4427604675293,1.83,0.28,
2005-09-08,83.9988784790039,12.930000305175781,,,47.55949783325195,47.49345397949219,1.83,0.28,
2005-09-09,84.74700927734375,11.979999542236328,,,47.58096694946289,47.6455192565918,1.82,0.26,-0.549
2005-09-12,84.57697296142578,11.649999618530273,,,47.460594177246094,47.31605529785156,1.82,0.26,
2005-09-13,84.10765075683594,12.390000343322754,,,47.542301177978516,47.564422607421875,1.83,0.26,
2005-09-14,83.8016128540039,12.90999984741211,,,47.426170349121094,47.38195037841797,1.83,0.27,
2005-09-15,83.76079559326172,12.489999771118164,,,47.25851821899414,46.99168395996094,1.84,0.32,
2005-09-16,84.3564224243164,11.220000267028809,,,47.129539489746094,46.682456970214844,1.85,0.29,-0.541
2005-09-19,84.07632446289062,12.140000343322754,,,47.25851821899414,46.78383255004883,1.85,0.32,
2005-09-20,83.36602020263672,12.640000343322754,,,47.1854362487793,46.90553283691406,1.81,0.26,
2005-09-21,82.58729553222656,13.789999961853027,,,47.39609146118164,47.3414421081543,1.84,0.23,
2005-09-22,82.88101959228516,13.329999923706055,,,47.37028884887695,47.29576873779297,1.84,0.24,
2005-09-23,82.94932556152344,12.960000038146973,,,47.232696533203125,46.94099807739258,1.83,0.23,-0.535
2005-09-26,83.04496765136719,13.039999961853027,,,47.082237243652344,46.728118896484375,1.83,0.23,
2005-09-27,83.02448272705078,12.760000228881836,,,47.12525177001953,46.79400634765625,1.84,0.22,
2005-09-28,83.10639953613281,12.630000114440918,,,47.22409439086914,47.10824203491211,1.82,0.17,
2005-09-29,83.78263854980469,12.239999771118164,,,47.20695114135742,46.89540100097656,1.83,0.16,
2005-09-30,84.04219055175781,11.920000076293945,,,47.047813415527344,46.733184814453125,1.81,0.16,-0.532
2005-10-03,83.74163055419922,12.460000038146973,,,46.90367889404297,46.36781692504883,1.82,0.18,
2005-10-04,82.799072265625,13.199999809265137,,,46.96411895751953,46.52042770385742,1.81,0.16,
2005-10-05,81.7130355834961,14.550000190734863,,,47.028892517089844,46.72398376464844,1.81,0.15,
2005-10-06,81.4192886352539,14.960000038146973,,,46.925262451171875,46.5459098815918,1.82,0.17,
2005-10-07,81.69932556152344,14.59000015258789,,,47.002933502197266,46.73416519165039,1.82,0.17,-0.533
2005-10-10,81.00948333740234,15.550000190734863,,,46.97274398803711,46.70368957519531,,,
2005-10-11,80.89334869384766,15.630000114440918,,,46.8950309753418,46.60698318481445,1.8,0.17,
2005-10-12,80.25810241699219,16.219999313354492,,,46.696495056152344,46.15406036376953,1.83,0.21,
2005-10-13,80.21027374267578,16.469999313354492,,,46.6187744140625,45.98617935180664,1.86,0.24,
2005-10-14,81.05728912353516,14.869999885559082,,,46.52385711669922,45.91489791870117,1.87,0.21,-0.537
2005-10-17,81.35780334472656,14.670000076293945,,,46.58856964111328,45.9047737121582,1.84,0.21,
2005-10-18,80.47669219970703,15.329999923706055,,,46.649024963378906,45.955596923828125,1.84,0.22,
2005-10-19,81.81546783447266,13.5,,,46.696495056152344,45.975975036621094,1.86,0.22,
2005-10-20,80.3742446899414,16.110000610351562,,,46.57992172241211,46.09809494018555,1.86,0.19,
2005-10-21,80.68842315673828,16.1299991607666,,,46.82597732543945,46.52557373046875,1.85,0.17,-0.543
2005-10-24,81.93842315673828,14.739999771118164,,,46.649024963378906,46.164276123046875,1.85,0.2,
2005-10-25,81.77447509765625,14.529999732971191,,,46.420223236083984,45.767330169677734,1.81,0.2,
2005-10-26,81.53541564941406,14.59000015258789,,,46.28207015991211,45.43146896362305,1.84,0.22,
2005-10-27,80.6679916381836,16.020000457763672,,,46.3166389465332,45.594364166259766,1.84,0.21,
2005-10-28,81.8291244506836,14.25,,,46.3166389465332,45.59941482543945,1.83,0.18,-0.549
2005-10-31,82.05453491210938,15.319999694824219,,,46.30366516113281,45.68592834472656,1.83,0.17,
2005-11-01,82.3004379272461,14.850000381469727,,,46.28721618652344,45.63324737548828,1.84,0.16,
2005-11-02,83.16106414794922,13.479999542236328,,,46.19624710083008,45.418582916259766,1.84,0.18,
2005-11-03,83.51622772216797,13.0,,,46.03590774536133,45.11195373535156,1.82,0.18,
2005-11-04,83.40696716308594,13.170000076293945,,,46.07054901123047,45.040374755859375,1.82,0.19,-0.553
2005-11-07,83.48892974853516,13.100000381469727,,,46.11820602416992,45.193687438964844,1.82,0.18,
2005-11-08,83.48892974853516,13.079999923706055,,,46.395572662353516,45.63324737548828,1.83,0.14,
2005-11-09,83.59821319580078,12.800000190734863,,,46.14853286743164,45.163047790527344,1.82,0.15,
2005-11-10,84.24713134765625,11.899999618530273,,,46.3912239074707,45.715065002441406,1.84,0.11,
2005-11-11,84.53398895263672,11.630000114440918,,,46.430233001708984,45.74057388305664,,,-0.554
2005-11-14,84.48616790771484,12.180000305175781,,,46.19624710083008,45.398162841796875,1.83,0.11,
2005-11-15,84.17879486083984,12.229999542236328,,,46.31752395629883,45.69460678100586,1.83,0.09,
2005-11-16,84.34960174560547,12.260000228881836,,,46.512542724609375,46.1750602722168,1.84,0.07,
2005-11-17,85.13507843017578,11.25,,,46.59049606323242,46.28754425048828,1.85,0.09,
2005-11-18,85.46976470947266,11.119999885559082,,,46.499595642089844,46.072853088378906,1.86,0.1,-0.551
2005-11-21,85.90009307861328,10.819999694824219,,,46.65119934082031,46.210838317871094,1.87,0.07,
2005-11-22,86.26895904541016,10.600000381469727,,,46.73786544799805,46.27220153808594,1.91,0.11,
2005-11-23,86.76756286621094,10.960000038146973,,,46.69454574584961,46.093299865722656,1.91,0.11,
2005-11-25,86.83588409423828,10.880000114440918,,,46.755218505859375,46.261959075927734,1.91,0.1,-0.546
2005-11-28,86.22113800048828,11.84000015258789,,,46.911170959472656,46.4919319152832,1.89,0.08,
2005-11-29,86.12551879882812,11.890000343322754,,,46.69454574584961,46.05241775512695,1.88,0.08,
2005-11-30,85.66104125976562,12.0600004196167,,,46.60786056518555,46.00129318237305,1.89,0.07,
2005-12-01,86.53534698486328,11.239999771118164,,,46.513465881347656,45.929420471191406,1.87,0.07,
2005-12-02,86.64460754394531,11.010000228881836,,,46.52655792236328,45.9448356628418,1.87,0.09,-0.539
2005-12-05,86.46019744873047,11.600000381469727,,,46.40475082397461,45.739498138427734,1.86,0.1,
2005-12-06,86.62415313720703,11.520000457763672,,,46.50045394897461,46.20661926269531,1.88,0.07,
2005-12-07,86.11865234375,12.180000305175781,,,46.443912506103516,46.03208541870117,1.88,0.1,
2005-12-08,86.06404876708984,12.210000038146973,,,46.539573669433594,46.32980728149414,1.88,0.1,
2005-12-09,86.28939819335938,11.6899995803833,,,46.45698547363281,45.9653205871582,1.88,0.11,-0.531
2005-12-12,86.37139892578125,11.470000267028809,,,46.35695266723633,45.87806701660156,1.86,0.11,
2005-12-13,86.95882415771484,11.109999656677246,,,46.39606857299805,46.04749298095703,1.88,0.11,
2005-12-14,87.30030822753906,10.479999542236328,,,46.63528823852539,46.519744873046875,1.88,0.08,
2005-12-15,87.047607421875,10.729999542236328,,,46.59614944458008,46.40681457519531,1.87,0.1,
2005-12-16,86.76744842529297,10.680000305175781,,,46.79185485839844,46.56085205078125,1.85,0.08,-0.526
2005-12-19,86.32108306884766,11.380000114440918,,,46.71358108520508,46.60704040527344,1.84,0.07,
2005-12-20,86.40352630615234,11.1899995803833,,,46.75273132324219,46.550559997558594,1.84,0.05,
2005-12-21,86.54085540771484,10.8100004196167,,,46.77009201049805,46.46839904785156,1.84,0.06,
2005-12-22,86.99407196044922,10.289999961853027,,,46.77439498901367,46.838043212890625,1.83,0.04,
2005-12-23,87.0421142578125,10.270000457763672,,,46.95708465576172,47.12553787231445,1.83,0.01,-0.525
2005-12-27,86.15630340576172,11.569999694824219,,,47.17020797729492,47.510536193847656,1.83,-0.01,
2005-12-28,86.34857177734375,11.350000381469727,,,47.19244384765625,47.378047943115234,1.82,0.01,
2005-12-29,85.96405792236328,11.609999656677246,,,47.06586837768555,47.48115921020508,1.82,-0.01,
2005-12-30,85.49713897705078,12.069999694824219,,,47.00911331176758,47.3729133605957,1.82,-0.02,-0.527
2006-01-03,87.00093078613281,11.140000343322754,,,47.26665496826172,47.31108093261719,1.84,0.03,
2006-01-04,87.41291809082031,11.369999885559082,,,47.26665496826172,47.424434661865234,1.84,0.05,
2006-01-05,87.46785736083984,11.3100004196167,,,47.30600357055664,47.36774444580078,1.84,0.04,
2006-01-06,88.19572448730469,11.0,,,47.23176193237305,47.28010177612305,1.84,0.02,-0.534
2006-01-09,88.4223403930664,11.130000114440918,,,47.240543365478516,47.31108093261719,1.84,0.02,
2006-01-10,88.51158905029297,10.859999656677246,,,47.11389923095703,46.92960739135742,1.84,0.02,
2006-01-11,88.79312133789062,10.9399995803833,,,47.03534698486328,46.852272033691406,1.84,0.02,
2006-01-12,88.44293975830078,11.199999809265137,,,47.183753967285156,47.16668701171875,1.83,0.03,
2006-01-13,88.36053466796875,11.229999542236328,,,47.32347869873047,47.439876556396484,1.82,0.02,-0.544
2006-01-17,88.12019348144531,11.90999984741211,,,47.32347869873047,47.65131378173828,1.83,0.01,
2006-01-18,87.7699966430664,12.25,,,47.310340881347656,47.63580322265625,1.84,0.01,
2006-01-19,88.10645294189453,11.979999542236328,,,47.30157470703125,47.49660873413086,1.83,0.01,
2006-01-20,86.49966430664062,14.5600004196167,,,47.34086990356445,47.620330810546875,1.81,0.0,-0.556
2006-01-23,86.80863189697266,13.930000305175781,,,47.45002365112305,47.604862213134766,1.82,0.01,
2006-01-24,86.89793395996094,13.3100004196167,,,47.34524917602539,47.3729133605957,1.81,0.03,
2006-01-25,86.97344207763672,12.869999885559082,,,47.083343505859375,46.857421875,1.8,0.03,
2006-01-26,87.45413208007812,12.420000076293945,,,47.013484954833984,46.65637969970703,1.8,0.04,
2006-01-27,88.26438903808594,11.970000267028809,,,47.083343505859375,46.65637969970703,1.78,0.01,-0.568
2006-01-30,88.19572448730469,12.390000343322754,,,46.90869903564453,46.60997772216797,1.79,0.02,
2006-01-31,87.55027770996094,12.949999809265137,,,46.8039665222168,46.738868713378906,1.78,-0.01,
2006-02-01,88.16138458251953,12.359999656677246,,,46.81665802001953,46.57900619506836,1.76,-0.02,
2006-02-02,87.13824462890625,13.229999542236328,,,46.77724075317383,46.666988372802734,1.74,-0.02,
2006-02-03,86.70565795898438,12.960000038146973,,,46.85171127319336,46.998023986816406,1.72,-0.05,-0.579
2006-02-06,86.93225860595703,13.039999961853027,,,46.930599212646484,47.09114074707031,1.69,-0.07,
2006-02-07,86.16315460205078,13.59000015258789,,,46.81230926513672,46.86871337890625,1.71,-0.04,
2006-02-08,86.94599151611328,12.829999923706055,,,46.81230926513672,46.760040283203125,1.75,-0.08,
2006-02-09,86.80180358886719,13.119999885559082,,,46.886775970458984,46.97217559814453,1.73,-0.12,
2006-02-10,86.959716796875,12.869999885559082,,,46.79912567138672,46.7135124206543,1.71,-0.1,-0.588
2006-02-13,86.80180358886719,13.350000381469727,,,46.86927032470703,46.71866989135742,1.72,-0.1,
2006-02-14,87.72190856933594,12.25,,,46.82105255126953,46.55311584472656,1.71,-0.07,
2006-02-15,88.03094482421875,12.3100004196167,,,46.85171127319336,46.666988372802734,1.7,-0.1,
2006-02-16,88.69010925292969,11.479999542236328,,,46.91745376586914,46.67728042602539,1.71,-0.1,
2006-02-17,88.44977569580078,12.010000228881836,,,47.070804595947266,47.04975128173828,1.7,-0.12,-0.594
2006-02-21,88.2300796508789,12.40999984741211,,,47.048919677734375,46.97217559814453,1.68,-0.14,
2006-02-22,88.76567077636719,11.880000114440918,,,47.224185943603516,47.292884826660156,1.68,-0.15,
2006-02-23,88.63520812988281,11.869999885559082,,,47.1190299987793,47.17393493652344,1.67,-0.16,
2006-02-24,88.86177062988281,11.460000038146973,,,47.09708786010742,47.10148239135742,1.64,-0.16,-0.597
2006-02-27,88.8961181640625,11.59000015258789,,,47.0752067565918,47.023895263671875,1.65,-0.15,
2006-02-28,88.05149841308594,12.34000015258789,,,47.1234016418457,47.256690979003906,1.65,-0.14,
2006-03-01,88.83433532714844,11.539999961853027,,,46.941673278808594,46.971187591552734,1.66,-0.12,
2006-03-02,88.82747650146484,11.720000267028809,,,46.72608947753906,46.64410400390625,1.66,-0.08,
2006-03-03,88.41545104980469,11.960000038146973,,,46.63810348510742,46.37416076660156,1.67,-0.08,-0.597
2006-03-06,88.01032257080078,12.739999771118164,,,46.396080017089844,45.96925735473633,1.67,-0.03,
2006-03-07,87.87297821044922,12.65999984741211,,,46.37413024902344,46.00040817260742,1.67,-0.03,
2006-03-08,88.05836486816406,12.319999694824219,,,46.396080017089844,45.98481369018555,1.68,0.01,
2006-03-09,87.46785736083984,12.680000305175781,,,46.387325286865234,46.00040817260742,1.67,0.02,
2006-03-10,88.29873657226562,11.850000381469727,,,46.50612258911133,45.82907485961914,1.67,0.02,-0.596
2006-03-13,88.46351623535156,11.369999885559082,,,46.444515228271484,45.7927131652832,1.69,0.03,
2006-03-14,89.39055633544922,10.739999771118164,,,46.74372482299805,46.098995208740234,1.68,0.05,
2006-03-15,89.7887954711914,11.350000381469727,,,46.67330551147461,45.849857330322266,1.7,0.04,
2006-03-16,89.97418975830078,11.979999542236328,,,46.928504943847656,46.26514434814453,1.72,0.03,
2006-03-17,90.04932403564453,12.119999885559082,,,46.884498596191406,46.12495040893555,1.7,0.03,-0.594
2006-03-20,89.904541015625,11.789999961853027,,,46.93729019165039,46.19765853881836,1.7,0.01,
2006-03-21,89.33927917480469,11.619999885559082,,,46.761287689208984,45.95885467529297,1.7,-0.01,
2006-03-22,89.8839111328125,11.210000038146973,,,46.75249481201172,46.057464599609375,1.69,-0.04,
2006-03-23,89.69772338867188,11.170000076293945,,,46.72608947753906,45.91210174560547,1.7,-0.04,
2006-03-24,89.76667785644531,11.1899995803833,,,46.84050369262695,46.24953079223633,1.7,-0.05,-0.591
2006-03-27,89.63570404052734,11.460000038146973,,,46.84050369262695,46.07829284667969,1.7,-0.02,
2006-03-28,89.08415985107422,11.579999923706055,,,46.620513916015625,45.647396087646484,1.68,-0.02,
2006-03-29,89.642578125,10.949999809265137,,,46.5765380859375,45.42934799194336,1.71,-0.01,
2006-03-30,89.48403930664062,11.569999694824219,,,46.43574905395508,45.11268615722656,1.7,0.02,
2006-03-31,89.50469970703125,11.390000343322754,,,46.33012390136719,45.09709167480469,1.69,0.04,-0.588
2006-04-03,89.4357681274414,11.569999694824219,,,46.3690185546875,45.111663818359375,1.68,0.02,
2006-04-04,90.00798034667969,11.140000343322754,,,46.41318893432617,45.0648078918457,1.69,0.03,
2006-04-05,90.31817626953125,11.130000114440918,,,46.567832946777344,45.127323150634766,1.7,0.03,
2006-04-06,90.22169494628906,11.449999809265137,,,46.39994430541992,44.78339385986328,1.7,0.06,
2006-04-07,89.3047866821289,12.260000228881836,,,46.21881103515625,44.345664978027344,1.7,0.08,-0.586
2006-04-10,89.44265747070312,12.1899995803833,,,46.117164611816406,44.42905807495117,1.7,0.08,
2006-04-11,88.6843032836914,13.0,,,46.24970245361328,44.58535385131836,1.71,0.05,
2006-04-12,88.84981536865234,12.760000228881836,,,46.10390853881836,44.31439208984375,1.71,0.07,
2006-04-13,88.73260498046875,12.380000114440918,,,46.01554489135742,44.00172805786133,1.69,0.09,
2006-04-17,88.6981201171875,12.579999923706055,,,46.0067253112793,44.16331481933594,1.7,0.1,
2006-04-18,90.10446166992188,11.399999618530273,,,46.19228744506836,44.241424560546875,1.7,0.15,
2006-04-19,90.27685546875,11.319999694824219,,,46.16135025024414,43.97048568725586,1.7,0.18,
2006-04-20,90.40094757080078,11.640000343322754,,,46.139244079589844,43.93402099609375,1.7,0.15,
2006-04-21,90.41474151611328,11.59000015258789,,,46.227622985839844,44.189353942871094,1.7,0.11,-0.581
2006-04-24,90.24925231933594,11.75,,,46.32041931152344,44.36648941040039,1.67,0.1,
2006-04-25,89.87698364257812,11.75,,,46.09949493408203,43.840206146240234,1.68,0.12,
2006-04-26,89.89768981933594,11.760000228881836,,,46.04647445678711,43.76725387573242,1.64,0.13,
2006-04-27,90.33200073242188,11.84000015258789,,,46.13045120239258,43.82456970214844,1.67,0.18,
2006-04-28,90.63531494140625,11.59000015258789,,,46.2364387512207,43.85581588745117,1.67,0.2,-0.578
2006-05-01,89.89768981933594,12.539999961853027,,,46.00213623046875,43.52627182006836,1.63,0.2,
2006-05-02,90.57328033447266,11.989999771118164,,,46.073123931884766,43.64136505126953,1.61,0.2,
2006-05-03,90.23545837402344,11.989999771118164,,,46.073123931884766,43.54716873168945,1.61,0.21,
2006-05-04,90.55950164794922,11.859999656677246,,,46.055389404296875,43.47393035888672,1.6,0.19,
2006-05-05,91.35919952392578,11.619999885559082,,,46.108612060546875,43.735511779785156,1.6,0.18,-0.573
2006-05-08,91.24888610839844,12.0,,,46.16632080078125,43.761695861816406,1.59,0.15,
2006-05-09,91.42817687988281,11.989999771118164,,,46.184059143066406,43.735511779785156,1.59,0.16,
2006-05-10,91.3798828125,11.779999732971191,,,46.215152740478516,43.81400680541992,1.58,0.12,
2006-05-11,90.27685546875,12.489999771118164,,,46.13527297973633,43.59946823120117,1.61,0.15,
2006-05-12,89.09795379638672,14.1899995803833,,,46.019874572753906,43.23850631713867,1.63,0.18,-0.566
2006-05-15,89.27722930908203,13.569999694824219,,,46.059852600097656,43.4111328125,1.64,0.16,
2006-05-16,89.14622497558594,13.350000381469727,,,46.22846221923828,43.735511779785156,1.66,0.14,
2006-05-17,87.45033264160156,16.260000228881836,,,46.08203125,43.46345901489258,1.66,0.19,
2006-05-18,87.00909423828125,16.989999771118164,,,46.37492370605469,44.05464172363281,1.66,0.14,
2006-05-19,87.62264251708984,17.18000030517578,,,46.352725982666016,44.169734954833984,1.65,0.09,-0.554
2006-05-22,86.95394134521484,17.719999313354492,,,46.37937545776367,44.263893127441406,1.66,0.1,
2006-05-23,86.29216003417969,18.260000228881836,,,46.34829330444336,44.23774719238281,1.65,0.1,
2006-05-24,86.98150634765625,17.360000610351562,,,46.397098541259766,44.25862503051758,1.68,0.09,
2006-05-25,88.05696105957031,15.5,,,46.334999084472656,44.086029052734375,1.67,0.09,
2006-05-26,88.50508117675781,14.260000228881836,,,46.33941650390625,44.05464172363281,1.67,0.1,-0.54
2006-05-30,86.9332504272461,18.65999984741211,,,46.23737335205078,44.033687591552734,1.67,0.1,
2006-05-31,87.90531921386719,16.440000534057617,,,46.1485710144043,43.77212905883789,1.66,0.08,
2006-06-01,88.7463607788086,14.520000457763672,,,46.2292366027832,43.967529296875,1.66,0.07,
2006-06-02,88.93253326416016,14.319999694824219,,,46.51892852783203,44.534767150878906,1.67,0.08,-0.526
2006-06-05,87.63646697998047,16.649999618530273,,,46.37628173828125,44.47703170776367,1.67,0.03,
2006-06-06,87.42273712158203,17.34000015258789,,,46.47880554199219,44.68708419799805,1.65,0.02,
2006-06-07,86.76781463623047,17.799999237060547,,,46.35403823852539,44.69758605957031,1.67,0.0,
2006-06-08,86.69194030761719,18.350000381469727,,,46.50555419921875,44.786834716796875,1.66,-0.01,
2006-06-09,86.41621398925781,18.1200008392334,,,46.554534912109375,45.02324295043945,1.66,-0.03,-0.512
2006-06-12,85.4786148071289,20.959999084472656,,,46.42982482910156,45.06003952026367,1.65,-0.03,
2006-06-13,84.48590087890625,23.809999465942383,,,46.47880554199219,45.091556549072266,1.67,-0.05,
2006-06-14,85.14079284667969,21.459999084472656,,,46.27825927734375,44.63981628417969,1.67,-0.06,
2006-06-15,86.94702911376953,15.899999618530273,,,46.184715270996094,44.382442474365234,1.67,-0.04,
2006-06-16,86.31346130371094,17.25,,,46.12230682373047,44.282676696777344,1.67,-0.03,-0.5
2006-06-19,85.63488006591797,17.829999923706055,,,46.064369201660156,44.219635009765625,1.67,-0.05,
2006-06-20,85.92569732666016,16.690000534057617,,,46.028709411621094,44.1461067199707,1.67,-0.04,
2006-06-21,86.56275939941406,15.520000457763672,,,45.970794677734375,44.156620025634766,1.68,-0.04,
2006-06-22,86.18186950683594,15.880000114440918,,,45.86384201049805,43.90449142456055,1.69,-0.03,
2006-06-23,86.16803741455078,15.890000343322754,,,45.788089752197266,43.81523132324219,1.69,-0.04,-0.491
2006-06-26,86.54888916015625,15.619999885559082,,,45.788089752197266,43.73116683959961,1.69,-0.02,
2006-06-27,85.801025390625,16.399999618530273,,,45.71680450439453,43.94649887084961,1.7,-0.03,
2006-06-28,86.38267517089844,15.789999961853027,,,45.61430358886719,43.71543502807617,1.69,-0.04,
2006-06-29,88.12763977050781,13.029999732971191,,,45.854942321777344,43.862491607666016,1.69,0.01,
2006-06-30,88.13459014892578,13.079999923706055,,,46.10894012451172,44.28792953491211,1.67,-0.01,-0.487
2006-07-03,88.49466705322266,13.050000190734863,,,46.05208969116211,44.244140625,1.68,-0.02,
2006-07-05,87.98914337158203,14.149999618530273,,,45.76117706298828,43.89088439941406,1.67,-0.01,
2006-07-06,88.24539184570312,13.649999618530273,,,45.98941421508789,44.15977478027344,1.66,-0.03,
2006-07-07,87.67064666748047,13.970000267028809,,,46.16398239135742,44.44450759887695,1.66,-0.03,-0.487
2006-07-10,87.83686065673828,14.020000457763672,,,46.2221565246582,44.48668670654297,1.66,-0.04,
2006-07-11,88.224609375,13.140000343322754,,,46.293785095214844,44.629066467285156,1.67,-0.07,
2006-07-12,87.28291320800781,14.489999771118164,,,46.3698616027832,44.63957214355469,1.66,-0.07,
2006-07-13,85.8634033203125,17.790000915527344,,,46.36536407470703,44.8136100769043,1.66,-0.04,
2006-07-14,85.5309829711914,18.049999237060547,,,46.40569305419922,44.839969635009766,1.69,-0.01,-0.493
2006-07-17,85.40633392333984,18.639999389648438,18.049999237060547,,46.45492935180664,44.90850067138672,1.68,-0.05,
2006-07-18,85.84259796142578,17.739999771118164,17.219999313354492,,46.21319580078125,44.523624420166016,1.68,-0.06,
2006-07-19,87.0335922241211,15.550000190734863,15.600000381469727,,46.42360305786133,44.945472717285156,1.69,-0.06,
2006-07-20,86.4381103515625,16.209999084472656,16.309999465942383,,46.62498092651367,45.0772590637207,1.69,-0.03,
2006-07-21,85.8287582397461,17.399999618530273,17.040000915527344,,46.589202880859375,44.99289321899414,1.69,-0.03,-0.504
2006-07-24,87.39363098144531,14.979999542236328,15.40999984741211,,46.602622985839844,44.96653366088867,1.69,-0.05,
2006-07-25,87.70525360107422,14.850000381469727,14.609999656677246,,46.5667839050293,44.834720611572266,1.68,-0.04,
2006-07-26,87.822998046875,14.619999885559082,14.579999923706055,,46.66526412963867,44.99813461303711,1.68,-0.02,
2006-07-27,87.73988342285156,14.9399995803833,15.15999984741211,,46.593658447265625,44.929603576660156,1.65,0.0,
2006-07-28,88.61932373046875,14.329999923706055,14.630000114440918,,46.772682189941406,45.18799591064453,1.67,0.02,-0.517
2006-07-31,88.5292739868164,14.949999809265137,15.25,,46.78164291381836,45.246002197265625,1.68,0.02,
2006-08-01,88.09303283691406,15.050000190734863,15.390000343322754,,46.8472900390625,45.24174499511719,1.69,0.02,
2006-08-02,88.68852233886719,14.34000015258789,15.0600004196167,,46.92820739746094,45.41115188598633,1.69,-0.01,
2006-08-03,88.92399597167969,14.460000038146973,15.050000190734863,,46.93266296386719,45.4217643737793,1.68,-0.02,
2006-08-04,88.77165222167969,14.34000015258789,15.09000015258789,,47.11699295043945,45.69702911376953,1.69,0.0,-0.532
2006-08-07,88.56392669677734,15.229999542236328,15.350000381469727,,47.076515197753906,45.72346496582031,1.67,-0.03,
2006-08-08,88.224609375,15.229999542236328,15.470000267028809,,47.103492736816406,45.62290954589844,1.7,0.02,
2006-08-09,87.92684936523438,15.199999809265137,15.579999923706055,,47.081050872802734,45.47469711303711,1.73,0.01,
2006-08-10,88.1969223022461,14.460000038146973,15.279999732971191,,47.076515197753906,45.4058837890625,1.73,0.0,
2006-08-11,87.94764709472656,14.300000190734863,15.279999732971191,,46.982154846191406,45.20997619628906,1.72,0.01,-0.545
2006-08-14,88.01683044433594,14.260000228881836,15.279999732971191,,46.92368698120117,45.13059997558594,1.69,-0.01,
2006-08-15,89.06941986083984,13.420000076293945,14.520000457763672,,47.16645431518555,45.5117301940918,1.7,-0.01,
2006-08-16,89.81031036376953,12.40999984741211,14.029999732971191,,47.364253997802734,45.81878662109375,1.71,0.0,
2006-08-17,90.03880310058594,12.239999771118164,13.380000114440918,,47.3418083190918,45.80286407470703,1.71,-0.02,
2006-08-18,90.49580383300781,11.640000343322754,13.100000381469727,,47.436222076416016,45.935237884521484,1.71,-0.03,-0.555
2006-08-21,90.10804748535156,12.220000267028809,13.420000076293945,,47.50363540649414,46.09938430786133,1.72,-0.03,
2006-08-22,90.10113525390625,12.1899995803833,13.430000305175781,,47.53508377075195,46.11520767211914,1.71,-0.05,
2006-08-23,89.85185241699219,12.399999618530273,13.5600004196167,,47.517093658447266,46.13641357421875,1.72,-0.05,
2006-08-24,89.77568054199219,12.399999618530273,13.579999923706055,,47.517093658447266,46.22111511230469,1.72,-0.07,
2006-08-25,89.88646697998047,12.3100004196167,13.510000228881836,,47.58453369140625,46.28993606567383,1.74,-0.07,-0.562
2006-08-28,90.3157730102539,12.180000305175781,13.359999656677246,,47.5980224609375,46.332305908203125,1.73,-0.08,
2006-08-29,90.41967010498047,12.279999732971191,13.380000114440918,,47.629486083984375,46.39579772949219,1.74,-0.08,
2006-08-30,90.47506713867188,12.220000267028809,13.319999694824219,,47.660926818847656,46.517616271972656,1.74,-0.07,
2006-08-31,90.4612045288086,12.3100004196167,13.300000190734863,,47.82280731201172,46.6287727355957,1.73,-0.05,
2006-09-01,91.00131225585938,11.960000038146973,13.1899995803833,,47.765892028808594,46.64472961425781,1.73,-0.04,-0.565
2006-09-05,91.17442321777344,12.630000114440918,13.359999656677246,,47.62138748168945,46.35238265991211,1.73,-0.02,
2006-09-06,90.37117004394531,13.739999771118164,14.319999694824219,,47.62138748168945,46.288578033447266,1.73,-0.02,
2006-09-07,89.95571899414062,13.880000114440918,14.470000267028809,,47.67107009887695,46.378944396972656,1.72,-0.02,
2006-09-08,90.21192932128906,13.15999984741211,14.1899995803833,,47.72075271606445,46.4161491394043,1.72,-0.02,-0.565
2006-09-11,90.30193328857422,12.989999771118164,14.199999809265137,,47.70274353027344,46.37361145019531,1.72,-0.03,
2006-09-12,91.18828582763672,11.920000076293945,13.520000457763672,,47.77495193481445,46.60749435424805,1.7,-0.04,
2006-09-13,91.55526733398438,11.180000305175781,13.34000015258789,,47.90134811401367,46.6287956237793,1.7,-0.03,
2006-09-14,91.56221008300781,11.550000190734863,13.550000190734863,,47.77943801879883,46.5224494934082,1.7,-0.04,
2006-09-15,91.77713012695312,11.760000228881836,13.40999984741211,,47.74782943725586,46.48527145385742,1.69,-0.07,-0.564
2006-09-18,91.90229797363281,11.779999732971191,13.399999618530273,,47.756874084472656,46.41082000732422,1.68,-0.07,
2006-09-19,91.67276000976562,11.979999542236328,13.550000190734863,,47.94200897216797,46.93172836303711,1.69,-0.05,
2006-09-20,92.15959167480469,11.390000343322754,13.279999732971191,,48.018775939941406,47.000789642333984,1.69,-0.08,
2006-09-21,91.71450805664062,12.25,13.609999656677246,,48.30778503417969,47.43133544921875,1.71,-0.06,
2006-09-22,91.43632507324219,12.59000015258789,14.09000015258789,,48.334869384765625,47.66517639160156,1.72,-0.07,-0.563
2006-09-25,92.13873291015625,12.119999885559082,13.460000038146973,,48.40715408325195,48.00002670288086,1.72,-0.07,
2006-09-26,92.9037857055664,11.529999732971191,13.100000381469727,,48.27162170410156,47.798072814941406,1.71,-0.09,
2006-09-27,93.01512145996094,11.579999923706055,13.220000267028809,,48.24906539916992,47.65990447998047,1.71,-0.06,
2006-09-28,92.98030090332031,11.720000267028809,13.289999961853027,,48.26262283325195,47.58015441894531,1.73,-0.05,
2006-09-29,92.9037857055664,11.979999542236328,13.449999809265137,,48.24003982543945,47.52166748046875,1.72,-0.07,-0.564
2006-10-02,92.5560531616211,12.569999694824219,13.59000015258789,,48.319400787353516,47.65190124511719,1.73,-0.04,
2006-10-03,92.75078582763672,12.239999771118164,13.5,,48.35116958618164,47.5878791809082,1.72,-0.05,
2006-10-04,93.83573150634766,11.859999656677246,13.239999771118164,,48.58248519897461,47.934669494628906,1.74,-0.03,
2006-10-05,94.01659393310547,11.979999542236328,13.279999732971191,,48.423744201660156,47.5984992980957,1.74,-0.04,
2006-10-06,93.89836883544922,11.5600004196167,13.079999923706055,,48.15158462524414,47.10224914550781,1.73,-0.04,-0.568
2006-10-09,93.95398712158203,11.680000305175781,13.0600004196167,,48.187889099121094,47.23032760620117,,,
2006-10-10,94.07917785644531,11.520000457763672,13.050000190734863,,47.974693298339844,46.85675811767578,1.72,-0.07,
2006-10-11,93.9679183959961,11.619999885559082,13.100000381469727,,47.86583709716797,46.71805191040039,1.73,-0.07,
2006-10-12,94.7816162109375,11.09000015258789,12.420000076293945,,47.97921371459961,46.744693756103516,1.71,-0.06,
2006-10-13,95.02503967285156,10.75,12.199999809265137,,47.802310943603516,46.50992965698242,1.72,-0.06,-0.574
2006-10-16,95.17110443115234,11.09000015258789,12.350000381469727,,47.920257568359375,46.71805191040039,1.71,-0.06,
2006-10-17,94.8720474243164,11.729999542236328,12.630000114440918,,48.01096725463867,46.75539779663086,1.71,-0.05,
2006-10-18,94.99723052978516,11.34000015258789,12.470000267028809,,48.11074447631836,46.8514289855957,1.7,-0.08,
2006-10-19,95.15023803710938,10.899999618530273,12.3100004196167,,47.956565856933594,46.76604080200195,1.7,-0.06,
2006-10-20,95.17110443115234,10.630000114440918,12.0600004196167,,47.974693298339844,46.71805191040039,1.69,-0.08,-0.58
2006-10-23,95.60923767089844,11.079999923706055,12.210000038146973,,47.86583709716797,46.53129959106445,1.66,-0.07,
2006-10-24,95.89441680908203,10.779999732971191,11.510000228881836,,47.94752502441406,46.53129959106445,1.65,-0.08,
2006-10-25,96.22128295898438,10.65999984741211,11.359999656677246,,48.15158462524414,46.899471282958984,1.66,-0.1,
2006-10-26,96.52034759521484,10.5600004196167,11.229999542236328,,48.30581283569336,47.203643798828125,1.65,-0.08,
2006-10-27,95.91526794433594,10.800000190734863,11.369999885559082,,48.460018157958984,47.42243957519531,1.65,-0.08,-0.586
2006-10-30,95.84573364257812,11.199999809265137,12.039999961853027,,48.50537109375,47.555824279785156,1.64,-0.1,
2006-10-31,95.83184051513672,11.100000381469727,11.399999618530273,,48.72309875488281,47.924007415771484,1.64,-0.1,
2006-11-01,95.18500518798828,11.510000228881836,12.079999923706055,,48.883907318115234,48.18918991088867,1.64,-0.09,
2006-11-02,95.12939453125,11.420000076293945,12.119999885559082,,48.82470703125,47.99094772338867,1.64,-0.07,
2006-11-03,94.96248626708984,11.15999984741211,12.079999923706055,,48.48305130004883,47.42315673828125,1.59,-0.1,-0.59
2006-11-06,96.03353118896484,11.15999984741211,11.399999618530273,,48.53770446777344,47.562416076660156,1.59,-0.11,
2006-11-07,96.4021224975586,11.09000015258789,11.350000381469727,,48.71082305908203,47.78206253051758,1.6,-0.11,
2006-11-08,96.61072540283203,10.75,11.1899995803833,,48.7700309753418,47.95347595214844,1.59,-0.11,
2006-11-09,96.10302734375,11.010000228881836,11.369999885559082,,48.82011413574219,47.92671585083008,1.62,-0.13,
2006-11-10,96.14479064941406,10.789999961853027,11.489999771118164,,48.95224380493164,48.135658264160156,1.61,-0.14,-0.59
2006-11-13,96.38129425048828,10.859999656677246,11.380000114440918,,48.92033004760742,48.12484359741211,1.6,-0.15,
2006-11-14,97.10456848144531,10.5,11.170000076293945,,48.9977912902832,48.312381744384766,1.61,-0.17,
2006-11-15,97.38280487060547,10.3100004196167,11.119999885559082,,48.87025451660156,48.13022994995117,1.61,-0.19,
2006-11-16,97.6332015991211,10.15999984741211,11.029999732971191,,48.8018913269043,47.91064453125,1.59,-0.19,
2006-11-17,97.66099548339844,10.050000190734863,11.0600004196167,,48.961341857910156,48.183834075927734,1.6,-0.15,-0.589
2006-11-20,97.71661376953125,9.970000267028809,11.180000305175781,,48.9977912902832,48.25881576538086,1.6,-0.16,
2006-11-21,97.81397247314453,9.899999618530273,11.1899995803833,,49.06610107421875,48.37664031982422,1.6,-0.17,
2006-11-22,98.00870513916016,10.140000343322754,11.520000457763672,,49.12080764770508,48.45705795288086,1.6,-0.17,
2006-11-24,97.61225891113281,10.729999542236328,12.279999732971191,,49.1982536315918,48.5427131652832,1.6,-0.18,-0.585
2006-11-27,96.26995849609375,12.300000190734863,13.270000457763672,,49.20279312133789,48.719486236572266,1.61,-0.17,
2006-11-28,96.687255859375,11.619999885559082,12.630000114440918,,49.293907165527344,48.82127380371094,1.62,-0.16,
2006-11-29,97.69572448730469,10.829999923706055,12.199999809265137,,49.24833297729492,48.70876693725586,1.62,-0.17,
2006-11-30,97.73747253417969,10.90999984741211,12.3100004196167,,49.43510437011719,49.030181884765625,1.64,-0.16,
2006-12-01,97.52186584472656,11.65999984741211,12.59000015258789,,49.49318313598633,49.15494155883789,1.65,-0.09,-0.58
2006-12-04,98.26604461669922,11.229999542236328,12.399999618530273,,49.607574462890625,49.2409782409668,1.66,-0.09,
2006-12-05,98.69029998779297,11.270000457763672,12.4399995803833,,49.58470153808594,49.00979232788086,1.65,-0.07,
2006-12-06,98.60680389404297,11.329999923706055,12.510000228881836,,49.46112823486328,48.91297912597656,1.65,-0.11,
2006-12-07,98.17566680908203,12.670000076293945,13.479999542236328,,49.48405456542969,48.87538528442383,1.64,-0.09,
2006-12-08,98.35643768310547,12.069999694824219,13.3100004196167,,49.30107879638672,48.52046203613281,1.63,-0.12,-0.577
2006-12-11,98.64160919189453,10.710000038146973,13.25,,49.410865783691406,48.730159759521484,1.64,-0.15,
2006-12-12,98.56510925292969,10.649999618530273,13.170000076293945,,49.51606750488281,48.83231735229492,1.65,-0.12,
2006-12-13,98.66946411132812,10.180000305175781,13.0600004196167,,49.269065856933594,48.39678955078125,1.64,-0.12,
2006-12-14,99.53876495361328,9.970000267028809,13.010000228881836,,49.22331237792969,48.2193603515625,1.66,-0.13,
2006-12-15,99.54789733886719,10.050000190734863,13.130000114440918,,49.21416473388672,48.2462272644043,1.66,-0.13,-0.578
2006-12-18,99.275146484375,10.600000381469727,13.1899995803833,,49.21875762939453,48.26237487792969,1.65,-0.11,
2006-12-19,99.4639663696289,10.300000190734863,12.630000114440918,,49.20958709716797,48.19784927368164,1.67,-0.11,
2006-12-20,99.40803527832031,10.260000228881836,12.529999732971191,,49.246185302734375,48.19248580932617,1.67,-0.11,
2006-12-21,99.0443115234375,10.529999732971191,13.100000381469727,,49.37427520751953,48.434410095214844,1.68,-0.11,
2006-12-22,98.43585968017578,11.359999656677246,13.300000190734863,,49.21875762939453,48.063446044921875,1.67,-0.08,-0.582
2006-12-26,99.01637268066406,11.260000228881836,13.130000114440918,,49.2736930847168,48.208595275878906,1.66,-0.1,
2006-12-27,99.66679382324219,10.640000343322754,12.59000015258789,,49.11610794067383,47.85417556762695,1.66,-0.11,
2006-12-28,99.45698547363281,10.989999771118164,13.100000381469727,,49.015052795410156,47.746253967285156,1.65,-0.12,
2006-12-29,99.0443115234375,11.5600004196167,13.289999961853027,,48.992130279541016,47.70848083496094,1.64,-0.11,-0.591
2007-01-03,98.8694839477539,12.039999961853027,13.380000114440918,,48.886497497558594,48.048362731933594,1.61,-0.09,
2007-01-04,99.0793228149414,11.510000228881836,13.130000114440918,,49.25389862060547,48.33975601196289,1.62,-0.09,
2007-01-05,98.28900909423828,12.140000343322754,13.40999984741211,,49.221771240234375,48.129295349121094,1.6,-0.11,-0.603
2007-01-08,98.74361419677734,12.0,13.279999732971191,,49.20793914794922,48.21562576293945,1.59,-0.12,
2007-01-09,98.65967559814453,11.90999984741211,13.260000228881836,,49.2171630859375,48.21562576293945,1.59,-0.13,
2007-01-10,98.98836517333984,11.470000267028809,13.020000457763672,,49.15287399291992,47.99979782104492,1.59,-0.12,
2007-01-11,99.4219741821289,10.869999885559082,12.380000114440918,,49.001319885253906,47.719268798828125,1.59,-0.12,
2007-01-12,100.17733764648438,10.149999618530273,12.069999694824219,,48.950775146484375,47.49805450439453,1.59,-0.11,-0.617
2007-01-16,99.98149871826172,10.739999771118164,12.220000267028809,,49.00588607788086,47.60059356689453,1.59,-0.11,
2007-01-17,100.02349853515625,10.59000015258789,12.079999923706055,,48.937015533447266,47.454933166503906,1.58,-0.12,
2007-01-18,99.68773651123047,10.850000381469727,12.100000381469727,,49.079376220703125,47.60059356689453,1.58,-0.14,
2007-01-19,99.88358306884766,10.399999618530273,11.609999656677246,,49.05186462402344,47.47113800048828,1.57,-0.15,-0.629
2007-01-22,99.57585144042969,10.770000457763672,12.170000076293945,,49.083988189697266,47.58440399169922,1.57,-0.15,
2007-01-23,99.86961364746094,10.34000015258789,11.539999961853027,,48.950775146484375,47.271507263183594,1.57,-0.13,
2007-01-24,100.67384338378906,9.890000343322754,11.229999542236328,,48.97374725341797,47.26611328125,1.57,-0.12,
2007-01-25,99.4919204711914,11.220000267028809,12.119999885559082,,48.817596435546875,46.92619705200195,1.56,-0.11,
2007-01-26,99.40101623535156,11.130000114440918,12.09000015258789,,48.78547286987305,46.888450622558594,1.56,-0.11,-0.639
2007-01-29,99.34505462646484,11.449999809265137,12.170000076293945,,48.76253128051758,46.78593826293945,1.55,-0.09,
2007-01-30,99.86259460449219,10.960000038146973,11.600000381469727,,48.831398010253906,46.83985900878906,1.56,-0.1,
2007-01-31,100.53398132324219,10.420000076293945,11.329999923706055,,49.03805160522461,47.23369216918945,1.57,-0.11,
2007-02-01,101.13542938232422,10.3100004196167,11.289999961853027,,49.01826095581055,47.176849365234375,1.56,-0.12,
2007-02-02,101.27527618408203,10.079999923706055,11.239999771118164,,49.06437683105469,47.23644256591797,1.56,-0.11,-0.644
2007-02-05,101.30329132080078,10.550000190734863,11.420000076293945,,49.1289176940918,47.30140686035156,1.56,-0.11,
2007-02-06,101.3312759399414,10.649999618530273,11.399999618530273,,49.25804901123047,47.5614128112793,1.55,-0.13,
2007-02-07,101.5550765991211,10.319999694824219,11.3100004196167,,49.32720947265625,47.7022819519043,1.56,-0.13,
2007-02-08,101.42222595214844,10.4399995803833,11.420000076293945,,49.3825798034668,47.74017333984375,1.55,-0.14,
2007-02-09,100.6668930053711,11.100000381469727,12.149999618530273,,49.17506408691406,47.46934127807617,1.54,-0.13,-0.643
2007-02-12,100.32421112060547,11.609999656677246,12.369999885559082,,49.18425750732422,47.36100769042969,1.54,-0.14,
2007-02-13,101.17039489746094,10.34000015258789,11.449999809265137,,49.15198516845703,47.25810241699219,1.54,-0.13,
2007-02-14,101.83477783203125,10.229999542236328,11.260000228881836,,49.43332290649414,47.70773696899414,1.55,-0.13,
2007-02-15,101.96768188476562,10.220000267028809,11.260000228881836,,49.5255241394043,47.84856414794922,1.56,-0.13,
2007-02-16,101.91873168945312,10.020000457763672,11.199999809265137,,49.57631301879883,48.01649475097656,1.55,-0.14,-0.636
2007-02-20,102.13552856445312,10.239999771118164,11.359999656677246,,49.654720306396484,48.12484359741211,1.55,-0.13,
2007-02-21,102.09358215332031,10.199999809265137,11.380000114440918,,49.6224250793457,48.043556213378906,1.54,-0.13,
2007-02-22,102.0166244506836,10.180000305175781,11.34000015258789,,49.55322265625,47.78353500366211,1.54,-0.14,
2007-02-23,101.61803436279297,10.579999923706055,12.0,,49.71463394165039,48.12484359741211,1.53,-0.14,-0.624
2007-02-26,101.52706146240234,11.149999618530273,12.180000305175781,,49.9175910949707,48.444393157958984,1.54,-0.14,
2007-02-27,97.56168365478516,18.309999465942383,17.059999465942383,,50.111305236816406,49.056522369384766,1.59,-0.09,
2007-02-28,98.56177520751953,15.420000076293945,14.470000267028809,,50.01902770996094,48.83445739746094,1.6,-0.09,
2007-03-01,98.26802062988281,15.819999694824219,14.579999923706055,,50.02876281738281,48.803436279296875,1.62,-0.07,
2007-03-02,96.9812240600586,18.610000610351562,16.469999313354492,,50.16773223876953,49.0482063293457,1.64,-0.04,-0.609
2007-03-05,96.05802154541016,19.6299991607666,17.360000610351562,,50.09360122680664,49.129722595214844,1.68,-0.02,
2007-03-06,97.70155334472656,15.960000038146973,15.34000015258789,,49.90373992919922,48.98286437988281,1.66,-0.05,
2007-03-07,97.60364532470703,15.239999771118164,15.029999732971191,,49.95002365112305,49.1732177734375,1.66,-0.04,
2007-03-08,98.42891693115234,14.289999961853027,14.300000190734863,,50.01487350463867,49.129722595214844,1.67,-0.05,
2007-03-09,98.4568862915039,14.09000015258789,14.260000228881836,,49.88520812988281,48.61311721801758,1.65,-0.07,-0.595
2007-03-12,98.60374450683594,13.989999771118164,14.149999618530273,,49.99175262451172,48.803436279296875,1.65,-0.06,
2007-03-13,96.6875,18.1299991607666,16.3799991607666,,50.01951217651367,49.09715270996094,1.7,-0.02,
2007-03-14,97.4078140258789,17.270000457763672,16.15999984741211,,49.973209381103516,48.8741455078125,1.72,-0.01,
2007-03-15,97.54075622558594,16.43000030517578,16.020000457763672,,49.98244857788086,48.86870193481445,1.7,-0.03,
2007-03-16,97.2675552368164,16.790000915527344,16.549999237060547,,49.78794479370117,48.85780334472656,1.7,-0.03,-0.583
2007-03-19,98.44010162353516,14.59000015258789,15.130000114440918,,49.69536209106445,48.75450897216797,1.7,-0.03,
2007-03-20,98.9808120727539,13.270000457763672,14.289999961853027,,49.82963180541992,48.781707763671875,1.71,-0.04,
2007-03-21,100.60974884033203,12.1899995803833,13.109999656677246,,49.97782897949219,48.803436279296875,1.73,0.02,
2007-03-22,100.53250885009766,12.930000305175781,13.359999656677246,,49.83890151977539,48.41737747192383,1.75,0.02,
2007-03-23,100.679931640625,12.949999809265137,13.449999809265137,,49.70920181274414,48.281455993652344,1.75,0.02,-0.575
2007-03-26,100.54654693603516,13.15999984741211,13.579999923706055,,49.80186080932617,48.34123229980469,1.75,0.04,
2007-03-27,100.30780792236328,13.479999542236328,14.119999885559082,,49.79257583618164,48.259681701660156,1.76,0.04,
2007-03-28,99.57763671875,14.979999542236328,15.130000114440918,,49.76019287109375,48.16182327270508,1.78,0.09,
2007-03-29,99.68293762207031,15.140000343322754,15.239999771118164,,49.699928283691406,48.096553802490234,1.74,0.06,
2007-03-30,99.70394134521484,14.640000343322754,15.100000381469727,,49.68141555786133,48.004112243652344,1.75,0.07,-0.569
2007-04-02,99.81631469726562,14.529999732971191,15.039999961853027,,49.71028518676758,48.083824157714844,1.74,0.05,
2007-04-03,100.89063262939453,13.460000038146973,14.239999771118164,,49.68235778808594,48.02377700805664,1.73,0.04,
2007-04-04,101.00298309326172,13.239999771118164,14.25,,49.724212646484375,48.072898864746094,1.74,0.05,
2007-04-05,101.27679443359375,13.229999542236328,14.0600004196167,,49.62186813354492,47.89276123046875,1.74,0.05,
2007-04-09,101.41722106933594,13.140000343322754,14.029999732971191,,49.45901870727539,47.576236724853516,1.72,0.02,
2007-04-10,101.53656005859375,12.680000305175781,13.5,,49.56138229370117,47.7181396484375,1.72,0.02,
2007-04-11,101.12229919433594,13.489999771118164,14.1899995803833,31.223045349121094,49.4683723449707,47.685394287109375,1.71,0.01,
2007-04-12,101.57169342041016,12.710000038146973,13.539999961853027,31.2440128326416,49.542789459228516,47.696285247802734,1.71,0.01,
2007-04-13,102.03507995605469,12.199999809265137,13.3100004196167,31.187158584594727,49.45901870727539,47.548912048339844,1.7,0.0,-0.561
2007-04-16,103.00405883789062,11.979999542236328,13.170000076293945,31.175188064575195,49.500919342041016,47.81090545654297,1.68,0.0,
2007-04-17,103.27788543701172,12.140000343322754,13.09000015258789,31.160255432128906,49.77073669433594,48.0783576965332,1.68,0.01,
2007-04-18,103.40425109863281,12.420000076293945,13.180000305175781,31.169198989868164,49.784690856933594,48.31847381591797,1.67,0.02,
2007-04-19,103.37619018554688,12.539999961853027,13.300000190734863,31.27693748474121,49.81731033325195,48.23663330078125,1.67,0.04,
2007-04-20,104.3521728515625,12.069999694824219,12.579999923706055,31.258987426757812,49.80331039428711,48.11106872558594,1.68,0.04,-0.556
2007-04-23,103.95895385742188,13.039999961853027,13.079999923706055,31.27693748474121,49.94755554199219,48.2857780456543,1.68,0.04,
2007-04-24,104.00109100341797,13.119999885559082,13.100000381469727,31.492353439331055,50.07319259643555,48.46584701538086,1.68,0.05,
2007-04-25,104.9560317993164,13.210000038146973,13.050000190734863,31.540246963500977,50.00339889526367,48.29664993286133,1.68,0.03,
2007-04-26,105.07535552978516,12.789999961853027,12.600000381469727,31.597076416015625,49.896400451660156,47.947349548339844,1.69,0.02,
2007-04-27,104.99108123779297,12.449999809265137,12.489999771118164,31.597076416015625,49.88240432739258,47.93646240234375,1.68,0.04,-0.548
2007-04-30,104.1204605102539,14.220000267028809,14.010000228881836,31.6000919342041,50.124385833740234,48.43858337402344,1.68,0.03,
2007-05-01,104.38726043701172,13.510000228881836,13.390000343322754,31.6040096282959,50.09636306762695,48.4736213684082,1.67,0.01,
2007-05-02,104.99813842773438,13.079999923706055,13.25,31.591989517211914,50.08232116699219,48.44621276855469,1.66,0.0,
2007-05-03,105.56688690185547,13.09000015258789,13.220000267028809,31.594968795776367,50.01219940185547,48.33665084838867,1.64,-0.03,
2007-05-04,105.96708679199219,12.90999984741211,13.260000228881836,31.633983612060547,50.13373947143555,48.53384017944336,1.64,-0.03,-0.539
2007-05-07,105.98818969726562,13.149999618530273,13.329999923706055,31.631006240844727,50.19445037841797,48.66530990600586,1.64,-0.04,
2007-05-08,105.84773254394531,13.210000038146973,13.420000076293945,31.654996871948242,50.16642379760742,48.555789947509766,1.66,-0.05,
2007-05-09,106.13557434082031,12.880000114440918,13.239999771118164,31.57097053527832,50.08698654174805,48.36406707763672,1.65,-0.06,
2007-05-10,105.02618408203125,13.600000381469727,14.09000015258789,31.684974670410156,50.11037063598633,48.47909927368164,1.66,-0.05,
2007-05-11,105.92498016357422,12.949999809265137,13.4399995803833,31.7030086517334,50.0589485168457,48.309295654296875,1.66,-0.04,-0.529
2007-05-14,105.6932373046875,13.960000038146973,14.239999771118164,31.69998550415039,50.007530212402344,48.18333053588867,1.65,-0.04,
2007-05-15,105.7213363647461,14.010000228881836,14.239999771118164,31.675992965698242,49.8953742980957,48.166866302490234,1.65,-0.04,
2007-05-16,106.44453430175781,13.5,14.039999961853027,31.75998878479004,50.01219940185547,48.13397979736328,1.64,-0.02,
2007-05-17,106.23388671875,13.510000228881836,14.170000076293945,31.75099754333496,49.862640380859375,47.93678665161133,1.64,-0.02,
2007-05-18,107.16072082519531,12.760000228881836,13.5,31.75998878479004,49.72242736816406,47.619075775146484,1.63,-0.01,-0.52
2007-05-21,107.10453796386719,13.300000190734863,13.609999656677246,31.7900333404541,49.787864685058594,47.761497497558594,1.63,-0.02,
2007-05-22,107.02030944824219,13.0600004196167,13.520000457763672,31.793027877807617,49.628971099853516,47.51499557495117,1.63,0.0,
2007-05-23,107.03433227539062,13.239999771118164,13.600000381469727,31.76900291442871,49.582237243652344,47.37807846069336,1.63,0.01,
2007-05-24,106.06535339355469,14.079999923706055,14.369999885559082,31.778024673461914,49.643009185791016,47.421875,1.63,0.01,
2007-05-25,106.50772094726562,13.34000015258789,14.140000343322754,31.82301902770996,49.61027145385742,47.31230926513672,1.62,0.01,-0.511
2007-05-29,106.89387512207031,13.529999732971191,14.079999923706055,31.696998596191406,49.51212692260742,47.30684280395508,1.62,0.0,
2007-05-30,107.76457977294922,12.829999923706055,13.449999809265137,31.76900291442871,49.549503326416016,47.40544128417969,1.61,-0.01,
2007-05-31,107.6522216796875,13.050000190734863,13.470000267028809,31.717992782592773,49.50746154785156,47.31779479980469,1.6,-0.02,
2007-06-01,108.18583679199219,12.779999732971191,13.489999771118164,31.713773727416992,49.31773376464844,47.06919479370117,1.6,-0.02,-0.504
2007-06-04,108.19986724853516,13.289999961853027,14.079999923706055,31.740907669067383,49.39755630493164,47.28368377685547,1.58,-0.04,
2007-06-05,107.77159881591797,13.630000114440918,14.260000228881836,31.695680618286133,49.237911224365234,46.98671340942383,1.57,-0.01,
2007-06-06,106.61304473876953,14.869999885559082,15.260000228881836,31.656448364257812,49.28021240234375,46.964744567871094,1.6,0.0,
2007-06-07,104.68917083740234,17.059999465942383,16.450000762939453,31.508617401123047,48.75429153442383,46.12331008911133,1.6,0.08,
2007-06-08,106.05130004882812,14.84000015258789,15.130000114440918,31.424110412597656,48.77775955200195,46.0848274230957,1.62,0.11,-0.501
2007-06-11,106.23388671875,14.710000038146973,15.100000381469727,31.357742309570312,48.62748336791992,45.95283889770508,1.61,0.13,
2007-06-12,105.07535552978516,16.670000076293945,16.020000457763672,31.19782829284668,48.364532470703125,45.28740310668945,1.6,0.18,
2007-06-13,106.64813995361328,14.729999542236328,15.079999923706055,31.252153396606445,48.57587432861328,45.82637023925781,1.58,0.12,
2007-06-14,107.32923889160156,13.640000343322754,14.460000038146973,31.27627944946289,48.561767578125,45.71088409423828,1.57,0.13,
2007-06-15,107.93994903564453,13.9399995803833,15.010000228881836,31.270227432250977,48.75429153442383,46.024330139160156,1.6,0.11,-0.498
2007-06-18,107.81298828125,13.420000076293945,14.5600004196167,31.288362503051758,48.749603271484375,45.930843353271484,1.6,0.14,
2007-06-19,108.08091735839844,12.850000381469727,14.289999961853027,31.327587127685547,49.06422424316406,46.359798431396484,1.6,0.15,
2007-06-20,106.5789566040039,14.670000076293945,15.470000267028809,31.05000114440918,48.82938766479492,45.98581314086914,1.57,0.17,
2007-06-21,107.17130279541016,14.210000038146973,15.289999961853027,31.1072998046875,48.70265197753906,45.765865325927734,1.6,0.18,
2007-06-22,106.1629409790039,15.75,16.260000228881836,31.167665481567383,48.834102630615234,46.062828063964844,1.6,0.22,-0.493
2007-06-25,105.65515899658203,16.649999618530273,16.479999542236328,30.98662567138672,48.890480041503906,46.315826416015625,1.59,0.22,
2007-06-26,104.5692367553711,18.889999389648438,18.059999465942383,31.0771484375,48.881065368652344,46.32679748535156,1.61,0.2,
2007-06-27,106.05719757080078,15.529999732971191,16.040000915527344,30.96852684020996,48.881065368652344,46.37080001831055,1.59,0.18,
2007-06-28,106.04302978515625,15.539999961853027,16.010000228881836,30.805606842041016,48.82938766479492,46.359798431396484,1.6,0.16,
2007-06-29,106.07826232910156,16.229999542236328,16.399999618530273,30.718097686767578,49.10646057128906,46.83824920654297,1.59,0.16,-0.481
2007-07-02,107.03732299804688,15.399999618530273,16.100000381469727,30.958789825439453,48.98476791381836,47.084476470947266,1.6,0.14,
2007-07-03,107.42513275146484,14.920000076293945,15.609999656677246,30.9011173248291,48.99416732788086,46.797359466552734,1.6,0.16,
2007-07-05,107.31233215332031,15.479999542236328,16.110000610351562,30.78883171081543,48.67815399169922,46.272911071777344,1.58,0.17,
2007-07-06,107.87643432617188,14.720000267028809,15.529999732971191,30.822221755981445,48.583824157714844,46.085235595703125,1.59,0.2,-0.457
2007-07-09,107.96105194091797,15.15999984741211,16.079999923706055,30.91631507873535,48.682865142822266,46.250858306884766,1.58,0.19,
2007-07-10,106.42378234863281,17.56999969482422,17.3799991607666,30.834321975708008,49.017791748046875,47.03478240966797,1.6,0.18,
2007-07-11,107.17832946777344,16.639999389648438,17.040000915527344,30.603683471679688,48.79610061645508,46.548973083496094,1.59,0.2,
2007-07-12,108.87074279785156,15.539999961853027,16.350000381469727,30.69472885131836,48.60269546508789,46.388893127441406,1.59,0.19,
2007-07-13,109.19512939453125,15.149999618530273,16.31999969482422,30.822221755981445,48.81492233276367,46.515838623046875,1.59,0.17,-0.413
2007-07-16,109.1810302734375,15.59000015258789,16.450000762939453,30.834321975708008,48.942291259765625,46.96299362182617,1.58,0.16,
2007-07-17,109.1246337890625,15.630000114440918,16.5,30.87076759338379,48.8385124206543,46.86366271972656,1.59,0.17,
2007-07-18,108.92710876464844,16.0,17.049999237060547,30.640073776245117,48.98003005981445,47.04030990600586,1.58,0.18,
2007-07-19,109.35027313232422,15.229999542236328,16.399999618530273,30.673479080200195,48.876285552978516,47.02925109863281,1.59,0.17,
2007-07-20,108.24314880371094,16.950000762939453,17.440000534057617,30.59457015991211,49.013031005859375,47.45429992675781,1.61,0.17,-0.344
2007-07-23,108.57457733154297,16.809999465942383,17.190000534057617,30.527807235717773,48.95644760131836,47.377044677734375,1.61,0.17,
2007-07-24,106.69176483154297,18.549999237060547,18.329999923706055,30.35177230834961,48.89516067504883,47.553707122802734,1.65,0.17,
2007-07-25,106.91035461425781,18.100000381469727,18.06999969482422,30.063405990600586,48.932865142822266,47.64751434326172,1.65,0.18,
2007-07-26,104.37883758544922,20.739999771118164,19.010000228881836,29.638490676879883,48.8291015625,48.045013427734375,1.83,0.23,
2007-07-27,102.32682800292969,24.170000076293945,21.149999618530273,29.14375114440918,48.649871826171875,48.18307113647461,1.87,0.24,-0.251
2007-07-30,103.92752075195312,20.8700008392334,19.329999923706055,29.426023483276367,48.725337982177734,48.045013427734375,1.88,0.23,
2007-07-31,102.7569351196289,23.520000457763672,21.350000381469727,29.526216506958008,48.70174026489258,48.392826080322266,1.85,0.22,
2007-08-01,103.25757598876953,23.670000076293945,21.600000381469727,29.465084075927734,48.85909652709961,48.288089752197266,1.86,0.2,
2007-08-02,104.08267974853516,21.219999313354492,20.479999542236328,29.633115768432617,48.792720794677734,48.410003662109375,1.83,0.18,
2007-08-03,101.40300750732422,25.15999984741211,22.6200008392334,29.633115768432617,49.03447723388672,48.73141860961914,1.86,0.25,-0.139
2007-08-06,103.10248565673828,22.940000534057617,21.31999969482422,29.5689697265625,48.86384963989258,48.376747131347656,1.89,0.26,
2007-08-07,104.20252227783203,21.559999465942383,20.610000610351562,29.77974510192871,48.99654006958008,48.337913513183594,1.83,0.21,
2007-08-08,105.65515899658203,21.450000762939453,20.389999389648438,30.13105010986328,49.048675537109375,47.75047302246094,1.87,0.2,
2007-08-09,102.52421569824219,26.479999542236328,24.440000534057617,30.100509643554688,49.00603103637695,47.81697082519531,1.91,0.3,
2007-08-10,102.04474639892578,28.299999237060547,25.399999618530273,30.0394229888916,48.78801345825195,47.7061653137207,1.88,0.34,-0.019
2007-08-13,102.41140747070312,26.56999969482422,23.540000915527344,30.25936508178711,48.9586296081543,47.8447151184082,1.91,0.32,
2007-08-14,100.845947265625,27.68000030517578,24.540000915527344,30.02416229248047,49.266685485839844,47.97217559814453,1.95,0.34,
2007-08-15,99.4567642211914,30.670000076293945,26.479999542236328,30.192174911499023,49.133975982666016,47.80036544799805,2.03,0.42,
2007-08-16,100.2042007446289,30.829999923706055,27.059999465942383,30.1524600982666,48.65533447265625,48.293636322021484,2.06,0.52,
2007-08-17,102.04474639892578,29.989999771118164,26.15999984741211,30.45793914794922,48.7406005859375,48.09965515136719,2.07,0.5,0.099
2007-08-20,101.99534606933594,26.329999923706055,23.229999542236328,30.167747497558594,49.091339111328125,48.12736129760742,2.08,0.53,
2007-08-21,102.19987487792969,25.25,22.600000381469727,30.011905670166016,49.19087600708008,48.360107421875,2.09,0.55,
2007-08-22,103.41276550292969,22.889999389648438,21.239999771118164,30.24410629272461,49.290382385253906,48.28254318237305,2.07,0.48,
2007-08-23,103.32107543945312,22.6200008392334,21.170000076293945,30.427383422851562,49.31410217285156,48.448795318603516,2.04,0.42,
2007-08-24,104.597412109375,20.719999313354492,20.290000915527344,30.50380516052246,49.423118591308594,48.68707275390625,2.01,0.33,0.193
2007-08-27,103.62427520751953,22.719999313354492,21.420000076293945,30.702350616455078,49.290382385253906,48.94204330444336,2.0,0.32,
2007-08-28,101.34662628173828,26.299999237060547,25.030000686645508,30.595409393310547,49.71219253540039,49.02517318725586,2.07,0.4,
2007-08-29,103.3351821899414,23.809999465942383,23.170000076293945,30.7176513671875,49.48471450805664,48.892154693603516,2.05,0.43,
2007-08-30,103.06015014648438,25.059999465942383,23.40999984741211,30.781784057617188,49.63166046142578,49.21916198730469,2.07,0.43,
2007-08-31,104.07561492919922,23.3799991607666,22.440000534057617,31.05976676940918,49.863853454589844,49.25795364379883,2.05,0.39,0.245
2007-09-04,105.12632751464844,22.780000686645508,22.010000228881836,31.2758731842041,49.75338363647461,49.28129959106445,2.04,0.43,
2007-09-05,104.21666717529297,24.579999923706055,23.229999542236328,31.28814125061035,49.94860076904297,49.676387786865234,2.06,0.45,
2007-09-06,104.4564208984375,23.989999771118164,23.1299991607666,31.269737243652344,49.83433532714844,49.54841613769531,2.06,0.43,
2007-09-07,103.00375366210938,26.229999542236328,24.520000457763672,30.913137435913086,50.10576629638672,50.249576568603516,2.1,0.48,0.26
2007-09-10,102.80628967285156,27.3799991607666,25.260000228881836,31.045330047607422,50.25336456298828,50.63913345336914,2.13,0.47,
2007-09-11,104.00508117675781,25.270000457763672,23.600000381469727,31.300439834594727,49.962890625,50.60013961791992,2.11,0.42,
2007-09-12,104.27303314208984,24.959999084472656,23.469999313354492,31.441848754882812,49.758148193359375,50.41096115112305,2.13,0.46,
2007-09-13,105.0064468383789,24.760000228881836,23.420000076293945,31.3311824798584,49.68674850463867,49.96022033691406,2.12,0.41,
2007-09-14,104.99938201904297,24.920000076293945,23.479999542236328,31.62628936767578,49.82481384277344,50.032569885253906,2.12,0.42,0.236
2007-09-17,104.4352798461914,26.479999542236328,24.31999969482422,31.770740509033203,49.8057861328125,50.27182388305664,2.1,0.4,
2007-09-18,107.50980377197266,20.350000381469727,20.6299991607666,31.998193740844727,49.924835205078125,49.8934211730957,2.11,0.5,
2007-09-19,108.14443969726562,20.030000686645508,20.280000686645508,32.60988235473633,49.64866256713867,49.43159103393555,2.11,0.53,
2007-09-20,107.38288879394531,20.450000762939453,20.510000228881836,31.810701370239258,49.55818176269531,48.496700286865234,2.04,0.59,
2007-09-21,107.6726303100586,19.0,20.010000228881836,31.890636444091797,49.79150390625,48.90848159790039,2.03,0.58,0.178
2007-09-24,107.4742660522461,19.3700008392334,19.59000015258789,32.10580825805664,50.03907775878906,49.0476188659668,2.02,0.58,
2007-09-25,107.26167297363281,18.600000381469727,19.450000762939453,32.18264389038086,50.01047134399414,48.87511444091797,2.02,0.63,
2007-09-26,107.82853698730469,17.6299991607666,19.010000228881836,32.065834045410156,50.134281158447266,48.91961669921875,2.03,0.66,
2007-09-27,108.46617126464844,17.0,18.229999542236328,31.96748161315918,50.26289749145508,49.25905227661133,2.01,0.63,
2007-09-28,108.10485076904297,18.0,18.6299991607666,31.96748161315918,50.229530334472656,49.37032699584961,2.0,0.62,0.111
2007-10-01,109.32347106933594,17.84000015258789,18.610000610351562,32.08964920043945,49.905723571777344,49.652469635009766,1.99,0.54,
2007-10-02,109.17469024658203,18.489999771118164,19.219999313354492,32.151512145996094,49.85786437988281,49.80887985229492,2.0,0.56,
2007-10-03,108.95501708984375,18.799999237060547,19.530000686645508,31.98139190673828,50.08269500732422,49.66361618041992,1.99,0.53,
2007-10-04,109.12506866455078,18.440000534057617,19.43000030517578,32.117488861083984,50.47971725463867,49.853572845458984,1.97,0.54,
2007-10-05,110.42170715332031,16.90999984741211,18.34000015258789,32.13603210449219,50.274044036865234,49.317291259765625,1.94,0.57,0.049
2007-10-08,109.8336181640625,17.459999084472656,18.600000381469727,32.24431610107422,50.45103454589844,49.27816390991211,,,
2007-10-09,110.8680191040039,16.1200008392334,17.6299991607666,32.269046783447266,50.231021881103516,49.21674346923828,1.9,0.52,
2007-10-10,110.68387603759766,16.670000076293945,18.31999969482422,32.241207122802734,50.40799331665039,49.24463653564453,1.91,0.5,
2007-10-11,110.15243530273438,18.8799991607666,19.579999923706055,32.287601470947266,50.513206481933594,49.19437789916992,1.9,0.53,
2007-10-12,110.7617416381836,17.729999542236328,19.149999618530273,32.321617126464844,50.23576354980469,48.954158782958984,1.87,0.47,0.007
2007-10-15,109.82649993896484,19.25,20.389999389648438,32.47624969482422,50.39363098144531,48.96531295776367,1.88,0.47,
2007-10-16,108.95501708984375,20.020000457763672,21.200000762939453,32.35256576538086,50.47971725463867,48.98210525512695,1.92,0.54,
2007-10-17,109.28805541992188,18.540000915527344,20.360000610351562,31.953527450561523,50.71892166137695,49.51837158203125,1.91,0.57,
2007-10-18,108.89129638671875,18.5,20.229999542236328,31.9381103515625,50.723697662353516,49.79214096069336,1.94,0.59,
2007-10-19,106.04305267333984,22.959999084472656,23.219999313354492,31.795804977416992,51.053741455078125,50.53513717651367,1.97,0.61,-0.001
2007-10-22,106.65946197509766,21.639999389648438,21.520000457763672,31.50196075439453,51.053741455078125,50.540706634521484,1.96,0.57,
2007-10-23,107.52387237548828,20.40999984741211,21.010000228881836,31.76488494873047,50.75238800048828,50.473697662353516,1.98,0.6,
2007-10-24,107.32544708251953,20.799999237060547,21.290000915527344,31.76488494873047,51.06329345703125,50.847965240478516,1.98,0.62,
2007-10-25,107.58053588867188,21.170000076293945,21.3799991607666,31.8112850189209,50.94367599487305,50.67475891113281,1.99,0.63,
2007-10-26,108.84168243408203,19.559999465942383,20.389999389648438,31.885496139526367,50.86238479614258,50.55745315551758,1.98,0.64,0.029
2007-10-29,109.2030258178711,19.8700008392334,20.399999618530273,31.98139190673828,50.98197937011719,50.752986907958984,1.98,0.6,
2007-10-30,108.44490814208984,21.06999969482422,21.290000915527344,31.919536590576172,50.97719955444336,50.72506332397461,1.99,0.58,
2007-10-31,109.57144927978516,18.530000686645508,19.520000457763672,32.12057113647461,50.71413040161133,50.26698684692383,1.99,0.54,
2007-11-01,107.00662994384766,23.209999084472656,22.6299991607666,31.9119815826416,51.10142135620117,50.920082092285156,2.01,0.59,
2007-11-02,107.12709045410156,23.010000228881836,23.139999389648438,31.834163665771484,50.784244537353516,51.08282470703125,2.04,0.65,0.095
2007-11-05,106.31230163574219,24.309999465942383,24.030000686645508,31.818565368652344,50.909202575683594,51.060386657714844,2.02,0.66,
2007-11-06,107.74349212646484,21.389999389648438,22.170000076293945,31.983592987060547,50.59687042236328,50.8134880065918,2.03,0.68,
2007-11-07,104.79608154296875,26.489999771118164,25.239999771118164,31.94310188293457,50.563228607177734,50.90327453613281,2.1,0.73,
2007-11-08,104.2646484375,26.15999984741211,25.360000610351562,31.53837013244629,50.644927978515625,50.8134880065918,2.16,0.81,
2007-11-09,102.83348083496094,28.5,27.030000686645508,31.678476333618164,50.87078094482422,51.24555969238281,2.18,0.81,0.193
2007-11-12,101.81321716308594,31.09000015258789,27.350000381469727,31.803009033203125,50.85155487060547,51.43068313598633,,,
2007-11-13,104.91651153564453,24.100000381469727,24.65999984741211,31.678476333618164,50.59687042236328,51.239933013916016,2.18,0.72,
2007-11-14,104.62600708007812,25.940000534057617,25.649999618530273,31.756296157836914,50.38065719604492,51.29600524902344,2.16,0.71,
2007-11-15,103.11685943603516,28.059999465942383,27.440000534057617,31.74696922302246,50.572837829589844,51.77857971191406,2.22,0.82,
2007-11-16,103.29402160644531,25.489999771118164,26.440000534057617,31.756296157836914,50.57765579223633,51.85151672363281,2.26,0.82,0.305
2007-11-19,101.85572814941406,26.010000228881836,25.65999984741211,31.756296157836914,50.96681213378906,52.188175201416016,2.3,0.89,
2007-11-20,102.47920227050781,24.8799991607666,26.09000015258789,31.44498062133789,50.644927978515625,52.13212585449219,2.35,0.92,
2007-11-21,100.38201904296875,26.84000015258789,27.420000076293945,30.853445053100586,51.00051498413086,52.43505859375,2.41,1.01,
2007-11-23,102.11784362792969,25.610000610351562,25.969999313354492,30.794292449951172,50.74580001831055,52.59215545654297,2.37,0.94,0.419
2007-11-26,99.8648452758789,28.90999984741211,28.440000534057617,31.133621215820312,51.58669662475586,53.630218505859375,2.4,0.91,
2007-11-27,101.01264190673828,26.280000686645508,26.59000015258789,31.180347442626953,51.144630432128906,53.11963653564453,2.41,0.9,
2007-11-28,104.24344635009766,24.110000610351562,24.25,31.47612190246582,50.789085388183594,52.760536193847656,2.4,0.86,
2007-11-29,104.27885437011719,23.969999313354492,24.5,31.631778717041016,50.98127365112305,53.21504211425781,2.46,0.88,
2007-11-30,105.32743072509766,22.8700008392334,23.93000030517578,31.759431838989258,51.231136322021484,52.956905364990234,2.47,0.93,0.514
2007-12-03,104.63311767578125,23.610000610351562,24.299999237060547,32.07963180541992,51.249000549316406,53.37712478637695,2.52,0.99,
2007-12-04,103.69786834716797,23.790000915527344,24.649999618530273,31.957420349121094,51.273101806640625,53.371490478515625,2.53,0.99,
2007-12-05,105.43370056152344,22.530000686645508,23.329999923706055,31.58144760131836,51.08011245727539,52.73493194580078,2.58,1.02,
2007-12-06,106.94287109375,20.959999084472656,22.100000381469727,31.863449096679688,50.70365905761719,52.272987365722656,2.59,0.99,
2007-12-07,106.92158508300781,20.850000381469727,22.18000030517578,31.847787857055664,50.26933670043945,51.687110900878906,2.61,1.0,0.578
2007-12-10,107.75055694580078,20.739999771118164,21.93000030517578,31.800762176513672,50.30316925048828,51.37725830078125,2.59,0.98,
2007-12-11,104.79608154296875,23.59000015258789,24.1200008392334,31.76945686340332,50.790531158447266,52.38565444946289,2.63,1.04,
2007-12-12,105.83051300048828,22.469999313354492,23.290000915527344,31.941781997680664,50.631282806396484,51.844818115234375,2.63,0.98,
2007-12-13,105.61083984375,22.559999465942383,23.520000457763672,31.92609977722168,50.341739654541016,51.28150939941406,2.58,0.97,
2007-12-14,104.2717514038086,23.270000457763672,24.209999084472656,31.973127365112305,49.772274017333984,51.0449104309082,2.55,0.93,0.606
2007-12-17,102.78390502929688,24.520000457763672,25.530000686645508,31.800762176513672,50.254878997802734,51.501190185546875,2.55,0.96,
2007-12-18,103.35778045654297,22.639999389648438,24.670000076293945,31.832117080688477,50.409297943115234,51.83359146118164,2.52,0.95,
2007-12-19,103.35778045654297,21.68000030517578,23.809999465942383,31.988752365112305,50.80501174926758,52.52085494995117,2.54,0.94,
2007-12-20,104.00959777832031,20.579999923706055,22.8700008392334,31.919849395751953,50.558921813964844,52.40818405151367,2.51,0.95,
2007-12-21,105.50894165039062,18.469999313354492,21.5,32.02008056640625,50.505836486816406,51.64208221435547,2.5,0.99,0.597
2007-12-24,106.29241943359375,18.600000381469727,21.139999389648438,31.907306671142578,50.250057220458984,51.39980697631836,2.49,0.99,
2007-12-26,106.52033996582031,18.65999984741211,20.93000030517578,31.766315460205078,50.26455307006836,50.94913864135742,2.49,0.99,
2007-12-27,105.18125915527344,20.260000228881836,22.049999237060547,31.975849151611328,50.56268310546875,51.50457000732422,2.52,0.97,
2007-12-28,104.9177474975586,20.739999771118164,22.559999465942383,31.663938522338867,50.72261047363281,52.307708740234375,2.51,0.99,0.557
2007-12-31,104.14134216308594,22.5,23.309999465942383,31.733257293701172,50.819541931152344,52.62450408935547,2.52,0.99,
2008-01-02,103.22966766357422,23.170000076293945,23.600000381469727,31.348852157592773,51.42061996459961,53.38239669799805,2.54,1.03,
2008-01-03,103.17981719970703,22.489999771118164,22.809999465942383,31.289005279541016,51.25095748901367,53.30887985229492,2.57,1.08,
2008-01-04,100.6512680053711,23.940000534057617,23.690000534057617,31.254335403442383,51.672698974609375,53.320194244384766,2.59,1.14,0.509
2008-01-07,100.56575775146484,23.790000915527344,23.219999313354492,31.068452835083008,51.609676361083984,53.552059173583984,2.6,1.1,
2008-01-08,98.9417953491211,25.43000030517578,25.489999771118164,30.888870239257812,51.512752532958984,53.4898567199707,2.63,1.1,
2008-01-09,99.98171997070312,24.1200008392334,24.5,30.551738739013672,51.40605926513672,53.59162902832031,2.67,1.13,
2008-01-10,100.63702392578125,23.450000762939453,23.950000762939453,30.778589248657227,51.255821228027344,52.86767578125,2.73,1.2,
2008-01-11,99.82501220703125,23.68000030517578,24.5,30.844745635986328,51.62904357910156,53.280574798583984,2.77,1.23,0.463
2008-01-14,100.62987518310547,22.899999618530273,23.670000076293945,30.737625122070312,51.4157600402832,53.478546142578125,2.76,1.23,
2008-01-15,98.41472625732422,23.34000015258789,24.389999389648438,30.8164119720459,51.692100524902344,54.07807922363281,2.78,1.19,
2008-01-16,97.5671157836914,24.3799991607666,24.360000610351562,30.781736373901367,51.61452102661133,53.68783187866211,2.77,1.23,
2008-01-17,95.03852081298828,28.459999084472656,26.440000534057617,30.564353942871094,51.85691452026367,54.38350296020508,2.81,1.22,
2008-01-18,94.06270599365234,27.18000030517578,25.989999771118164,30.803787231445312,51.769622802734375,54.01019287109375,2.87,1.3,0.438
2008-01-22,93.10828399658203,31.010000228881836,27.389999389648438,30.58957862854004,51.881126403808594,54.587127685546875,2.98,1.44,
2008-01-23,95.34479522705078,29.020000457763672,26.25,30.649412155151367,51.94898986816406,54.46266174316406,2.95,1.42,
2008-01-24,96.14969635009766,27.780000686645508,26.0,31.03380012512207,51.50791549682617,53.37109375,2.95,1.43,
2008-01-25,94.76072692871094,29.079999923706055,26.860000610351562,31.08104133605957,52.06534957885742,54.270423889160156,2.95,1.38,0.444
2008-01-28,96.32774353027344,27.780000686645508,25.969999313354492,30.93926239013672,52.05078125,54.066795349121094,2.97,1.41,
2008-01-29,96.80496978759766,27.31999969482422,25.649999618530273,30.97079849243164,51.96352767944336,53.69916534423828,2.94,1.4,
2008-01-30,96.09272766113281,27.6200008392334,26.079999923706055,31.09050750732422,51.953826904296875,53.348480224609375,2.94,1.48,
2008-01-31,97.84489440917969,26.200000762939453,25.209999084472656,31.153505325317383,52.123512268066406,53.7274055480957,2.96,1.5,
2008-02-01,99.41899108886719,24.020000457763672,24.110000610351562,31.170623779296875,52.34455871582031,54.05038833618164,2.98,1.53,0.473
2008-02-04,98.16542053222656,25.989999771118164,25.360000610351562,31.177003860473633,52.20335388183594,53.49413299560547,2.98,1.6,
2008-02-05,95.53713989257812,28.239999771118164,26.989999771118164,30.926422119140625,52.38351821899414,53.90279006958008,3.01,1.68,
2008-02-06,94.76788330078125,28.969999313354492,27.610000610351562,30.862947463989258,52.10107421875,53.73816680908203,3.05,1.65,
2008-02-07,95.39469909667969,27.65999984741211,26.739999771118164,30.73292350769043,51.50212097167969,52.580352783203125,3.06,1.75,
2008-02-08,94.78214263916016,28.010000228881836,27.059999465942383,30.501392364501953,51.696895599365234,53.18199157714844,3.09,1.71,0.533
2008-02-11,95.26646423339844,27.600000381469727,26.670000076293945,30.260303497314453,51.85273361206055,53.403316497802734,3.09,1.69,
2008-02-12,96.14969635009766,26.329999923706055,26.110000610351562,30.374465942382812,51.77967071533203,53.085479736328125,3.11,1.72,
2008-02-13,97.13262939453125,24.8799991607666,25.290000915527344,30.295188903808594,51.258609771728516,52.523582458496094,3.11,1.79,
2008-02-14,96.27792358398438,25.540000915527344,25.469999313354492,30.444297790527344,51.14658737182617,51.75167465209961,3.1,1.92,
2008-02-15,96.25652313232422,25.020000457763672,25.440000534057617,30.368139266967773,51.312217712402344,52.14897155761719,3.14,1.85,0.617
2008-02-19,96.52717590332031,25.59000015258789,25.469999313354492,30.212730407714844,50.805763244628906,51.62113571166992,3.07,1.83,
2008-02-20,96.81214904785156,24.399999618530273,24.670000076293945,30.29200553894043,50.917781829833984,51.97869873046875,3.03,1.79,
2008-02-21,96.00723266601562,25.1200008392334,25.09000015258789,30.396669387817383,51.26838302612305,52.529266357421875,3.1,1.79,
2008-02-22,96.59839630126953,24.059999465942383,24.399999618530273,30.45063591003418,51.068695068359375,52.22844696044922,3.12,1.81,0.715
2008-02-25,97.81636047363281,23.030000686645508,23.93000030517578,30.542606353759766,50.74241638183594,51.69495391845703,3.08,1.78,
2008-02-26,98.55006408691406,21.899999618530273,23.110000610351562,30.739259719848633,51.107688903808594,51.71197509765625,3.1,1.84,
2008-02-27,98.45032501220703,22.690000534057617,23.690000534057617,30.73292350769043,51.05897903442383,51.75740051269531,3.11,1.84,
2008-02-28,97.48876953125,23.530000686645508,24.290000915527344,30.688522338867188,51.429115295410156,52.67680358886719,3.17,1.84,
2008-02-29,95.31633758544922,26.540000915527344,26.389999389648438,30.5711612701416,51.755332946777344,53.4827766418457,3.22,1.88,0.814
2008-03-03,95.08840942382812,26.280000686645508,26.079999923706055,30.57945442199707,51.754364013671875,53.344932556152344,3.22,1.93,
2008-03-04,94.72515106201172,25.520000457763672,25.760000228881836,30.544340133666992,51.45118713378906,52.826499938964844,3.19,1.98,
2008-03-05,95.32343292236328,24.600000381469727,24.90999984741211,30.630523681640625,51.089290618896484,52.19416427612305,3.26,2.04,
2008-03-06,93.35042572021484,27.549999237060547,27.0,30.550704956054688,51.02082443237305,52.473323822021484,3.35,2.09,
2008-03-07,92.38890838623047,27.489999771118164,27.110000610351562,30.48687171936035,50.91322326660156,52.54167938232422,3.39,2.03,0.905
2008-03-10,91.1709213256836,29.3799991607666,28.329999923706055,30.41663360595703,50.90340805053711,53.31640625,3.43,1.99,
2008-03-11,94.44734954833984,26.360000610351562,26.09000015258789,30.493268966674805,50.32147216796875,52.860679626464844,3.39,1.86,
2008-03-12,93.5640869140625,27.219999313354492,27.3700008392334,30.48687171936035,50.927921295166016,53.880428314208984,3.39,1.86,
2008-03-13,93.77071380615234,27.290000915527344,27.18000030517578,30.272993087768555,50.37531280517578,53.458892822265625,3.39,1.93,
2008-03-14,92.31761932373047,31.15999984741211,29.360000610351562,30.091045379638672,50.345951080322266,54.11972427368164,3.42,1.97,0.965
2008-03-17,91.38455200195312,32.2400016784668,29.579999923706055,29.9505558013916,50.75675964355469,54.53559112548828,3.5,1.99,
2008-03-18,95.1810073852539,25.790000915527344,26.010000228881836,30.3911075592041,50.663841247558594,54.32476806640625,3.39,1.9,
2008-03-19,92.82337951660156,29.84000015258789,28.780000686645508,30.42301368713379,50.88389205932617,55.22488784790039,3.44,1.84,
2008-03-20,94.54271697998047,26.6200008392334,27.290000915527344,30.566692352294922,51.15287780761719,55.361637115478516,3.42,1.75,
2008-03-24,96.43243408203125,25.729999542236328,25.959999084472656,30.799715042114258,51.05504608154297,54.29058837890625,3.34,1.72,
2008-03-25,96.5254898071289,25.719999313354492,26.18000030517578,30.879549026489258,51.284881591796875,54.518470764160156,3.39,1.72,
2008-03-26,95.34440612792969,26.079999923706055,26.610000610351562,30.806116104125977,51.34849166870117,54.29058837890625,3.41,1.8,
2008-03-27,95.04378509521484,25.8799991607666,26.280000686645508,30.707143783569336,51.03548812866211,53.90890121459961,3.41,1.83,
2008-03-28,94.13468170166016,25.709999084472656,26.239999771118164,30.723102569580078,51.30933380126953,54.43302917480469,3.47,1.8,0.97
2008-03-31,94.4639663696289,25.610000610351562,25.639999389648438,30.860368728637695,51.44626998901367,54.62671661376953,3.45,1.83,
2008-04-01,97.78526306152344,22.68000030517578,23.610000610351562,30.9959716796875,51.36419677734375,53.737667083740234,3.43,1.77,
2008-04-02,97.84972381591797,23.43000030517578,24.299999237060547,31.012073516845703,51.45268249511719,53.85210418701172,3.4,1.72,
2008-04-03,98.09307098388672,23.209999084472656,24.1200008392334,30.95741081237793,51.477237701416016,53.972225189208984,3.38,1.7,
2008-04-04,97.98573303222656,22.450000762939453,23.520000457763672,31.076337814331055,52.10137939453125,54.464229583740234,3.4,1.67,0.917
2008-04-07,98.03581237792969,22.420000076293945,23.200000762939453,31.323810577392578,52.160316467285156,54.17818069458008,3.37,1.62,
2008-04-08,97.93561553955078,22.360000610351562,23.06999969482422,31.4298152923584,51.97361755371094,53.9893798828125,3.37,1.71,
2008-04-09,97.22696685791016,22.809999465942383,23.549999237060547,31.156644821166992,51.821231842041016,54.55009078979492,3.38,1.72,
2008-04-10,97.36297607421875,21.979999542236328,23.059999465942383,31.269134521484375,51.87037658691406,54.36697006225586,3.35,1.71,
2008-04-11,95.4732437133789,23.459999084472656,24.190000534057617,31.018503189086914,51.91952896118164,54.733116149902344,3.38,1.73,0.844
2008-04-14,95.1511459350586,23.81999969482422,24.40999984741211,31.12775421142578,51.60009002685547,54.412742614746094,3.39,1.75,
2008-04-15,95.37305450439453,22.780000686645508,23.700000762939453,31.12453842163086,51.49196243286133,53.737667083740234,3.39,1.76,
2008-04-16,97.95708465576172,20.530000686645508,21.81999969482422,31.25951385498047,51.19711685180664,53.21134567260742,3.39,1.74,
2008-04-17,98.10026550292969,20.3700008392334,21.75,31.291662216186523,51.32982635498047,53.1197395324707,3.34,1.62,
2008-04-18,99.12384796142578,20.1299991607666,21.3700008392334,31.503755569458008,51.55585479736328,53.073978424072266,3.26,1.58,0.761
2008-04-21,99.17393493652344,20.5,21.459999084472656,31.452327728271484,51.38876724243164,53.28574752807617,3.22,1.55,
2008-04-22,98.73731994628906,20.8700008392334,21.799999237060547,31.494096755981445,51.2757453918457,53.46879577636719,3.21,1.5,
2008-04-23,98.5798110961914,20.260000228881836,21.579999923706055,31.622650146484375,51.43302917480469,53.29142379760742,3.18,1.55,
2008-04-24,99.00934600830078,20.059999465942383,21.18000030517578,31.632312774658203,51.36419677734375,52.83943176269531,3.13,1.46,
2008-04-25,99.92552947998047,19.59000015258789,20.579999923706055,31.783349990844727,51.38876724243164,52.53052520751953,3.14,1.47,0.675
2008-04-28,99.947021484375,19.639999389648438,20.40999984741211,31.969736099243164,51.63445281982422,52.69068145751953,3.11,1.5,
2008-04-29,99.55332946777344,20.239999771118164,20.81999969482422,31.87656021118164,51.79668045043945,52.890926361083984,3.11,1.5,
2008-04-30,98.96633911132812,20.790000915527344,21.25,31.908666610717773,52.08661651611328,53.268531799316406,3.1,1.48,
2008-05-01,101.0135269165039,18.8799991607666,19.780000686645508,32.58677673339844,52.39413070678711,53.27199172973633,3.04,1.41,
2008-05-02,101.29270935058594,18.18000030517578,19.530000686645508,32.25709915161133,52.08808517456055,52.60015106201172,2.97,1.42,0.6
2008-05-05,100.80599975585938,18.899999618530273,20.020000457763672,32.205379486083984,52.16212844848633,52.60015106201172,3.01,1.46,
2008-05-06,101.6792221069336,18.209999084472656,19.75,31.97591781616211,51.826541900634766,52.221248626708984,3.01,1.55,
2008-05-07,99.86825561523438,19.729999542236328,20.959999084472656,31.998565673828125,51.964717864990234,52.445167541503906,3.05,1.56,
2008-05-08,99.61056518554688,19.399999618530273,20.8799991607666,31.930662155151367,52.196693420410156,52.91599655151367,3.08,1.54,
2008-05-09,99.42446899414062,19.40999984741211,20.8700008392334,31.998565673828125,52.196693420410156,53.111228942871094,3.07,1.52,0.545
2008-05-12,100.54110717773438,17.790000915527344,20.239999771118164,31.956501007080078,52.147335052490234,53.03079605102539,3.06,1.48,
2008-05-13,100.55543518066406,17.979999542236328,20.149999618530273,31.946828842163086,51.8511848449707,52.450923919677734,3.04,1.43,
2008-05-14,100.76299285888672,17.65999984741211,20.0,31.901573181152344,51.880802154541016,52.473854064941406,3.06,1.39,
2008-05-15,102.0228042602539,16.299999237060547,19.280000686645508,31.98560905456543,52.226318359375,52.95043182373047,3.08,1.38,
2008-05-16,102.11590576171875,16.469999313354492,19.56999969482422,32.0308837890625,52.15717315673828,52.732295989990234,3.06,1.38,0.512
2008-05-19,102.39501190185547,17.010000228881836,19.84000015258789,32.15690231323242,52.16706466674805,52.80115509033203,3.07,1.41,
2008-05-20,101.56475830078125,17.579999923706055,20.809999465942383,32.095489501953125,52.18680191040039,53.076751708984375,3.08,1.44,
2008-05-21,99.8468246459961,18.59000015258789,22.110000610351562,32.037296295166016,51.95977020263672,53.08823013305664,3.08,1.4,
2008-05-22,99.86107635498047,18.049999237060547,21.520000457763672,31.988855361938477,51.38719940185547,52.4624137878418,3.06,1.36,
2008-05-23,98.52256774902344,19.549999237060547,22.510000228881836,31.798141479492188,51.62411880493164,52.69209289550781,3.06,1.39,0.507
2008-05-27,99.252685546875,19.639999389648438,22.15999984741211,31.620372772216797,51.31318283081055,52.33608627319336,3.08,1.38,
2008-05-28,99.71077728271484,19.06999969482422,21.65999984741211,31.775522232055664,50.98246765136719,51.87100601196289,3.03,1.41,
2008-05-29,100.21182250976562,18.139999389648438,20.799999237060547,31.74319839477539,50.73564910888672,51.497798919677734,3.04,1.41,
2008-05-30,100.46239471435547,17.829999923706055,20.530000686645508,31.746423721313477,50.93804168701172,51.836517333984375,3.0,1.4,0.528
2008-06-02,99.42446899414062,19.829999923706055,21.719999313354492,31.484216690063477,51.11308288574219,52.03650665283203,3.05,1.47,
2008-06-03,98.84465789794922,20.239999771118164,22.110000610351562,31.506994247436523,51.31141662597656,52.41103744506836,3.03,1.47,
2008-06-04,98.79454803466797,20.799999237060547,22.59000015258789,31.474470138549805,51.152740478515625,51.944305419921875,3.04,1.51,
2008-06-05,100.77020263671875,18.6299991607666,21.079999923706055,31.611103057861328,50.8800048828125,51.63313674926758,3.01,1.54,
2008-06-06,97.5562515258789,23.559999465942383,24.200000762939453,31.52326202392578,51.13294219970703,52.301570892333984,3.04,1.54,0.574
2008-06-09,97.79248809814453,23.1200008392334,23.850000381469727,31.624103546142578,51.088260650634766,52.301570892333984,2.94,1.29,
2008-06-10,97.30570220947266,23.18000030517578,23.84000015258789,31.637104034423828,50.79572677612305,51.96161651611328,2.94,1.2,
2008-06-11,95.87413787841797,24.1200008392334,24.31999969482422,31.630617141723633,50.7758674621582,51.840579986572266,2.97,1.27,
2008-06-12,96.23916625976562,23.329999923706055,23.700000762939453,31.578563690185547,50.344459533691406,51.32195281982422,2.9,1.2,
2008-06-13,97.45600128173828,21.219999313354492,22.600000381469727,31.718463897705078,50.0816764831543,51.212459564208984,2.9,1.22,0.628
2008-06-16,97.51325988769531,20.950000762939453,22.43000030517578,31.279260635375977,50.26021194458008,51.22398376464844,2.92,1.23,
2008-06-17,97.04086303710938,21.1299991607666,22.479999542236328,31.334575653076172,50.423866271972656,51.32767105102539,2.94,1.29,
2008-06-18,96.09600067138672,22.239999771118164,23.549999237060547,31.402904510498047,50.67672348022461,51.759925842285156,2.95,1.27,
2008-06-19,96.21768951416016,21.579999923706055,22.84000015258789,31.204450607299805,50.41391372680664,51.45447540283203,2.92,1.23,
2008-06-20,94.6559066772461,22.8700008392334,23.56999969482422,31.080833435058594,50.44364929199219,51.75413131713867,2.95,1.28,0.684
2008-06-23,94.56238555908203,22.639999389648438,23.299999237060547,30.966962814331055,50.423866271972656,51.86361312866211,2.93,1.21,
2008-06-24,94.37537384033203,22.420000076293945,23.209999084472656,30.83685874938965,50.394073486328125,52.20940399169922,2.98,1.23,
2008-06-25,94.82136535644531,21.139999389648438,22.31999969482422,30.940935134887695,50.433738708496094,52.2324104309082,2.96,1.3,
2008-06-26,92.2459716796875,23.93000030517578,24.309999465942383,30.696956634521484,50.47343444824219,52.5839729309082,3.0,1.39,
2008-06-27,91.74244689941406,23.440000534057617,23.93000030517578,30.612367630004883,50.423866271972656,53.20052719116211,3.04,1.34,0.736
2008-06-30,92.0661392211914,23.950000762939453,23.770000457763672,30.5798397064209,50.280029296875,53.212032318115234,3.05,1.36,
2008-07-01,92.3539047241211,23.649999618530273,23.670000076293945,30.547399520874023,50.257118225097656,53.08602523803711,3.06,1.38,
2008-07-02,90.7712631225586,25.920000076293945,25.020000457763672,30.524486541748047,50.22225570678711,53.36360168457031,3.05,1.39,
2008-07-03,90.86479187011719,24.780000686645508,24.420000076293945,30.511369705200195,50.15754318237305,53.2479362487793,3.08,1.45,
2008-07-07,89.9367904663086,25.780000686645508,24.75,30.537578582763672,50.39158630371094,53.490814208984375,3.1,1.48,
2008-07-08,91.5337905883789,23.149999618530273,23.059999465942383,30.4556884765625,50.66547393798828,53.83783721923828,3.11,1.44,
2008-07-09,89.77132415771484,25.229999542236328,24.360000610351562,30.3508358001709,50.70035171508789,54.074947357177734,3.14,1.44,
2008-07-10,90.1382064819336,25.59000015258789,24.389999389648438,30.390153884887695,50.411529541015625,54.06918716430664,3.17,1.39,
2008-07-11,89.08792877197266,27.489999771118164,25.520000457763672,30.3508358001709,50.02307891845703,53.29998779296875,3.15,1.37,0.776
2008-07-14,88.2822036743164,28.479999542236328,25.8799991607666,30.27878761291504,50.0479621887207,53.76844787597656,3.16,1.43,
2008-07-15,87.03767395019531,28.540000915527344,25.969999313354492,29.81034278869629,50.03802490234375,53.75107955932617,3.22,1.48,
2008-07-16,89.17424011230469,25.100000381469727,24.559999465942383,29.908626556396484,49.644615173339844,52.77949905395508,3.24,1.53,
2008-07-17,90.06629180908203,25.010000228881836,24.3700008392334,29.99706268310547,49.47526931762695,52.507667541503906,3.2,1.49,
2008-07-18,90.62739562988281,24.049999237060547,23.799999237060547,30.478593826293945,49.385658264160156,52.311012268066406,3.17,1.45,0.766
2008-07-21,90.677734375,23.049999237060547,23.18000030517578,30.629322052001953,49.440452575683594,52.51342010498047,3.18,1.43,
2008-07-22,91.70647430419922,21.18000030517578,22.059999465942383,30.734132766723633,49.7591438293457,52.2531623840332,3.13,1.4,
2008-07-23,92.20284271240234,21.309999465942383,22.200000762939453,30.6522159576416,49.584842681884766,52.14910125732422,3.14,1.35,
2008-07-24,90.28926849365234,23.440000534057617,23.760000228881836,30.72429847717285,50.02307891845703,52.65803909301758,3.19,1.42,
2008-07-25,90.26773834228516,22.90999984741211,23.290000915527344,30.789810180664062,49.7591438293457,52.131744384765625,3.17,1.43,0.737
2008-07-28,88.94404602050781,24.229999542236328,23.989999771118164,30.685001373291016,50.0479621887207,52.65803909301758,3.16,1.47,
2008-07-29,90.84319305419922,22.030000686645508,22.219999313354492,30.6915283203125,49.92350387573242,52.44407272338867,3.13,1.44,
2008-07-30,92.4618148803711,21.209999084472656,21.440000534057617,30.698101043701172,50.162498474121094,52.49610137939453,3.17,1.43,
2008-07-31,91.23884582519531,22.940000534057617,22.670000076293945,30.760324478149414,50.476261138916016,53.0166015625,3.22,1.47,
2008-08-01,90.75686645507812,22.56999969482422,22.75,30.62276268005371,50.29415512084961,53.13384246826172,3.21,1.46,0.705
2008-08-04,89.91519165039062,23.489999771118164,23.09000015258789,30.4116268157959,50.29912185668945,53.011959075927734,3.22,1.45,
2008-08-05,92.33951568603516,21.139999389648438,21.5,30.626062393188477,50.07905197143555,52.61723709106445,3.2,1.5,
2008-08-06,92.7495346069336,20.229999542236328,21.18000030517578,30.421512603759766,50.154083251953125,52.402488708496094,3.24,1.5,
2008-08-07,91.36837005615234,21.149999618530273,21.860000610351562,30.385231018066406,50.56929397583008,53.255767822265625,3.25,1.49,
2008-08-08,93.06610870361328,20.65999984741211,21.649999618530273,30.438034057617188,50.61935043334961,53.400848388671875,3.23,1.43,0.689
2008-08-11,94.03006744384766,20.1200008392334,21.440000534057617,30.352264404296875,50.38919448852539,52.89006805419922,3.24,1.43,
2008-08-12,93.05171966552734,21.170000076293945,22.200000762939453,30.470979690551758,50.694374084472656,53.38341522216797,3.26,1.46,
2008-08-13,92.49057006835938,21.549999237060547,22.540000915527344,30.517192840576172,50.429237365722656,53.19770431518555,3.25,1.44,
2008-08-14,93.18841552734375,20.34000015258789,21.65999984741211,30.517192840576172,50.57433319091797,53.54017639160156,3.26,1.44,
2008-08-15,93.64158630371094,19.579999923706055,21.3799991607666,30.58648109436035,50.68938446044922,54.00449752807617,3.27,1.44,0.695
2008-08-18,92.3611068725586,20.979999542236328,22.110000610351562,30.517192840576172,50.70939254760742,54.219295501708984,3.26,1.47,
2008-08-19,91.35393524169922,21.280000686645508,22.420000076293945,30.576580047607422,50.629329681396484,54.01033020019531,3.28,1.51,
2008-08-20,91.77841186523438,20.420000076293945,22.459999084472656,30.56999397277832,50.63432693481445,54.16120910644531,3.31,1.54,
2008-08-21,91.9366226196289,19.81999969482422,22.079999923706055,30.527090072631836,50.334190368652344,54.06254959106445,3.28,1.51,
2008-08-22,93.26750183105469,18.809999465942383,21.479999542236328,30.352264404296875,50.35415267944336,54.02775955200195,3.27,1.45,0.75
2008-08-25,91.37552642822266,20.969999313354492,22.809999465942383,30.517192840576172,50.679359436035156,54.56758499145508,3.3,1.46,
2008-08-26,91.64173889160156,20.489999771118164,22.520000457763672,30.352264404296875,50.739376068115234,54.613956451416016,3.31,1.44,
2008-08-27,92.53374481201172,19.760000228881836,21.940000534057617,30.385231018066406,50.65935516357422,54.70683670043945,3.3,1.46,
2008-08-28,93.65599060058594,19.43000030517578,21.540000915527344,30.42812156677246,50.64931869506836,54.712650299072266,3.29,1.42,
2008-08-29,92.64885711669922,20.649999618530273,22.520000457763672,30.484216690063477,50.54927062988281,54.46887969970703,3.29,1.47,0.858
2008-09-02,92.07335662841797,21.989999771118164,23.110000610351562,30.490825653076172,50.748809814453125,54.975650787353516,3.33,1.48,
2008-09-03,91.99420166015625,21.43000030517578,22.799999237060547,30.590478897094727,50.84931564331055,55.20870590209961,3.32,1.45,
2008-09-04,89.2245864868164,24.030000686645508,24.350000381469727,30.72333526611328,50.86438751220703,55.65143966674805,3.37,1.44,
2008-09-05,89.50515747070312,23.059999465942383,23.729999542236328,30.69677734375,50.81416702270508,55.62236785888672,3.37,1.43,1.025
2008-09-08,91.35393524169922,22.639999389648438,23.149999618530273,30.660228729248047,50.89955520629883,55.85538864135742,3.37,1.36,
2008-09-09,88.64192962646484,25.469999313354492,25.149999618530273,30.726659774780273,51.07545471191406,56.40876007080078,3.35,1.39,
2008-09-10,89.00160217285156,24.520000457763672,24.540000915527344,30.557287216186523,51.05533981323242,56.0591926574707,3.37,1.43,
2008-09-11,90.28926849365234,24.389999389648438,24.360000610351562,30.557287216186523,50.65837478637695,56.03010940551758,3.41,1.46,
2008-09-12,90.70653533935547,25.65999984741211,25.020000457763672,30.557287216186523,50.27137756347656,55.30775833129883,3.43,1.51,1.245
2008-09-15,86.39022827148438,31.700000762939453,27.93000030517578,29.434629440307617,49.89945602416992,57.10205078125,3.66,1.69,
2008-09-16,87.8362045288086,30.299999237060547,26.8799991607666,28.75704002380371,46.733333587646484,57.090354919433594,3.68,1.59,
2008-09-17,83.88680267333984,36.220001220703125,30.239999771118164,27.029891967773438,44.592403411865234,57.375797271728516,3.84,1.77,
2008-09-18,86.37586212158203,33.099998474121094,28.579999923706055,29.16227149963379,45.20052719116211,56.53695297241211,3.79,1.76,
2008-09-19,89.80618286132812,32.06999969482422,28.040000915527344,29.534263610839844,46.612693786621094,54.74270248413086,3.77,1.62,1.528
2008-09-22,87.77301788330078,33.849998474121094,29.729999542236328,29.507688522338867,46.88914489746094,54.7368278503418,3.78,1.7,
2008-09-23,85.77603149414062,35.720001220703125,31.260000228881836,29.218730926513672,46.406654357910156,54.5271110534668,3.77,1.74,
2008-09-24,86.05097961425781,35.189998626708984,30.559999465942383,29.481101989746094,46.286048889160156,54.76602554321289,3.78,1.77,
2008-09-25,87.39676666259766,32.81999969482422,29.100000381469727,28.730464935302734,46.48709487915039,54.65530776977539,3.86,1.72,
2008-09-26,87.440185546875,34.7400016784668,29.739999771118164,28.630813598632812,45.23068618774414,55.05142593383789,3.88,1.74,1.81
2008-09-29,80.58824157714844,46.720001220703125,36.27000045776367,26.312475204467773,41.109642028808594,56.65345001220703,4.01,1.91,
2008-09-30,83.92378234863281,39.38999938964844,33.029998779296875,27.235828399658203,45.1251335144043,55.27277374267578,4.0,1.85,
2008-10-01,83.97441864013672,39.810001373291016,33.439998626708984,28.42159652709961,45.541629791259766,55.96814727783203,4.1,1.95,
2008-10-02,80.92829132080078,45.2599983215332,36.4900016784668,27.68130874633789,44.88030242919922,56.41810989379883,4.31,2.04,
2008-10-03,79.83573150634766,45.13999938964844,37.29999923706055,27.58083724975586,44.86007308959961,56.914791107177734,4.35,2.03,2.093
2008-10-06,75.7694320678711,52.04999923706055,39.130001068115234,26.57929039001465,44.34009552001953,57.94912338256836,4.43,2.05,
2008-10-07,72.37602233886719,53.68000030517578,40.54999923706055,26.13044548034668,45.16802978515625,57.77378845214844,4.55,2.03,
2008-10-08,70.55269622802734,57.529998779296875,42.220001220703125,25.038480758666992,44.844940185546875,56.94401168823242,4.49,2.07,
2008-10-09,65.62535858154297,63.91999816894531,48.0099983215332,24.455623626708984,43.64847183227539,56.464839935302734,4.48,2.19,
2008-10-10,64.0335693359375,69.94999694824219,50.90999984741211,22.824369430541992,41.245452880859375,56.0675048828125,4.86,2.27,2.349
2008-10-13,73.33106994628906,54.9900016784668,42.380001068115234,25.624658584594727,43.5172233581543,55.34878158569336,,,
2008-10-14,72.24579620361328,55.130001068115234,42.9900016784668,25.79212760925293,42.83565139770508,54.99229049682617,4.78,2.26,
2008-10-15,65.13335418701172,69.25,49.45000076293945,24.666645050048828,42.83565139770508,55.51820373535156,4.94,2.4,
2008-10-16,67.84664154052734,67.61000061035156,48.7400016784668,23.73212432861328,43.28500747680664,55.23188018798828,5.09,2.38,
2008-10-17,67.44145965576172,70.33000183105469,51.130001068115234,23.4473934173584,42.91645431518555,54.852054595947266,5.45,2.34,2.551
2008-10-20,71.49330139160156,52.970001220703125,43.619998931884766,23.916351318359375,44.224029541015625,55.29037094116211,5.52,2.2,
2008-10-21,69.35884857177734,53.11000061035156,43.790000915527344,23.779008865356445,44.6631965637207,55.5825080871582,5.6,2.18,
2008-10-22,65.58192443847656,69.6500015258789,49.83000183105469,23.58138084411621,44.14823532104492,56.71027755737305,5.6,2.12,
2008-10-23,66.34168243408203,67.80000305175781,49.7599983215332,23.97998046875,44.425933837890625,57.130977630615234,5.48,2.09,
2008-10-24,62.97718811035156,79.12999725341797,55.29999923706055,23.380393981933594,44.60260009765625,56.523277282714844,5.54,2.19,2.701
2008-10-27,60.74143600463867,80.05999755859375,62.84000015258789,22.19129180908203,44.314849853515625,56.56421661376953,5.6,2.2,
2008-10-28,67.83938598632812,66.95999908447266,54.380001068115234,22.442506790161133,44.02204513549805,55.74027633666992,5.59,2.24,
2008-10-29,67.34740447998047,69.95999908447266,57.81999969482422,23.46414566040039,44.7641716003418,55.45976638793945,5.58,2.35,
2008-10-30,69.67724609375,62.900001525878906,53.75,24.10725212097168,44.43096923828125,54.95726013183594,5.52,2.41,
2008-10-31,70.06067657470703,59.88999938964844,53.56999969482422,24.1173152923584,44.24922561645508,54.2443733215332,5.53,2.45,2.828
2008-11-03,70.26327514648438,53.68000030517578,51.20000076293945,24.313480377197266,44.61201095581055,54.391014099121094,5.53,2.51,
2008-11-04,72.65096282958984,47.72999954223633,46.2599983215332,24.5874080657959,44.91639709472656,55.41183853149414,5.56,2.42,
2008-11-05,69.59762573242188,54.560001373291016,49.720001220703125,24.384511947631836,45.7890739440918,56.06892776489258,5.53,2.37,
2008-11-06,65.74112701416016,63.68000030517578,56.13999938964844,24.384511947631836,46.10361099243164,55.66411209106445,5.5,2.47,
2008-11-07,67.9117660522461,56.099998474121094,52.61000061035156,24.638158798217773,45.77894592285156,55.3004035949707,5.45,2.5,2.924
2008-11-10,67.0217514038086,59.97999954223633,54.04999923706055,24.641538619995117,45.799190521240234,55.57026672363281,5.4,2.55,
2008-11-11,64.95246124267578,61.439998626708984,55.630001068115234,24.597570419311523,45.94633483886719,55.73455810546875,,,
2008-11-12,62.094459533691406,66.45999908447266,59.099998474121094,24.249223709106445,45.936187744140625,56.09239196777344,5.41,2.56,
2008-11-13,65.96540069580078,59.83000183105469,54.099998474121094,24.120712280273438,45.62162780761719,54.748897552490234,5.54,2.6,
2008-11-14,62.673309326171875,66.30999755859375,59.290000915527344,23.826478958129883,45.61147689819336,55.834205627441406,5.56,2.5,3.006
2008-11-17,61.84122085571289,69.1500015258789,62.5099983215332,23.45783233642578,45.94125747680664,56.08066177368164,5.58,2.46,
2008-11-18,63.006141662597656,67.63999938964844,61.38999938964844,22.96404266357422,45.99708938598633,56.80232620239258,5.71,2.38,
2008-11-19,58.96877670288086,74.26000213623047,66.48999786376953,22.179410934448242,46.068153381347656,58.25727081298828,5.73,2.29,
2008-11-20,54.591346740722656,80.86000061035156,69.23999786376953,21.442134857177734,45.56580352783203,61.26689147949219,5.92,2.1,
2008-11-21,57.53612518310547,72.66999816894531,64.3499984741211,21.65519905090332,46.093467712402344,60.38100051879883,5.88,2.11,3.08
2008-11-24,61.522865295410156,64.69999694824219,59.5,21.753280639648438,45.8905143737793,59.43645477294922,5.86,2.04,
2008-11-25,61.978702545166016,60.900001525878906,57.9900016784668,21.979869842529297,46.108673095703125,61.18478012084961,6.01,1.96,
2008-11-26,64.37364959716797,54.91999816894531,53.72999954223633,22.490558624267578,45.86514663696289,61.26689147949219,6.06,1.9,
2008-11-28,65.18401336669922,55.279998779296875,54.18000030517578,22.4060115814209,45.733245849609375,62.023719787597656,6.1,1.93,3.105
2008-12-01,59.41010284423828,68.51000213623047,62.38999938964844,21.943880081176758,46.448143005371094,64.3989486694336,6.12,1.82,
2008-12-02,61.69655990600586,62.97999954223633,59.650001525878906,22.179737091064453,46.799983978271484,64.64617919921875,6.11,1.78,
2008-12-03,63.1797981262207,60.720001220703125,58.5,22.18316078186035,47.126338958740234,64.82861328125,6.13,1.8,
2008-12-04,61.71824645996094,63.63999938964844,61.290000915527344,22.05327606201172,47.172210693359375,66.1060791015625,6.16,1.73,
2008-12-05,63.621131896972656,59.93000030517578,58.060001373291016,22.063522338867188,46.85097885131836,65.03470611572266,6.07,1.74,3.095
2008-12-08,65.84246063232422,58.4900016784668,56.599998474121094,22.31987762451172,47.33542251586914,64.89341735839844,6.02,1.8,
2008-12-09,64.75711822509766,58.90999984741211,57.77000045776367,22.152379989624023,47.65666198730469,66.17668151855469,6.06,1.83,
2008-12-10,65.19847106933594,55.72999954223633,56.15999984741211,22.135297775268555,47.76887512207031,66.01775360107422,6.01,1.83,
2008-12-11,63.628379821777344,55.779998779296875,56.09000015258789,21.96438980102539,47.932010650634766,66.1472396850586,6.07,1.85,
2008-12-12,64.38811492919922,54.279998779296875,55.13999938964844,22.268598556518555,48.19207763671875,66.1472396850586,6.08,1.82,3.027
2008-12-15,63.49090576171875,56.7599983215332,56.40999984741211,22.152379989624023,48.176761627197266,66.9007568359375,6.1,1.78,
2008-12-16,66.47915649414062,52.369998931884766,52.90999984741211,22.56254768371582,49.16600036621094,68.55487060546875,6.11,1.72,
2008-12-17,65.8351821899414,49.84000015258789,51.56999969482422,23.140213012695312,49.895172119140625,70.41499328613281,6.02,1.47,
2008-12-18,64.60517120361328,47.34000015258789,49.79999923706055,24.483497619628906,51.10365676879883,71.89257049560547,6.03,1.4,
2008-12-19,64.3272476196289,44.93000030517578,43.400001525878906,24.319442749023438,50.343902587890625,71.96905517578125,5.94,1.39,2.901
2008-12-22,63.503013610839844,44.560001373291016,43.709999084472656,25.293581008911133,50.95066833496094,71.41573333740234,5.93,1.29,
2008-12-23,62.8465461730957,45.02000045776367,44.47999954223633,25.662742614746094,51.11896514892578,71.3215560913086,5.94,1.28,
2008-12-24,63.211265563964844,44.209999084472656,43.959999084472656,25.25941276550293,51.246429443359375,71.16853332519531,5.9,1.3,
2008-12-26,63.575984954833984,43.380001068115234,46.11000061035156,25.741342544555664,51.34333038330078,71.40392303466797,5.9,1.27,2.74
2008-12-29,63.393611907958984,43.900001525878906,46.540000915527344,25.91482162475586,51.503116607666016,71.31832122802734,5.92,1.35,
2008-12-30,64.8962173461914,41.630001068115234,44.40999984741211,25.993995666503906,51.95370864868164,71.99752807617188,5.86,1.36,
2008-12-31,65.82257843017578,40.0,43.18000030517578,26.162647247314453,52.05103302001953,70.49141693115234,5.82,1.49,
2009-01-02,67.80654907226562,39.189998626708984,40.560001373291016,26.08003807067871,51.518470764160156,68.71957397460938,5.72,1.58,2.584
2009-01-05,67.72635650634766,39.08000183105469,40.81999969482422,27.339801788330078,51.87179183959961,66.94768524169922,5.82,1.71,
2009-01-06,68.17858123779297,38.560001373291016,40.310001373291016,27.570411682128906,51.9588508605957,66.27436828613281,5.77,1.71,
2009-01-07,66.13621520996094,43.38999938964844,43.810001373291016,27.07134246826172,51.52356719970703,66.5342025756836,5.71,1.7,
2009-01-08,66.4061050415039,42.560001373291016,43.16999816894531,26.678953170776367,51.892269134521484,66.48106384277344,5.71,1.64,
2009-01-09,64.9837417602539,42.81999969482422,44.880001068115234,27.07134246826172,52.53746795654297,66.58148956298828,5.72,1.68,2.429
2009-01-12,63.422760009765625,45.84000015258789,47.349998474121094,26.48276138305664,52.266056060791016,67.27247619628906,5.71,1.6,
2009-01-13,63.53948974609375,43.27000045776367,47.13999938964844,26.386384963989258,52.15340042114258,67.3433609008789,5.72,1.57,
2009-01-14,61.5408935546875,49.13999938964844,50.68000030517578,26.049047470092773,51.922996520996094,68.45379638671875,5.68,1.51,
2009-01-15,61.5627555847168,51.0,51.709999084472656,25.945812225341797,52.02539825439453,68.56600189208984,5.68,1.5,
2009-01-16,62.044189453125,46.11000061035156,48.95000076293945,26.15577507019043,52.02539825439453,67.50872039794922,5.55,1.63,2.303
2009-01-20,58.769107818603516,56.650001525878906,54.869998931884766,25.70831298828125,51.25732421875,67.49693298339844,5.55,1.67,
2009-01-21,61.30746841430664,46.41999816894531,49.959999084472656,25.71173095703125,51.00127029418945,65.36483764648438,5.58,1.78,
2009-01-22,60.3592529296875,47.290000915527344,50.130001068115234,25.642900466918945,50.811832427978516,64.10675048828125,5.62,1.87,
2009-01-23,60.62181091308594,47.27000045776367,49.36000061035156,25.233287811279297,50.47386169433594,63.604740142822266,5.63,1.82,2.21
2009-01-26,61.037593841552734,45.689998626708984,47.470001220703125,25.298694610595703,50.02326202392578,63.049530029296875,5.6,1.85,
2009-01-27,61.65760803222656,42.25,45.18000030517578,25.532751083374023,50.9654541015625,64.53197479248047,5.47,1.72,
2009-01-28,63.743736267089844,39.65999984741211,42.20000076293945,26.4379940032959,51.36997604370117,62.9195671081543,5.49,1.82,
2009-01-29,61.67218780517578,42.630001068115234,43.529998779296875,25.780582427978516,50.75550079345703,61.4725456237793,5.41,1.92,
2009-01-30,60.41756057739258,44.84000015258789,44.599998474121094,25.89762306213379,51.11391830444336,61.27765655517578,5.38,1.93,2.148
2009-02-02,60.23524475097656,45.52000045776367,43.90999984741211,25.345840454101562,50.867431640625,62.417755126953125,5.33,1.87,
2009-02-03,61.081336975097656,43.060001373291016,42.2400016784668,25.39104461669922,50.69761276245117,60.93117141723633,5.32,1.93,
2009-02-04,60.78229904174805,43.849998474121094,42.130001068115234,25.37017250061035,50.71821975708008,60.717926025390625,5.29,1.97,
2009-02-05,61.68675231933594,43.72999954223633,42.599998474121094,25.161590576171875,50.27566909790039,60.77123260498047,5.23,1.97,
2009-02-06,63.44469451904297,43.369998931884766,43.380001068115234,25.669193267822266,50.574134826660156,60.58171844482422,5.13,2.06,2.115
2009-02-09,63.53218078613281,43.63999938964844,43.43000030517578,25.867341995239258,50.66674041748047,60.77717590332031,5.09,2.02,
2009-02-10,60.62181091308594,46.66999816894531,46.060001373291016,25.69700813293457,50.913753509521484,62.097923278808594,5.08,1.98,
2009-02-11,60.97922897338867,44.529998779296875,45.06999969482422,25.637882232666016,51.088741302490234,62.90337371826172,5.1,1.85,
2009-02-12,61.02300262451172,41.25,42.65999984741211,25.557939529418945,51.12989807128906,62.311134338378906,5.16,1.86,
2009-02-13,60.366519927978516,42.93000030517578,42.470001220703125,25.65874481201172,50.73877716064453,60.65278244018555,5.24,1.92,2.113
2009-02-17,57.78440475463867,48.65999984741211,46.0,25.005125045776367,51.016700744628906,62.54206085205078,5.28,1.77,
2009-02-18,57.64580535888672,48.459999084472656,46.970001220703125,24.855615615844727,50.76455307006836,62.00905990600586,5.21,1.77,
2009-02-19,57.025814056396484,47.08000183105469,45.630001068115234,24.98077964782715,50.347686767578125,60.95490264892578,5.27,1.84,
2009-02-20,56.471458435058594,49.29999923706055,47.029998779296875,24.615707397460938,50.13671112060547,61.54707336425781,5.25,1.82,2.125
2009-02-23,54.45096969604492,52.619998931884766,50.43000030517578,23.996856689453125,49.96689224243164,62.11568069458008,5.24,1.82,
2009-02-24,56.51520919799805,45.4900016784668,45.11000061035156,24.337581634521484,49.78678894042969,62.05052185058594,5.23,1.77,
2009-02-25,56.07027816772461,44.66999816894531,44.400001525878906,24.219358444213867,49.1075439453125,61.33387756347656,5.18,1.86,
2009-02-26,55.15849685668945,44.65999984741211,44.18000030517578,23.739566802978516,48.793609619140625,60.688323974609375,5.23,1.9,
2009-02-27,53.92578125,46.349998474121094,45.209999084472656,23.381458282470703,48.454010009765625,60.338897705078125,5.22,2.02,2.137
2009-03-02,51.49681854248047,52.650001525878906,48.66999816894531,22.896120071411133,48.46024703979492,61.33781814575195,5.29,2.02,
2009-03-03,51.11021423339844,50.93000030517578,48.5099983215332,22.987503051757812,48.19641876220703,60.92805099487305,5.34,2.02,
2009-03-04,52.32107162475586,47.560001373291016,44.720001220703125,22.983983993530273,48.18090057373047,60.648963928222656,5.31,2.04,
2009-03-05,50.183876037597656,50.16999816894531,46.70000076293945,21.89452362060547,48.0516242980957,62.335609436035156,5.34,1.93,
2009-03-06,50.27138900756836,49.33000183105469,46.47999954223633,21.789094924926758,48.1550407409668,61.91990661621094,5.35,1.92,2.137
2009-03-09,49.68058776855469,49.68000030517578,46.529998779296875,21.662574768066406,46.83089065551758,61.5576057434082,5.4,1.93,
2009-03-10,52.642005920410156,44.369998931884766,42.40999984741211,22.734458923339844,47.508487701416016,60.375762939453125,5.45,1.98,
2009-03-11,52.984832763671875,43.61000061035156,42.5,23.09644317626953,47.524017333984375,61.02900695800781,5.45,1.92,
2009-03-12,55.07096481323242,41.18000030517578,40.70000076293945,23.479520797729492,47.48262405395508,61.32002639770508,5.52,1.86,
2009-03-13,55.50129699707031,42.36000061035156,41.83000183105469,23.53221893310547,47.922306060791016,61.0112190246582,5.56,1.91,2.096
2009-03-16,55.33353805541992,43.7400016784668,42.2400016784668,23.665769577026367,47.98955535888672,60.04909896850586,5.57,1.97,
2009-03-17,57.025814056396484,40.79999923706055,39.97999954223633,23.53221893310547,47.86021423339844,59.72248077392578,5.6,1.97,
2009-03-18,58.30227279663086,40.060001373291016,39.900001525878906,24.073436737060547,48.87919616699219,61.98521423339844,5.88,1.69,
2009-03-19,57.580177307128906,43.68000030517578,43.150001525878906,23.862581253051758,48.982608795166016,62.062435150146484,5.84,1.74,
2009-03-20,56.35405731201172,45.88999938964844,46.279998779296875,23.816879272460938,48.4860725402832,61.7179069519043,5.86,1.76,2.021
2009-03-23,60.40188217163086,43.22999954223633,42.33000183105469,24.308900833129883,48.63607406616211,61.18343734741211,5.88,1.75,
2009-03-24,59.21177291870117,42.93000030517578,43.63999938964844,24.354591369628906,48.1550407409668,61.765464782714844,5.8,1.75,
2009-03-25,59.836246490478516,42.25,41.900001525878906,24.484603881835938,47.922306060791016,60.93399429321289,5.79,1.85,
2009-03-26,61.05571365356445,40.36000061035156,40.68000030517578,24.864166259765625,48.17055130004883,61.640716552734375,5.76,1.86,
2009-03-27,59.95377731323242,41.040000915527344,42.09000015258789,24.611127853393555,48.32054138183594,62.09808349609375,5.72,1.88,1.915
2009-03-30,57.88209533691406,45.540000915527344,44.9900016784668,23.45840835571289,48.28434371948242,62.335609436035156,5.75,1.89,
2009-03-31,58.41836929321289,44.13999938964844,44.59000015258789,23.827438354492188,48.68265914916992,62.78102111816406,5.74,1.9,
2009-04-01,59.549705505371094,42.279998779296875,43.029998779296875,23.865131378173828,48.609310150146484,63.35402297973633,5.7,1.85,
2009-04-02,61.290809631347656,42.040000915527344,42.2400016784668,24.73297691345215,48.624881744384766,62.579681396484375,5.69,1.89,
2009-04-03,61.90053939819336,39.70000076293945,41.06999969482422,25.081501007080078,48.323246002197266,61.29914855957031,5.68,1.95,1.789
2009-04-06,61.41569137573242,40.93000030517578,41.16999816894531,24.99969482421875,48.297237396240234,61.0371208190918,5.68,2.01,
2009-04-07,59.983154296875,40.38999938964844,41.66999816894531,24.711624145507812,48.27641677856445,61.19196319580078,5.67,2.02,
2009-04-08,60.629642486572266,38.849998474121094,40.20000076293945,25.003265380859375,48.760154724121094,61.73395919799805,5.64,1.93,
2009-04-09,63.03923797607422,36.529998779296875,38.529998779296875,25.714601516723633,49.08780288696289,60.95964813232422,5.61,2.0,
2009-04-13,63.05396270751953,37.810001373291016,38.54999923706055,25.696809768676758,49.561119079589844,61.51955032348633,5.6,1.99,
2009-04-14,61.966697692871094,37.66999816894531,38.689998626708984,25.565200805664062,49.69108963012695,61.84117126464844,5.6,1.94,
2009-04-15,62.627838134765625,36.16999816894531,37.970001220703125,25.782163619995117,50.07598114013672,61.73395919799805,5.53,1.96,
2009-04-16,63.54612350463867,35.790000915527344,36.959999084472656,26.191181182861328,50.28926467895508,61.24555969238281,5.52,1.95,
2009-04-17,63.97225570678711,33.939998626708984,36.59000015258789,26.763824462890625,50.226829528808594,60.5725212097168,5.43,1.99,1.507
2009-04-20,61.290809631347656,39.18000030517578,39.40999984741211,25.78571319580078,49.951148986816406,61.48973846435547,5.35,1.95,
2009-04-21,62.48826599121094,37.13999938964844,37.779998779296875,26.07737159729004,50.107200622558594,60.88224411010742,5.3,1.98,
2009-04-22,62.10623550415039,38.099998474121094,38.5,26.20184326171875,49.98237991333008,60.51294708251953,5.33,1.98,
2009-04-23,62.716007232666016,37.150001525878906,37.97999954223633,26.173381805419922,49.940765380859375,60.507022857666016,5.3,1.99,
2009-04-24,63.66370391845703,36.81999969482422,37.810001373291016,26.578855514526367,50.04999923706055,59.899539947509766,5.25,2.04,1.369
2009-04-27,63.0612907409668,38.31999969482422,38.630001068115234,26.36901092529297,49.987571716308594,60.155635833740234,5.3,2.05,
2009-04-28,62.862945556640625,37.95000076293945,38.400001525878906,26.425907135009766,49.82636642456055,59.17288589477539,5.24,2.1,
2009-04-29,64.1999740600586,36.08000183105469,36.4900016784668,26.91673469543457,50.06559371948242,58.64872741699219,5.17,2.18,
2009-04-30,64.22201538085938,36.5,36.72999954223633,27.1265869140625,50.034420013427734,58.41648483276367,5.08,2.25,
2009-05-01,64.56729888916016,35.29999923706055,35.84000015258789,27.08390998840332,50.158775329589844,58.01443099975586,5.01,2.29,1.236
2009-05-04,66.76387786865234,34.529998779296875,34.79999923706055,27.01940155029297,50.278968811035156,58.20556640625,4.98,2.25,
2009-05-05,66.53612518310547,33.36000061035156,34.18000030517578,27.25238037109375,50.441043853759766,58.1338996887207,4.93,2.22,
2009-05-06,67.68950653076172,32.45000076293945,33.36000061035156,27.47820472717285,50.66575241088867,57.9964599609375,4.91,2.22,
2009-05-07,66.74919891357422,33.439998626708984,34.040000915527344,27.02657127380371,50.179691314697266,56.580623626708984,4.9,2.29,
2009-05-08,68.30660247802734,32.04999923706055,32.81999969482422,27.510461807250977,50.49851608276367,56.71803665161133,4.85,2.29,1.114
2009-05-11,67.0283432006836,32.869998931884766,33.38999938964844,27.36707878112793,50.65007400512695,57.52456283569336,4.88,2.25,
2009-05-12,66.83000946044922,31.799999237060547,32.77000045776367,27.474620819091797,50.79119110107422,57.73363494873047,4.86,2.27,
2009-05-13,65.14766693115234,33.650001525878906,33.83000183105469,27.116168975830078,50.69709777832031,58.360923767089844,4.86,2.22,
2009-05-14,65.70599365234375,31.3700008392334,32.25,26.82943344116211,50.81206130981445,58.58791732788086,4.87,2.23,
2009-05-15,65.16969299316406,33.119998931884766,33.220001220703125,26.45306968688965,50.801666259765625,58.57001495361328,4.85,2.26,1.014
2009-05-18,67.02102661132812,30.239999771118164,31.229999542236328,27.015823364257812,50.728450775146484,57.66197204589844,4.85,2.29,
2009-05-19,66.94015502929688,28.799999237060547,30.420000076293945,27.19506072998047,50.93232727050781,57.35725402832031,4.79,2.34,
2009-05-20,66.49207305908203,29.030000686645508,30.739999771118164,27.59649085998535,51.224979400634766,57.96061325073242,4.74,2.32,
2009-05-21,65.53704071044922,31.350000381469727,32.38999938964844,27.24164581298828,50.70234298706055,56.502960205078125,4.7,2.46,
2009-05-22,65.39742279052734,32.630001068115234,33.040000915527344,27.617990493774414,50.6344108581543,55.87569808959961,4.66,2.53,0.932
2009-05-26,67.07239532470703,30.6200008392334,31.530000686645508,27.54632568359375,50.61351776123047,55.0333137512207,4.62,2.54,
2009-05-27,65.87493896484375,32.36000061035156,32.470001220703125,27.59649085998535,50.26331329345703,54.05952072143555,4.48,2.75,
2009-05-28,66.79324340820312,31.670000076293945,32.04999923706055,27.69326400756836,50.451454162597656,54.84217071533203,4.38,2.7,
2009-05-29,67.97598266601562,28.920000076293945,30.43000030517578,27.90117835998535,51.19356918334961,56.25804901123047,4.29,2.55,0.873
2009-06-01,69.62159729003906,30.040000915527344,30.600000381469727,28.561403274536133,51.17682647705078,54.594791412353516,4.26,2.74,
2009-06-02,69.68038177490234,29.6299991607666,30.579999923706055,28.47818946838379,51.55501174926758,54.88848876953125,4.14,2.69,
2009-06-03,68.79878997802734,31.020000457763672,32.189998626708984,28.31540298461914,51.81763458251953,55.40395736694336,4.1,2.65,
2009-06-04,69.44527435302734,30.18000030517578,31.579999923706055,28.402225494384766,51.591773986816406,54.25920867919922,4.05,2.76,
2009-06-05,69.45999145507812,29.6200008392334,31.600000381469727,28.49265480041504,51.31864547729492,53.84566879272461,3.95,2.52,0.826
2009-06-08,69.17345428466797,29.770000457763672,31.770000457763672,28.54331398010254,51.213592529296875,53.70779037475586,3.81,2.49,
2009-06-09,69.52611541748047,28.270000457763672,30.670000076293945,28.597583770751953,51.6022834777832,53.70177459716797,3.85,2.53,
2009-06-10,69.34980773925781,28.459999084472656,30.610000610351562,28.633756637573242,51.449974060058594,52.85671615600586,3.77,2.6,
2009-06-11,69.6583251953125,28.110000610351562,29.93000030517578,28.698869705200195,51.628543853759766,53.4440803527832,3.79,2.53,
2009-06-12,69.84934997558594,28.149999618530273,29.5,28.847190856933594,52.01197814941406,53.92354965209961,3.79,2.51,0.789
2009-06-15,68.24783325195312,30.809999465942383,31.34000015258789,28.420305252075195,52.02775955200195,54.409053802490234,3.76,2.5,
2009-06-16,67.32217407226562,32.68000030517578,32.790000915527344,28.148998260498047,51.99623107910156,55.35602569580078,3.74,2.44,
2009-06-17,67.25605773925781,31.540000915527344,32.88999938964844,27.986173629760742,52.05929946899414,55.044334411621094,3.67,2.49,
2009-06-18,67.74826049804688,30.030000686645508,31.510000228881836,28.253894805908203,51.3974494934082,54.211219787597656,3.61,2.58,
2009-06-19,67.99797058105469,27.989999771118164,30.639999389648438,28.282835006713867,51.78612518310547,54.9544677734375,3.54,2.54,0.758
2009-06-22,65.95893859863281,31.170000076293945,33.0099983215332,27.89937400817871,51.9752311706543,55.48785400390625,3.51,2.55,
2009-06-23,66.01067352294922,30.579999923706055,32.41999816894531,27.94637107849121,52.39543151855469,56.14113998413086,3.53,2.51,
2009-06-24,66.57949829101562,29.049999237060547,31.06999969482422,28.087478637695312,52.311370849609375,55.57777786254883,3.52,2.53,
2009-06-25,68.02754211425781,26.360000610351562,29.40999984741211,28.355205535888672,52.721126556396484,56.59662628173828,3.64,2.43,
2009-06-26,67.8502197265625,25.93000030517578,29.280000686645508,28.347946166992188,52.74736404418945,56.692588806152344,3.65,2.42,0.721
2009-06-29,68.48554992675781,25.350000381469727,28.200000762939453,28.702472686767578,52.68956756591797,56.77645492553711,3.69,2.4,
2009-06-30,67.93148040771484,26.350000381469727,28.760000228881836,28.836322784423828,52.67383575439453,56.68059539794922,3.64,2.42,
2009-07-01,68.21222686767578,26.219999313354492,28.959999084472656,28.907522201538086,52.60260772705078,56.5681266784668,3.65,2.5,
2009-07-02,66.35049438476562,27.950000762939453,30.530000686645508,28.40371322631836,52.607852935791016,56.700408935546875,3.63,2.53,
2009-07-06,66.3431167602539,29.0,30.790000915527344,27.980195999145508,52.73450469970703,56.59217834472656,3.66,2.56,
2009-07-07,65.05763244628906,30.850000381469727,32.09000015258789,27.589550018310547,52.52345657348633,56.97098159790039,3.66,2.49,
2009-07-08,65.01326751708984,31.299999237060547,32.41999816894531,27.757492065429688,53.00358200073242,58.023231506347656,3.66,2.42,
2009-07-09,65.13886260986328,29.780000686645508,31.670000076293945,28.15545082092285,53.02467727661133,57.33179473876953,3.71,2.5,
2009-07-10,64.98373413085938,29.020000457763672,31.709999084472656,27.9400577545166,53.2357292175293,57.86088562011719,3.71,2.41,0.621
2009-07-13,66.56475067138672,26.309999465942383,30.100000381469727,28.00212860107422,53.20408248901367,57.53617858886719,3.7,2.46,
2009-07-14,66.9415512084961,25.020000457763672,29.579999923706055,28.111631393432617,53.087989807128906,56.58015441894531,3.68,2.53,
2009-07-15,68.89930725097656,25.889999389648438,29.110000610351562,28.732284545898438,52.597320556640625,55.12505340576172,3.63,2.6,
2009-07-16,68.78849029541016,25.420000076293945,28.610000610351562,28.819902420043945,52.961360931396484,55.720340728759766,3.6,2.59,
2009-07-17,69.54206085205078,24.34000015258789,28.649999618530273,28.845458984375,52.79780960083008,54.86051940917969,3.56,2.65,0.556
2009-07-20,70.28083801269531,24.399999618530273,27.59000015258789,29.247051239013672,53.01414489746094,55.1491584777832,3.55,2.62,
2009-07-21,70.60590362548828,23.8700008392334,27.440000534057617,29.389432907104492,53.763336181640625,56.249473571777344,3.55,2.54,
2009-07-22,70.59111022949219,23.469999313354492,27.219999313354492,29.425952911376953,53.620880126953125,55.7443733215332,3.53,2.6,
2009-07-23,72.14998626708984,23.43000030517578,26.959999084472656,29.725322723388672,53.531219482421875,54.72221374511719,3.48,2.64,
2009-07-24,72.44549560546875,23.09000015258789,26.3700008392334,29.90055274963379,53.67891311645508,54.98678207397461,3.41,2.65,0.486
2009-07-27,72.65973663330078,24.280000686645508,26.989999771118164,29.955322265625,53.55756378173828,54.35544204711914,3.4,2.67,
2009-07-28,72.31988525390625,25.010000228881836,27.959999084472656,29.98820686340332,53.763336181640625,54.83646011352539,3.32,2.6,
2009-07-29,72.142578125,25.610000610351562,28.420000076293945,30.090410232543945,54.10102844238281,55.13706588745117,3.23,2.52,
2009-07-30,72.8961410522461,25.399999618530273,28.190000534057617,30.33864402770996,54.39647674560547,55.91878128051758,3.13,2.48,
2009-07-31,72.99958801269531,25.920000076293945,28.399999618530273,30.83153533935547,55.114036560058594,57.00705337524414,3.11,2.39,0.418
2009-08-03,74.20380401611328,25.559999465942383,27.709999084472656,30.89007568359375,54.60087203979492,56.14313507080078,3.04,2.48,
2009-08-04,74.39586639404297,24.889999389648438,27.219999313354492,30.823801040649414,54.32524490356445,55.696720123291016,2.99,2.5,
2009-08-05,74.18163299560547,24.899999618530273,27.170000076293945,30.724397659301758,54.33582305908203,54.8641471862793,2.95,2.57,
2009-08-06,73.7974624633789,25.670000076293945,27.979999542236328,30.48137855529785,54.18739700317383,55.0511589050293,2.9,2.57,
2009-08-07,74.76525115966797,24.760000228881836,27.110000610351562,30.694948196411133,54.17680358886719,54.59266662597656,2.85,2.57,0.359
2009-08-10,74.61012268066406,24.989999771118164,27.059999465942383,30.83484649658203,54.34640884399414,55.27439880371094,2.85,2.56,
2009-08-11,73.67924499511719,25.989999771118164,28.100000381469727,30.761198043823242,54.62739944458008,55.91387176513672,2.88,2.5,
2009-08-12,74.46977996826172,25.450000762939453,27.739999771118164,30.68388557434082,54.150291442871094,55.31661605834961,2.97,2.54,
2009-08-13,75.03862762451172,24.709999084472656,27.280000686645508,30.293643951416016,54.67505645751953,56.100894927978516,2.99,2.47,
2009-08-14,74.46236419677734,24.270000457763672,27.110000610351562,30.142669677734375,54.66450881958008,56.318092346191406,3.02,2.48,0.311
2009-08-17,72.63014221191406,27.889999389648438,29.93000030517578,29.406328201293945,54.754634857177734,57.15065002441406,3.08,2.44,
2009-08-18,73.2063980102539,26.18000030517578,28.899999618530273,29.914400100708008,54.616825103759766,56.818843841552734,3.07,2.45,
2009-08-19,73.84917449951172,26.260000228881836,28.479999542236328,30.03590202331543,54.79174041748047,57.28937911987305,3.1,2.44,
2009-08-20,74.61012268066406,25.09000015258789,28.290000915527344,29.943870544433594,55.051483154296875,57.75996017456055,3.09,2.39,
2009-08-21,76.07292938232422,25.010000228881836,27.770000457763672,30.352527618408203,54.802337646484375,56.571510314941406,3.06,2.43,0.27
2009-08-24,76.06552124023438,25.139999389648438,28.15999984741211,30.194204330444336,55.083309173583984,57.597068786621094,3.05,2.43,
2009-08-25,76.21333312988281,24.920000076293945,28.15999984741211,30.190536499023438,55.1787109375,57.92291259765625,3.01,2.4,
2009-08-26,76.2206802368164,24.950000762939453,28.360000610351562,30.30835723876953,55.54446029663086,58.188316345214844,2.98,2.38,
2009-08-27,76.39059448242188,24.68000030517578,28.40999984741211,30.15372085571289,55.29003143310547,57.95909118652344,2.96,2.43,
2009-08-28,76.37583923339844,24.760000228881836,28.5,30.30469512939453,55.56565856933594,58.22452163696289,2.95,2.45,0.233
2009-08-31,75.69613647460938,26.010000228881836,29.170000076293945,30.30835723876953,55.83602523803711,58.278804779052734,2.98,2.43,
2009-09-01,74.0264892578125,29.149999618530273,30.8799991607666,30.023527145385742,55.55592346191406,58.13780975341797,3.01,2.46,
2009-09-02,73.74575805664062,28.899999618530273,31.040000915527344,29.86386489868164,55.72100067138672,58.985111236572266,2.99,2.4,
2009-09-03,74.35894012451172,27.100000381469727,29.600000381469727,30.056943893432617,55.81686019897461,58.621944427490234,3.0,2.42,
2009-09-04,75.40064239501953,25.260000228881836,28.479999542236328,30.287185668945312,55.85415267944336,57.62336349487305,3.0,2.51,0.2
2009-09-08,76.05078887939453,25.6200008392334,28.209999084472656,30.717952728271484,55.71028137207031,57.217811584472656,2.98,2.54,
2009-09-09,76.63442993164062,24.31999969482422,27.290000915527344,30.428293228149414,55.694366455078125,57.151283264160156,3.01,2.55,
2009-09-10,77.41754150390625,23.549999237060547,26.510000228881836,30.899898529052734,56.0618782043457,58.20440673828125,2.96,2.46,
2009-09-11,77.4027099609375,24.149999618530273,26.559999465942383,31.19327163696289,56.56785583496094,58.52513885498047,2.97,2.44,0.167
2009-09-14,77.77952575683594,23.860000610351562,26.40999984741211,31.230411529541016,56.280216217041016,57.9441032409668,2.94,2.48,
2009-09-15,78.10459899902344,23.420000076293945,26.329999923706055,31.453216552734375,56.24821472167969,57.6475830078125,2.93,2.51,
2009-09-16,79.28667449951172,23.690000534057617,25.8700008392334,31.857986450195312,56.4240608215332,57.75041961669922,2.91,2.47,
2009-09-17,79.16844940185547,23.649999618530273,25.940000534057617,31.913692474365234,56.701019287109375,58.47669982910156,2.87,2.44,
2009-09-18,79.21892547607422,23.920000076293945,26.540000915527344,31.824581146240234,56.344139099121094,57.95625686645508,2.85,2.46,0.134
2009-09-21,79.01849365234375,24.059999465942383,26.229999542236328,31.843122482299805,56.4772834777832,58.089420318603516,2.86,2.47,
2009-09-22,79.47872924804688,23.079999923706055,25.690000534057617,31.80599021911621,56.61039733886719,58.21043395996094,2.84,2.44,
2009-09-23,78.81808471679688,23.489999771118164,26.09000015258789,31.902557373046875,56.63705825805664,58.38593673706055,2.84,2.48,
2009-09-24,77.94959259033203,24.950000762939453,27.1299991607666,31.96194076538086,56.72761154174805,58.555389404296875,2.86,2.47,
2009-09-25,77.53388214111328,25.610000610351562,27.209999084472656,31.857986450195312,56.94596481323242,59.29985427856445,2.83,2.36,0.105
2009-09-28,78.92201232910156,24.8799991607666,26.270000457763672,32.11051940917969,57.089813232421875,59.820289611816406,2.81,2.33,
2009-09-29,78.68448638916016,25.190000534057617,26.479999542236328,32.07337188720703,56.866127014160156,59.7658576965332,2.81,2.31,
2009-09-30,78.38011169433594,25.610000610351562,26.65999984741211,32.065940856933594,56.818172454833984,59.71139144897461,2.86,2.36,
2009-10-01,76.43526458740234,28.270000457763672,28.329999923706055,31.221664428710938,56.236106872558594,60.52922439575195,2.9,2.34,
2009-10-02,76.07896423339844,28.68000030517578,28.799999237060547,31.232898712158203,55.87234115600586,60.11027908325195,2.93,2.36,0.083
2009-10-05,77.21466827392578,26.84000015258789,27.610000610351562,31.652254104614258,56.17190933227539,60.11634826660156,2.95,2.36,
2009-10-06,78.32073974609375,25.700000762939453,26.729999542236328,31.543664932250977,56.05419158935547,59.52138137817383,2.94,2.36,
2009-10-07,78.53600311279297,24.68000030517578,26.1200008392334,31.77578353881836,56.41262435913086,60.219547271728516,2.92,2.34,
2009-10-08,79.13729858398438,24.18000030517578,25.739999771118164,31.97796630859375,56.0970344543457,59.58812713623047,2.96,2.37,
2009-10-09,79.61975860595703,23.1200008392334,25.079999923706055,32.101524353027344,55.60481262207031,58.222129821777344,2.96,2.42,0.063
2009-10-12,79.93157196044922,23.010000228881836,25.170000076293945,32.09400177001953,55.797420501708984,58.31322479248047,,,
2009-10-13,79.76824951171875,22.989999771118164,25.09000015258789,32.08652114868164,55.904380798339844,58.61680221557617,2.95,2.43,
2009-10-14,81.14151763916016,22.860000610351562,24.579999923706055,32.213844299316406,55.636940002441406,57.748573303222656,2.96,2.49,
2009-10-15,81.43843841552734,21.719999313354492,24.219999313354492,32.20635223388672,55.62625503540039,57.48143005371094,2.96,2.52,
2009-10-16,80.8297348022461,21.43000030517578,24.399999618530273,32.20260238647461,55.66899871826172,57.94893264770508,2.93,2.46,0.046
2009-10-19,81.49781036376953,21.489999771118164,24.149999618530273,32.210105895996094,55.952552795410156,58.40428924560547,2.91,2.42,
2009-10-20,81.06730651855469,20.899999618530273,23.719999313354492,32.27000045776367,56.311012268066406,58.7199821472168,2.91,2.4,
2009-10-21,80.33981323242188,22.219999313354492,24.549999237060547,32.32614517211914,56.07566833496094,58.367828369140625,2.89,2.42,
2009-10-22,81.1563720703125,20.690000534057617,23.350000381469727,32.57326889038086,56.40725326538086,58.08251953125,2.88,2.47,
2009-10-23,80.22847747802734,22.270000457763672,24.309999465942383,32.5171012878418,56.0970344543457,57.64539337158203,2.8,2.47,0.034
2009-10-26,79.3599624633789,24.309999465942383,25.3700008392334,32.53584289550781,55.861595153808594,56.89866638183594,2.83,2.53,
2009-10-27,78.99623107910156,24.829999923706055,25.459999084472656,32.28123092651367,56.343082427978516,57.67570877075195,2.84,2.5,
2009-10-28,77.50416564941406,27.90999984741211,27.420000076293945,31.749568939208984,55.963287353515625,57.94893264770508,2.85,2.49,
2009-10-29,79.1669692993164,24.760000228881836,25.65999984741211,32.19513702392578,56.03277587890625,57.317535400390625,2.86,2.55,
2009-10-30,76.87323760986328,30.690000534057617,29.06999969482422,31.891847610473633,56.53567123413086,58.14933395385742,2.86,2.51,0.026
2009-11-02,77.43738555908203,29.780000686645508,28.81999969482422,32.14215087890625,56.45185852050781,57.89228439331055,2.85,2.53,
2009-11-03,77.682373046875,28.809999465942383,28.8700008392334,32.21388244628906,56.19388961791992,57.31367874145508,2.87,2.58,
2009-11-04,77.88276672363281,27.719999313354492,28.18000030517578,32.262943267822266,56.414249420166016,56.78981018066406,2.89,2.66,
2009-11-05,79.3154296875,25.43000030517578,26.610000610351562,32.28937530517578,56.45185852050781,56.78981018066406,2.86,2.67,
2009-11-06,79.52323913574219,24.190000534057617,25.8799991607666,32.31958770751953,56.60232925415039,56.84465789794922,2.86,2.68,0.017
2009-11-09,81.33448791503906,23.149999618530273,24.40999984741211,32.44793701171875,56.634578704833984,56.91164779663086,2.89,2.65,
2009-11-10,81.34937286376953,22.84000015258789,24.709999084472656,32.43661117553711,56.596981048583984,56.80809020996094,2.92,2.65,
2009-11-11,81.7650146484375,23.040000915527344,24.969999313354492,32.45549392700195,56.80656051635742,57.04566955566406,,,
2009-11-12,80.93365478515625,24.239999771118164,26.06999969482422,32.49320602416992,56.80656051635742,56.942081451416016,2.94,2.63,
2009-11-13,81.37161254882812,23.360000610351562,25.600000381469727,32.42905807495117,56.97319030761719,57.204002380371094,2.93,2.61,0.005
2009-11-16,82.5518798828125,22.889999389648438,25.149999618530273,32.58004379272461,57.241851806640625,57.87400817871094,2.92,2.55,
2009-11-17,82.64838409423828,22.40999984741211,25.040000915527344,32.5725212097168,57.32785415649414,58.18457794189453,2.92,2.55,
2009-11-18,82.596435546875,21.6299991607666,24.719999313354492,32.48947525024414,57.139739990234375,57.84352493286133,2.94,2.59,
2009-11-19,81.52008819580078,22.6299991607666,25.110000610351562,32.55741500854492,57.20962142944336,57.947059631347656,2.92,2.62,
2009-11-20,81.23055267333984,22.190000534057617,24.65999984741211,32.54987335205078,56.94083786010742,57.93486785888672,2.93,2.61,-0.009
2009-11-23,82.26239776611328,21.15999984741211,24.110000610351562,32.515869140625,56.94083786010742,57.861793518066406,2.92,2.6,
2009-11-24,82.38855743408203,20.469999313354492,23.739999771118164,32.53474426269531,57.161285400390625,58.22725296020508,2.93,2.59,
2009-11-25,82.6780776977539,20.479999542236328,23.65999984741211,32.54987335205078,57.370853424072266,58.495216369628906,2.95,2.55,
2009-11-27,81.33448791503906,24.739999771118164,26.149999618530273,32.323360443115234,57.35472106933594,58.71452713012695,2.99,2.53,-0.029
2009-11-30,81.60916137695312,24.510000228881836,26.239999771118164,32.42905807495117,57.639564514160156,58.8546028137207,2.99,2.54,
2009-12-01,82.61869049072266,21.920000076293945,24.940000534057617,32.58952331542969,57.351375579833984,58.19898223876953,3.0,2.61,
2009-12-02,82.5815658569336,21.1200008392334,24.799999237060547,32.62376403808594,57.36213684082031,58.24785232543945,2.95,2.6,
2009-12-03,81.93576049804688,22.459999084472656,25.510000228881836,32.66560745239258,57.34596633911133,57.6429328918457,2.93,2.65,
2009-12-04,82.40342712402344,21.25,24.760000228881836,32.798683166503906,57.10845947265625,57.03192901611328,2.91,2.64,-0.054
2009-12-07,82.2772216796875,22.100000381469727,25.299999237060547,32.84053039550781,57.08149719238281,57.10527038574219,2.93,2.66,
2009-12-08,81.36420440673828,23.690000534057617,26.1299991607666,32.87855529785156,57.324371337890625,57.1907844543457,2.92,2.67,
2009-12-09,81.6685562133789,22.65999984741211,25.799999237060547,32.87855529785156,56.99512481689453,56.92804718017578,2.89,2.69,
2009-12-10,82.12879180908203,22.31999969482422,25.34000015258789,33.04206085205078,57.04370880126953,56.27428436279297,2.93,2.71,
2009-12-11,82.47764587402344,21.59000015258789,25.1200008392334,33.06106948852539,56.77383804321289,56.26817321777344,2.86,2.72,-0.085
2009-12-14,83.04179382324219,21.149999618530273,24.559999465942383,33.32726287841797,57.086883544921875,56.33536148071289,2.79,2.69,
2009-12-15,82.65579223632812,21.489999771118164,24.729999542236328,33.29305648803711,56.676719665527344,56.084877014160156,2.8,2.72,
2009-12-16,82.78202819824219,20.540000915527344,24.25,33.36908721923828,56.89259338378906,56.017635345458984,2.77,2.76,
2009-12-17,81.78732299804688,22.510000228881836,24.780000686645508,33.350074768066406,57.135459899902344,56.94029235839844,2.75,2.73,
2009-12-18,82.25000762939453,21.68000030517578,24.520000457763672,33.33104705810547,57.04370880126953,56.69584274291992,2.73,2.73,-0.118
2009-12-21,83.08588409423828,20.489999771118164,23.530000686645508,33.429935455322266,56.76845169067383,55.687713623046875,2.69,2.8,
2009-12-22,83.38436126708984,19.540000915527344,22.760000228881836,33.50218200683594,56.53097152709961,55.37612533569336,2.65,2.81,
2009-12-23,83.54857635498047,19.709999084472656,22.68000030517578,33.582027435302734,56.7091064453125,55.38833236694336,2.63,2.81,
2009-12-24,83.94412994384766,19.469999313354492,22.43000030517578,33.707523345947266,56.444618225097656,54.81394958496094,2.65,2.82,
2009-12-28,84.12324523925781,19.93000030517578,22.489999771118164,33.60865783691406,56.293479919433594,54.6612434387207,2.64,2.76,
2009-12-29,84.00382232666016,20.010000228881836,22.6299991607666,33.42876052856445,56.46419906616211,55.021766662597656,2.59,2.73,
2009-12-30,83.97396850585938,19.959999084472656,22.65999984741211,33.57038116455078,56.52925109863281,55.3835563659668,2.56,2.72,
2009-12-31,83.16798400878906,21.68000030517578,23.889999389648438,33.62397384643555,56.4479866027832,55.11985778808594,2.54,2.71,
2010-01-04,84.57846069335938,20.040000915527344,22.770000457763672,33.88811492919922,56.74605941772461,55.07084274291992,2.54,2.76,
2010-01-05,84.8023910522461,19.350000381469727,22.389999389648438,34.04886245727539,57.017066955566406,55.42646026611328,2.53,2.76,
2010-01-06,84.86206817626953,19.15999984741211,21.799999237060547,34.13691711425781,56.8489875793457,54.68451690673828,2.49,2.84,
2010-01-07,85.22029876708984,19.059999465942383,21.600000381469727,34.27472686767578,56.91948699951172,54.77645492553711,2.48,2.82,
2010-01-08,85.50389099121094,18.1299991607666,21.0,34.32830047607422,57.044166564941406,54.75196838378906,2.49,2.87,-0.196
2010-01-11,85.62332153320312,17.549999237060547,21.270000457763672,34.297691345214844,57.103736877441406,54.4515266418457,2.47,2.9,
2010-01-12,84.82478332519531,18.25,21.790000915527344,34.12162399291992,57.212135314941406,55.3835563659668,2.48,2.82,
2010-01-13,85.54119873046875,17.850000381469727,21.290000915527344,34.19818115234375,56.973690032958984,54.73967361450195,2.5,2.83,
2010-01-14,85.77255249023438,17.6299991607666,20.709999084472656,34.23643112182617,57.17961502075195,55.50617218017578,2.46,2.82,
2010-01-15,84.80982208251953,17.90999984741211,21.479999542236328,34.09862518310547,57.15794372558594,55.849571228027344,2.48,2.81,-0.206
2010-01-19,85.86959838867188,17.579999923706055,20.889999389648438,34.11394500732422,57.20670700073242,55.69013214111328,2.48,2.8,
2010-01-20,84.99637603759766,18.68000030517578,21.399999618530273,34.064231872558594,57.1688346862793,56.254268646240234,2.48,2.76,
2010-01-21,83.36199188232422,22.270000457763672,23.149999618530273,33.5321044921875,57.32058334350586,56.51181411743164,2.51,2.75,
2010-01-22,81.50373077392578,27.309999465942383,26.290000915527344,33.214393615722656,57.233829498291016,56.413726806640625,2.53,2.78,-0.206
2010-01-25,81.9216537475586,25.40999984741211,25.190000534057617,33.26417541503906,57.228424072265625,56.156166076660156,2.56,2.8,
2010-01-26,81.5783462524414,24.549999237060547,25.170000076293945,33.30625534057617,57.07663345336914,56.17455291748047,2.59,2.78,
2010-01-27,81.96642303466797,23.139999389648438,24.1299991607666,33.317745208740234,56.870697021484375,56.14392852783203,2.57,2.76,
2010-01-28,81.02610778808594,23.729999542236328,24.670000076293945,33.176116943359375,56.78945541381836,56.11322784423828,2.57,2.81,
2010-01-29,80.14545440673828,24.6200008392334,25.3799991607666,33.00770950317383,57.152523040771484,56.60377883911133,2.57,2.81,-0.202
2010-02-01,81.39175415039062,22.59000015258789,23.639999389648438,33.167022705078125,56.89778518676758,56.08998107910156,2.57,2.82,
2010-02-02,82.37688446044922,21.479999542236328,22.93000030517578,33.267295837402344,57.07746124267578,56.24994659423828,2.56,2.81,
2010-02-03,81.96642303466797,21.600000381469727,23.0,33.43701171875,57.01753616333008,55.59769821166992,2.58,2.85,
2010-02-04,79.43646240234375,26.079999923706055,25.979999542236328,32.96253967285156,57.01211929321289,56.47763442993164,2.62,2.82,
2010-02-05,79.60063934326172,26.110000610351562,26.0,32.76970291137695,56.83789825439453,56.60068893432617,2.62,2.82,-0.199
2010-02-08,79.0260009765625,26.510000228881836,26.43000030517578,32.62693786621094,56.89234161376953,56.674564361572266,2.64,2.83,
2010-02-09,80.01856231689453,26.0,26.040000915527344,32.69252395629883,56.761749267578125,56.10842514038086,2.65,2.83,
2010-02-10,79.86188507080078,25.399999618530273,25.8700008392334,32.252784729003906,56.320823669433594,55.57304382324219,2.66,2.81,
2010-02-11,80.69772338867188,23.959999084472656,24.56999969482422,32.38392639160156,56.45144271850586,55.271541595458984,2.7,2.82,
2010-02-12,80.63053131103516,22.729999542236328,24.459999084472656,32.36463165283203,56.516780853271484,55.499237060546875,2.72,2.85,-0.202
2010-02-16,81.89924621582031,22.25,23.56999969482422,32.6848258972168,56.739959716796875,55.60386657714844,2.73,2.84,
2010-02-17,82.28731536865234,21.719999313354492,23.290000915527344,32.93555450439453,56.549434661865234,54.97002410888672,2.73,2.87,
2010-02-18,82.77242279052734,20.6299991607666,22.780000686645508,33.248043060302734,56.51130294799805,54.748504638671875,2.72,2.89,
2010-02-19,82.94405364990234,20.020000457763672,22.309999465942383,33.47175216674805,56.7127685546875,55.04388427734375,2.65,2.83,-0.22
2010-02-22,82.95899200439453,19.940000534057617,21.729999542236328,33.51417541503906,56.745384216308594,54.8161735534668,2.65,2.89,
2010-02-23,81.95149230957031,21.3700008392334,22.6200008392334,33.271156311035156,56.88142395019531,55.6715087890625,2.65,2.82,
2010-02-24,82.70525360107422,20.270000457763672,22.079999923706055,33.398475646972656,57.12638473510742,55.80691146850586,2.65,2.83,
2010-02-25,82.59332275390625,20.100000381469727,22.06999969482422,33.402313232421875,57.0665283203125,56.120723724365234,2.64,2.82,
2010-02-26,82.64556884765625,19.5,21.649999618530273,33.62605285644531,57.442115783691406,56.409969329833984,2.62,2.8,-0.249
2010-03-01,83.50379943847656,19.260000228881836,21.440000534057617,33.65169906616211,57.51591491699219,56.38527297973633,2.65,2.81,
2010-03-02,83.73513793945312,19.059999465942383,21.18000030517578,33.86934280395508,57.63615417480469,56.31121063232422,2.64,2.82,
2010-03-03,83.80978393554688,18.829999923706055,20.969999313354492,33.904300689697266,57.756439208984375,56.16922378540039,2.63,2.81,
2010-03-04,84.06351470947266,18.719999313354492,21.030000686645508,33.93154525756836,57.78375244140625,56.46556091308594,2.62,2.75,
2010-03-05,85.26506805419922,17.420000076293945,20.229999542236328,34.13361358642578,57.71269607543945,55.724708557128906,2.61,2.78,-0.289
2010-03-08,85.2800064086914,17.790000915527344,20.260000228881836,34.14139175415039,57.80561828613281,55.43463897705078,2.59,2.82,
2010-03-09,85.42179870605469,17.920000076293945,20.15999984741211,34.2890510559082,57.75095748901367,55.44695281982422,2.61,2.82,
2010-03-10,85.80242156982422,18.56999969482422,20.510000228881836,34.30073165893555,57.80561828613281,55.304969787597656,2.59,2.81,
2010-03-11,86.16065216064453,18.059999465942383,20.700000762939453,34.269630432128906,57.78375244140625,55.50864028930664,2.56,2.76,
2010-03-12,86.1681137084961,17.579999923706055,20.270000457763672,34.27740478515625,57.90398025512695,55.8543586730957,2.55,2.74,-0.336
2010-03-15,86.19052124023438,18.0,20.719999313354492,34.238548278808594,57.893062591552734,55.78034973144531,2.56,2.75,
2010-03-16,86.87708282470703,17.690000534057617,20.15999984741211,34.35511016845703,58.16093063354492,56.22479248046875,2.55,2.73,
2010-03-17,87.39205169677734,16.90999984741211,19.719999313354492,34.35511016845703,58.37411117553711,56.46556091308594,2.53,2.7,
2010-03-18,87.34727478027344,16.6200008392334,19.479999542236328,34.405677795410156,58.259342193603516,56.28031921386719,2.52,2.7,
2010-03-19,86.9051284790039,16.969999313354492,19.950000762939453,34.23466491699219,58.21560287475586,56.33586883544922,2.49,2.68,-0.384
2010-03-22,87.3697509765625,16.8700008392334,20.110000610351562,34.39787292480469,58.30854797363281,56.39760971069336,2.5,2.66,
2010-03-23,87.98423767089844,16.350000381469727,19.68000030517578,34.39399719238281,58.27028274536133,56.132144927978516,2.51,2.67,
2010-03-24,87.55708312988281,17.549999237060547,20.079999923706055,34.37455368041992,57.8383674621582,55.10736083984375,2.48,2.76,
2010-03-25,87.41471862792969,18.399999618530273,20.579999923706055,34.45619201660156,57.63071060180664,54.75553512573242,2.47,2.81,
2010-03-26,87.36226654052734,17.770000457763672,20.059999465942383,34.44450759887695,57.80561828613281,54.909873962402344,2.49,2.82,-0.427
2010-03-29,87.9167709350586,17.59000015258789,19.850000381469727,34.48726272583008,57.756439208984375,54.70000076293945,2.49,2.84,
2010-03-30,87.97675323486328,17.1299991607666,19.540000915527344,34.45227813720703,57.78923034667969,54.87287139892578,2.48,2.82,
2010-03-31,87.67698669433594,17.59000015258789,19.920000076293945,34.34349060058594,57.8165168762207,55.24940490722656,2.47,2.82,
2010-04-01,88.27647399902344,17.469999313354492,19.899999618530273,34.26048278808594,57.94228744506836,55.114341735839844,2.44,2.84,
2010-04-05,88.99592590332031,17.020000457763672,19.350000381469727,34.24479675292969,57.4096794128418,54.19734191894531,2.43,2.83,
2010-04-06,89.20573425292969,16.229999542236328,18.84000015258789,34.46799087524414,57.54695129394531,54.28404998779297,2.46,2.84,
2010-04-07,88.69612884521484,16.6200008392334,19.190000534057617,34.51888656616211,57.837928771972656,54.97804260253906,2.44,2.83,
2010-04-08,89.00338745117188,16.479999542236328,19.079999923706055,34.5776252746582,57.72814178466797,55.00282669067383,2.43,2.82,
2010-04-09,89.587890625,16.139999389648438,18.6200008392334,34.628509521484375,57.766597747802734,55.132938385009766,2.43,2.82,-0.473
2010-04-12,89.73028564453125,15.579999923706055,18.959999084472656,34.636348724365234,57.93133544921875,55.42416000366211,2.4,2.8,
2010-04-13,89.79772186279297,16.200000762939453,18.989999771118164,34.73033142089844,58.13997268676758,55.603843688964844,2.4,2.77,
2010-04-14,90.8168716430664,15.59000015258789,18.770000457763672,34.82430648803711,58.09053421020508,55.213470458984375,2.4,2.81,
2010-04-15,90.89181518554688,15.890000343322754,18.899999618530273,34.91824722290039,58.189361572265625,55.2754020690918,2.42,2.82,
2010-04-16,89.44551849365234,18.360000610351562,20.229999542236328,34.636348724365234,58.32664108276367,55.678184509277344,2.43,2.81,-0.464
2010-04-19,89.7827377319336,17.34000015258789,19.790000915527344,34.56977844238281,58.17837142944336,55.5418815612793,2.42,2.82,
2010-04-20,90.5845947265625,15.729999542236328,18.989999771118164,34.94176483154297,58.30466842651367,55.74015808105469,2.4,2.77,
2010-04-21,90.41971588134766,16.31999969482422,19.299999237060547,34.94566345214844,58.50779342651367,56.198638916015625,2.38,2.74,
2010-04-22,90.68949890136719,16.469999313354492,19.59000015258789,34.84390640258789,58.37602615356445,56.0313606262207,2.38,2.73,
2010-04-23,91.281494140625,16.6200008392334,19.389999389648438,35.07097625732422,58.36504364013672,55.833091735839844,2.37,2.74,-0.431
2010-04-26,90.93675231933594,17.469999313354492,19.860000610351562,35.07097625732422,58.392459869384766,55.89504623413086,2.38,2.74,
2010-04-27,88.78608703613281,22.809999465942383,22.719999313354492,34.628509521484375,58.43093490600586,56.681922912597656,2.39,2.68,
2010-04-28,89.46051788330078,21.079999923706055,22.309999465942383,34.65202713012695,58.52981185913086,56.198638916015625,2.38,2.77,
2010-04-29,90.5695571899414,18.440000534057617,20.959999084472656,34.89086151123047,58.67800521850586,56.434112548828125,2.37,2.75,
2010-04-30,89.03337097167969,22.049999237060547,23.670000076293945,35.00441360473633,58.91960144042969,57.084678649902344,2.38,2.72,-0.374
2010-05-03,90.18739318847656,20.190000534057617,22.579999923706055,35.00046920776367,58.93727111816406,57.01007843017578,2.37,2.72,
2010-05-04,88.06665802001953,23.84000015258789,25.06999969482422,34.641597747802734,59.00890350341797,58.03602981567383,2.38,2.67,
2010-05-05,87.5421142578125,24.90999984741211,26.3700008392334,34.1683349609375,58.755332946777344,58.37799072265625,2.4,2.7,
2010-05-06,84.63452911376953,32.79999923706055,26.3700008392334,33.3204345703125,57.78486251831055,60.181095123291016,2.41,2.66,
2010-05-07,83.37556457519531,40.95000076293945,36.619998931884766,33.3165168762207,57.972354888916016,59.428775787353516,2.55,2.62,-0.298
2010-05-10,87.04750061035156,28.84000015258789,28.979999542236328,33.93959426879883,58.33622741699219,58.19768142700195,2.53,2.7,
2010-05-11,86.80023193359375,28.31999969482422,28.8700008392334,33.90016555786133,58.396915435791016,58.04841995239258,2.58,2.71,
2010-05-12,88.01422119140625,25.520000457763672,26.649999618530273,34.31425094604492,58.37483596801758,57.6069450378418,2.61,2.67,
2010-05-13,86.92012023925781,26.68000030517578,27.610000610351562,34.10131072998047,58.54574966430664,57.98624801635742,2.6,2.68,
2010-05-14,85.34642028808594,31.239999771118164,30.799999237060547,33.90410614013672,58.52923583984375,58.99351119995117,2.59,2.65,-0.223
2010-05-17,85.39138793945312,30.84000015258789,30.510000228881836,33.86073303222656,58.62846755981445,58.77587890625,2.59,2.66,
2010-05-18,84.2298583984375,33.54999923706055,32.810001373291016,33.78974914550781,58.81596374511719,59.677459716796875,2.61,2.62,
2010-05-19,83.75025177001953,35.31999969482422,34.18000030517578,33.59257125854492,58.849021911621094,59.876426696777344,2.65,2.56,
2010-05-20,80.58786010742188,45.790000915527344,40.83000183105469,32.59088134765625,58.71669387817383,61.138607025146484,2.74,2.49,
2010-05-21,81.76441955566406,40.099998474121094,37.400001525878906,33.24552917480469,58.61747360229492,61.200809478759766,2.76,2.44,-0.15
2010-05-24,80.7153091430664,38.31999969482422,36.90999984741211,33.29677200317383,58.77182388305664,60.98943328857422,2.79,2.46,
2010-05-25,80.7977294921875,34.61000061035156,34.900001525878906,33.25735855102539,58.49061584472656,61.287845611572266,2.81,2.37,
2010-05-26,80.31063079833984,35.02000045776367,33.95000076293945,32.859031677246094,58.52923583984375,61.113807678222656,2.87,2.39,
2010-05-27,83.00090026855469,29.68000030517578,30.639999389648438,33.312557220458984,58.225990295410156,59.72722244262695,2.89,2.47,
2010-05-28,81.95925903320312,32.06999969482422,32.0,33.36774826049805,58.14879608154297,60.00077438354492,2.89,2.55,-0.096
2010-06-01,80.58037567138672,35.540000915527344,34.02000045776367,33.210018157958984,58.10065841674805,60.42258071899414,2.92,2.51,
2010-06-02,82.67865753173828,30.170000076293945,30.59000015258789,33.38087844848633,58.30548858642578,59.84857177734375,2.91,2.53,
2010-06-03,82.96340942382812,29.459999084472656,30.239999771118164,33.39280700683594,58.117210388183594,59.411861419677734,2.92,2.57,
2010-06-04,80.04833984375,35.47999954223633,34.369998931884766,33.206016540527344,58.47159194946289,61.008975982666016,2.95,2.48,-0.064
2010-06-07,79.05168914794922,36.56999969482422,35.29999923706055,32.97554397583008,58.715240478515625,61.47686004638672,3.0,2.43,
2010-06-08,79.89845275878906,33.70000076293945,33.650001525878906,33.02719497680664,58.715240478515625,61.17121505737305,2.99,2.44,
2010-06-09,79.47134399414062,33.72999954223633,33.79999923706055,33.098724365234375,58.73737335205078,61.102561950683594,3.0,2.46,
2010-06-10,81.79440307617188,30.56999969482422,31.469999313354492,33.4365348815918,58.4937744140625,60.01076126098633,3.01,2.54,
2010-06-11,82.19156646728516,28.790000915527344,30.950000762939453,33.484214782714844,58.70970916748047,60.771907806396484,3.04,2.49,-0.055
2010-06-14,82.06414794921875,28.579999923706055,30.68000030517578,33.52790832519531,58.598968505859375,60.45998001098633,3.06,2.51,
2010-06-15,83.93010711669922,25.8700008392334,28.450000762939453,33.85378646850586,58.52696990966797,60.2104377746582,3.05,2.53,
2010-06-16,83.90013122558594,25.920000076293945,28.780000686645508,33.881587982177734,58.58784103393555,60.55356216430664,3.07,2.52,
2010-06-17,84.03501892089844,25.049999237060547,28.209999084472656,34.13593673706055,58.97543716430664,61.04638671875,3.04,2.49,
2010-06-18,84.12611389160156,23.950000762939453,27.959999084472656,34.28294372558594,58.96992874145508,60.946571350097656,3.04,2.5,-0.069
2010-06-21,83.88520812988281,24.8799991607666,27.540000915527344,34.406158447265625,59.119415283203125,60.771907806396484,3.02,2.52,
2010-06-22,82.49980163574219,27.049999237060547,29.09000015258789,34.1597900390625,59.4073486328125,61.49559020996094,3.04,2.47,
2010-06-23,82.2437973022461,26.90999984741211,29.260000228881836,34.13593673706055,59.6565055847168,61.913604736328125,3.05,2.47,
2010-06-24,80.88097381591797,29.739999771118164,31.360000610351562,33.9014778137207,59.41843795776367,61.54547119140625,3.08,2.47,
2010-06-25,81.21979522705078,28.530000686645508,30.700000762939453,34.056453704833984,59.51811981201172,61.7950325012207,3.09,2.47,-0.096
2010-06-28,80.96376037597656,29.0,30.959999084472656,34.131954193115234,59.84481430053711,62.375282287597656,3.1,2.43,
2010-06-29,78.46401977539062,34.130001068115234,34.380001068115234,33.790199279785156,59.81713104248047,63.05528259277344,3.12,2.36,
2010-06-30,77.71862030029297,34.540000915527344,35.22999954223633,33.73853302001953,60.05519485473633,63.47949981689453,3.08,2.36,
2010-07-01,77.37224578857422,32.86000061035156,34.4900016784668,33.899864196777344,60.12193298339844,63.579673767089844,3.02,2.33,
2010-07-02,76.95059967041016,30.1200008392334,33.290000915527344,33.90786361694336,59.94955825805664,63.07276153564453,3.04,2.37,-0.131
2010-07-06,77.45507049560547,29.649999618530273,32.0099983215332,34.176090240478516,60.19975280761719,63.592201232910156,3.05,2.33,
2010-07-07,79.89459991455078,26.84000015258789,29.719999313354492,34.58843231201172,60.2386474609375,62.84751892089844,3.08,2.37,
2010-07-08,80.68519592285156,25.709999084472656,28.829999923706055,34.74855041503906,60.088565826416016,62.447017669677734,3.07,2.41,
2010-07-09,81.28752899169922,24.979999542236328,28.170000076293945,34.668514251708984,60.016273498535156,62.0903205871582,3.07,2.44,-0.172
2010-07-12,81.34027099609375,24.43000030517578,28.389999389648438,34.64045333862305,60.088565826416016,62.06527328491211,3.05,2.43,
2010-07-13,82.56755065917969,24.559999465942383,28.31999969482422,34.90868377685547,60.12193298339844,61.5333137512207,3.03,2.48,
2010-07-14,82.55999755859375,24.889999389648438,28.829999923706055,34.876678466796875,60.388755798339844,62.152889251708984,3.02,2.45,
2010-07-15,82.58260345458984,25.139999389648438,29.229999542236328,34.9287223815918,60.494422912597656,62.77244567871094,3.02,2.39,
2010-07-16,80.30873107910156,26.25,30.600000381469727,34.716548919677734,60.60004425048828,63.079010009765625,3.04,2.35,-0.212
2010-07-19,80.78309631347656,25.969999313354492,30.079999923706055,34.83261489868164,60.58891677856445,62.691043853759766,3.04,2.38,
2010-07-20,81.67906188964844,23.93000030517578,28.219999313354492,35.11286544799805,60.655670166015625,62.78489685058594,2.99,2.37,
2010-07-21,80.61743927001953,25.639999389648438,29.079999923706055,35.096858978271484,60.950347900390625,63.84878158569336,2.98,2.32,
2010-07-22,82.41693878173828,24.6299991607666,27.899999618530273,35.40908432006836,60.872467041015625,63.110294342041016,2.97,2.36,
2010-07-23,83.13223266601562,23.469999313354492,26.989999771118164,35.5692253112793,60.950347900390625,62.440711975097656,2.95,2.42,-0.245
2010-07-26,83.99813079833984,22.729999542236328,26.440000534057617,35.585235595703125,61.005897521972656,62.33433532714844,2.92,2.41,
2010-07-27,83.9906005859375,23.190000534057617,26.3700008392334,35.537193298339844,60.80018997192383,61.73358917236328,2.9,2.43,
2010-07-28,83.448486328125,24.25,26.709999084472656,35.46115493774414,61.01700210571289,61.9338264465332,2.92,2.42,
2010-07-29,83.0418930053711,24.1299991607666,27.1200008392334,35.5692253112793,61.03927230834961,61.915077209472656,2.92,2.44,
2010-07-30,83.02685546875,23.5,27.139999389648438,35.4771728515625,61.32284164428711,62.878753662109375,2.91,2.39,-0.269
2010-08-02,84.90167236328125,22.010000228881836,25.399999618530273,35.662174224853516,61.19279098510742,61.996124267578125,2.9,2.43,
2010-08-03,84.49506378173828,22.6299991607666,26.010000228881836,35.662174224853516,61.34342956542969,62.35395812988281,2.92,2.41,
2010-08-04,85.05976867675781,22.209999084472656,25.959999084472656,35.641990661621094,61.15370559692383,61.87675857543945,2.9,2.42,
2010-08-05,84.96939849853516,22.100000381469727,26.15999984741211,35.6258659362793,61.26527404785156,62.16556930541992,2.93,2.41,
2010-08-06,84.62308502197266,21.739999771118164,26.1200008392334,35.617828369140625,61.6169548034668,62.8436393737793,2.94,2.36,-0.283
2010-08-09,85.07482147216797,22.139999389648438,26.030000686645508,35.55335998535156,61.81787872314453,62.611358642578125,2.95,2.32,
2010-08-10,84.61553192138672,22.3700008392334,26.309999465942383,35.541263580322266,61.739776611328125,62.74320983886719,3.05,2.27,
2010-08-11,82.29649353027344,25.389999389648438,28.690000534057617,35.07775115966797,61.73417663574219,63.58448028564453,3.03,2.18,
2010-08-12,81.79200744628906,25.729999542236328,29.25,34.95682144165039,61.51646041870117,63.427490234375,3.04,2.19,
2010-08-13,81.55107116699219,26.239999771118164,29.969999313354492,35.10997009277344,61.75651168823242,64.21853637695312,3.05,2.14,-0.288
2010-08-16,81.513427734375,26.100000381469727,29.799999237060547,35.15432357788086,62.437469482421875,65.82565307617188,3.0,2.07,
2010-08-17,82.51481628417969,24.329999923706055,28.56999969482422,35.287353515625,62.33699417114258,65.44902801513672,2.99,2.12,
2010-08-18,82.66539764404297,24.59000015258789,28.579999923706055,35.347774505615234,62.39281463623047,65.62480163574219,2.94,2.13,
2010-08-19,81.227294921875,26.440000534057617,29.6299991607666,35.27521896362305,62.459808349609375,66.64812469482422,2.93,2.09,
2010-08-20,80.96376037597656,25.489999771118164,29.540000915527344,35.35987854003906,62.571441650390625,66.57283782958984,2.9,2.13,-0.289
2010-08-23,80.65509033203125,25.65999984741211,29.290000915527344,35.35987854003906,62.70538330078125,66.58541107177734,2.94,2.11,
2010-08-24,79.4578628540039,27.459999084472656,30.309999465942383,35.17448425292969,62.85049819946289,67.65267944335938,2.95,2.0,
2010-08-25,79.76658630371094,26.700000762939453,29.850000381469727,35.12610626220703,62.96772384643555,67.4328842163086,2.94,2.01,
2010-08-26,79.23200988769531,27.3700008392334,30.3700008392334,35.07775115966797,63.023597717285156,68.06697845458984,2.95,1.99,
2010-08-27,80.45930480957031,24.450000762939453,28.399999618530273,35.073692321777344,62.454227447509766,66.13958740234375,2.96,2.1,-0.292
2010-08-30,79.292236328125,27.209999084472656,30.010000228881836,35.13817596435547,62.861637115478516,67.40777587890625,2.99,2.04,
2010-08-31,79.292236328125,26.049999237060547,29.040000915527344,35.12610626220703,63.0737419128418,68.1548843383789,3.01,2.0,
2010-09-01,81.66402435302734,23.889999389648438,27.290000915527344,35.505699157714844,62.599815368652344,66.74566650390625,3.01,2.08,
2010-09-02,82.42449951171875,23.190000534057617,26.6200008392334,35.56253433227539,62.52132034301758,66.0404281616211,3.02,2.13,
2010-09-03,83.49364471435547,21.309999465942383,25.309999465942383,35.66807556152344,62.050716400146484,65.22187805175781,2.97,2.2,-0.299
2010-09-07,82.55248260498047,23.799999237060547,26.770000457763672,35.61528778076172,62.510162353515625,66.55672454833984,2.96,2.12,
2010-09-08,83.13223266601562,23.25,26.299999237060547,35.623390197753906,62.38689422607422,66.02786254882812,2.95,2.14,
2010-09-09,83.51624298095703,22.809999465942383,26.100000381469727,35.7655029296875,62.061946868896484,64.72438049316406,2.96,2.2,
2010-09-10,83.93788146972656,21.989999771118164,25.59000015258789,35.85888671875,62.10676956176758,64.42843627929688,2.94,2.23,-0.314
2010-09-13,84.87153625488281,21.209999084472656,24.75,36.04562759399414,62.190799713134766,64.7432861328125,2.97,2.21,
2010-09-14,84.81885528564453,21.559999465942383,24.739999771118164,36.037506103515625,62.48214340209961,65.3666763305664,2.97,2.18,
2010-09-15,85.14259338378906,22.100000381469727,24.93000030517578,36.00504684448242,62.38131332397461,64.39698028564453,3.0,2.24,
2010-09-16,85.1199951171875,21.719999313354492,24.959999084472656,36.06589889526367,62.1851692199707,63.76097106933594,3.02,2.29,
2010-09-17,85.15178680419922,22.010000228881836,25.1200008392334,36.13086700439453,62.38689422607422,64.0191650390625,3.03,2.27,-0.334
2010-09-20,86.45381164550781,21.5,24.59000015258789,36.18770980834961,62.46535110473633,64.39068603515625,3.02,2.25,
2010-09-21,86.2796859741211,22.350000381469727,24.940000534057617,36.1268196105957,62.941558837890625,65.2847900390625,3.05,2.18,
2010-09-22,85.85578155517578,22.510000228881836,25.15999984741211,35.980674743652344,62.90234375,65.87043762207031,3.05,2.12,
2010-09-23,85.15937042236328,23.8700008392334,26.15999984741211,35.88728713989258,62.94716262817383,66.05931091308594,3.04,2.11,
2010-09-24,86.9155502319336,21.709999084472656,24.75,36.02937316894531,62.807132720947266,65.17150115966797,3.05,2.17,-0.356
2010-09-27,86.49921417236328,22.540000915527344,25.200000762939453,36.090267181396484,63.13206481933594,66.3049545288086,3.04,2.1,
2010-09-28,86.80199432373047,22.600000381469727,25.34000015258789,36.14302444458008,63.244110107421875,66.75823974609375,3.06,2.11,
2010-09-29,86.6506118774414,23.25,25.90999984741211,36.228294372558594,63.182472229003906,66.4811782836914,3.06,2.08,
2010-09-30,86.39321899414062,23.700000762939453,26.399999618530273,36.41099166870117,63.361732482910156,66.4371337890625,3.05,2.11,
2010-10-01,86.75657653808594,22.5,25.700000762939453,36.45878982543945,63.05467224121094,66.11608123779297,3.07,2.12,-0.381
2010-10-04,86.1055679321289,23.530000686645508,26.31999969482422,36.33212661743164,63.155941009521484,66.28669738769531,3.1,2.09,
2010-10-05,87.83903503417969,21.760000228881836,25.079999923706055,36.462852478027344,63.28524398803711,65.8885269165039,3.11,2.09,
2010-10-06,87.83148956298828,21.489999771118164,24.90999984741211,36.430179595947266,63.69587707519531,66.71647644042969,3.13,2.03,
2010-10-07,87.72550964355469,21.559999465942383,24.889999389648438,36.50373077392578,63.67899703979492,66.16031646728516,3.18,2.05,
2010-10-08,88.21754455566406,20.709999084472656,24.059999465942383,36.62632751464844,63.61711883544922,65.86959838867188,3.21,2.06,-0.405
2010-10-11,88.30079650878906,18.959999084472656,23.979999542236328,36.703983306884766,63.673370361328125,65.88218688964844,,,
2010-10-12,88.57331848144531,18.93000030517578,23.3700008392334,36.67129898071289,63.577789306640625,65.23123168945312,3.22,2.07,
2010-10-13,89.26213836669922,19.06999969482422,22.979999542236328,36.793861389160156,63.544036865234375,65.13008117675781,3.22,2.09,
2010-10-14,88.9139404296875,19.8799991607666,23.559999465942383,36.61813735961914,63.03219223022461,64.15679168701172,3.23,2.14,
2010-10-15,89.09561920166016,19.030000686645508,23.200000762939453,36.71213150024414,62.6328239440918,63.373043060302734,3.26,2.22,-0.428
2010-10-18,89.53466033935547,19.09000015258789,22.799999237060547,36.66312026977539,63.065921783447266,63.88502502441406,3.26,2.14,
2010-10-19,88.36136627197266,20.6299991607666,23.59000015258789,36.65903854370117,63.071556091308594,64.27056884765625,3.25,2.13,
2010-10-20,89.22433471679688,19.790000915527344,22.65999984741211,36.773468017578125,63.18402862548828,64.40959930419922,3.23,2.16,
2010-10-21,89.42110443115234,19.270000457763672,22.219999313354492,36.71623229980469,63.015357971191406,63.64484405517578,3.2,2.2,
2010-10-22,89.58767700195312,18.780000686645508,21.649999618530273,36.88376998901367,63.094024658203125,64.07461547851562,3.18,2.24,-0.446
2010-10-25,89.85260772705078,19.850000381469727,21.90999984741211,37.02680969238281,63.319000244140625,64.25788879394531,3.13,2.22,
2010-10-26,89.86772918701172,20.219999313354492,22.200000762939453,37.084014892578125,62.981571197509766,63.26559829711914,3.13,2.27,
2010-10-27,89.61038208007812,20.709999084472656,22.600000381469727,37.04313659667969,62.81843948364258,62.7094841003418,3.09,2.35,
2010-10-28,89.62552642822266,20.8799991607666,22.809999465942383,37.063575744628906,63.071556091308594,62.880096435546875,3.16,2.32,
2010-10-29,89.69361114501953,21.200000762939453,22.950000762939453,37.079933166503906,63.195274353027344,63.467918395996094,3.15,2.29,-0.46
2010-11-01,89.7238998413086,21.829999923706055,23.290000915527344,37.010414123535156,63.173824310302734,63.194610595703125,3.13,2.32,
2010-11-02,90.43547821044922,21.56999969482422,23.020000457763672,37.191402435302734,63.46739959716797,64.02520751953125,3.08,2.29,
2010-11-03,90.79882049560547,19.559999465942383,21.649999618530273,37.314842224121094,63.25857925415039,62.71906661987305,3.16,2.33,
2010-11-04,92.54740905761719,18.520000457763672,20.56999969482422,37.80022048950195,63.85701370239258,63.207305908203125,3.24,2.2,
2010-11-05,92.89563751220703,18.260000228881836,20.65999984741211,37.75907897949219,63.653743743896484,62.123050689697266,3.27,2.2,-0.47
2010-11-08,92.72152709960938,18.290000915527344,20.729999542236328,37.648006439208984,63.68765640258789,62.402099609375,3.25,2.19,
2010-11-09,92.05540466308594,19.079999923706055,21.530000686645508,37.54108810424805,63.21334457397461,61.026222229003906,3.25,2.26,
2010-11-10,92.42630767822266,18.469999313354492,21.280000686645508,37.232547760009766,63.07783508300781,61.108612060546875,3.31,2.21,
2010-11-11,92.07810974121094,18.639999389648438,21.469999313354492,37.08444595336914,62.80121994018555,61.07694625854492,,,
2010-11-12,90.98806762695312,20.610000610351562,22.93000030517578,36.94871520996094,62.36082458496094,60.74722671508789,3.24,2.25,-0.474
2010-11-15,90.85939025878906,20.200000762939453,22.809999465942383,36.878753662109375,61.677608489990234,59.47916793823242,3.2,2.39,
2010-11-16,89.44385528564453,22.579999923706055,24.079999923706055,36.47151184082031,62.00508499145508,60.956417083740234,3.15,2.34,
2010-11-17,89.48926544189453,21.760000228881836,23.829999923706055,36.656646728515625,62.00508499145508,60.620391845703125,3.13,2.39,
2010-11-18,90.80636596679688,18.75,22.43000030517578,37.1214714050293,62.0502815246582,60.867706298828125,3.12,2.38,
2010-11-19,91.05616760253906,18.040000915527344,21.399999618530273,37.10910415649414,62.26479721069336,61.24179458618164,3.11,2.36,-0.477
2010-11-22,90.98046875,18.3700008392334,21.329999923706055,36.8499641418457,62.60926818847656,61.501708984375,3.14,2.31,
2010-11-23,89.66336059570312,20.6299991607666,22.59000015258789,36.34397888183594,62.64311599731445,61.80606460571289,3.13,2.32,
2010-11-24,90.98806762695312,19.559999465942383,21.809999465942383,36.56201171875,62.12932205200195,60.70281982421875,3.1,2.4,
2010-11-26,89.92828369140625,22.219999313354492,21.809999465942383,36.430397033691406,62.2083740234375,61.54612731933594,3.07,2.36,-0.479
2010-11-29,90.20081329345703,21.530000686645508,23.350000381469727,36.52499771118164,62.27046585083008,62.072357177734375,3.04,2.32,
2010-11-30,89.69361114501953,23.540000915527344,25.190000534057617,36.60727310180664,62.17449188232422,62.39570617675781,3.03,2.36,
2010-12-01,91.60120391845703,21.360000610351562,23.989999771118164,36.94601058959961,62.036190032958984,61.008705139160156,3.01,2.44,
2010-12-02,92.77450561523438,19.389999389648438,21.989999771118164,36.966697692871094,61.90018081665039,60.84964370727539,2.99,2.46,
2010-12-03,93.02430725097656,18.010000228881836,21.0,37.02881622314453,61.72443389892578,60.37250900268555,3.02,2.54,-0.485
2010-12-06,92.9259262084961,18.020000457763672,21.040000915527344,37.008121490478516,62.155250549316406,61.22499084472656,3.02,2.53,
2010-12-07,92.97891998291016,17.989999771118164,20.969999313354492,37.198612213134766,61.57711410522461,59.91438293457031,2.99,2.61,
2010-12-08,93.3195571899414,17.739999771118164,20.3799991607666,37.07848358154297,61.180335998535156,59.3354377746582,2.9,2.63,
2010-12-09,93.68286895751953,17.25,19.979999542236328,36.999813079833984,61.32767868041992,59.62808609008789,2.86,2.59,
2010-12-10,94.22789764404297,17.610000610351562,19.84000015258789,37.016414642333984,61.04433059692383,59.26545715332031,2.79,2.68,-0.497
2010-12-13,94.28846740722656,17.549999237060547,20.459999084472656,36.830081939697266,61.27098846435547,59.48810958862305,2.8,2.68,
2010-12-14,94.37171173095703,17.610000610351562,20.389999389648438,37.012245178222656,60.896949768066406,58.622833251953125,2.75,2.83,
2010-12-15,93.94024658203125,17.940000534057617,20.739999771118164,36.86731719970703,60.517154693603516,57.85940933227539,2.74,2.85,
2010-12-16,94.48529052734375,17.389999389648438,20.81999969482422,37.003990173339844,60.81190872192383,58.260189056396484,2.77,2.81,
2010-12-17,94.58646392822266,16.110000610351562,20.290000915527344,37.057838439941406,61.36737060546875,59.322696685791016,2.73,2.72,-0.512
2010-12-20,94.81475830078125,16.40999984741211,20.100000381469727,37.12406921386719,61.32767868041992,59.259037017822266,2.75,2.74,
2010-12-21,95.4159164428711,16.489999771118164,19.90999984741211,37.20274353027344,61.4580192565918,59.67264938354492,2.72,2.72,
2010-12-22,95.7126693725586,15.449999809265137,19.56999969482422,37.306278228759766,61.407047271728516,59.246337890625,2.73,2.71,
2010-12-23,95.5757064819336,16.469999313354492,20.440000534057617,37.343528747558594,61.435394287109375,59.12550354003906,2.7,2.74,
2010-12-27,95.61378479003906,17.670000076293945,21.040000915527344,37.37253189086914,61.55442810058594,59.65354537963867,2.7,2.65,
2010-12-28,95.750732421875,17.520000457763672,21.18000030517578,37.396270751953125,61.0638427734375,58.48525619506836,2.68,2.75,
2010-12-29,95.8192138671875,17.280000686645508,20.84000015258789,37.52130889892578,61.524810791015625,59.47477340698242,2.7,2.71,
2010-12-30,95.66704559326172,17.520000457763672,21.010000228881836,37.56300354003906,61.55329132080078,59.43010330200195,2.69,2.72,
2010-12-31,95.68988800048828,17.75,20.899999618530273,37.629676818847656,61.706886291503906,60.08765411376953,2.68,2.69,-0.553
2011-01-03,96.67910766601562,17.610000610351562,20.6200008392334,37.658836364746094,61.94594955444336,59.63435745239258,2.68,2.75,
2011-01-04,96.62583923339844,17.3799991607666,20.610000610351562,37.82969665527344,62.025604248046875,59.70458221435547,2.71,2.73,
2011-01-05,97.12806701660156,17.020000457763672,20.049999237060547,37.925601959228516,61.57036590576172,58.38951110839844,2.67,2.79,
2011-01-06,96.93785858154297,17.399999618530273,20.350000381469727,37.971439361572266,61.661380767822266,58.64485168457031,2.67,2.76,
2011-01-07,96.74758911132812,17.139999389648438,20.290000915527344,37.8255500793457,61.97434997558594,58.95763397216797,2.73,2.74,-0.575
2011-01-10,96.62583923339844,17.540000915527344,20.479999542236328,37.79637145996094,62.08247756958008,59.27690124511719,2.75,2.73,
2011-01-11,96.96825408935547,16.889999389648438,20.139999389648438,37.94222640991211,62.05406188964844,58.944881439208984,2.68,2.77,
2011-01-12,97.84335327148438,16.239999771118164,19.229999542236328,38.02143478393555,62.01418685913086,58.48525619506836,2.68,2.79,
2011-01-13,97.68354034423828,16.389999389648438,19.200000762939453,38.01308822631836,62.28165054321289,59.008758544921875,2.71,2.75,
2011-01-14,98.3912353515625,15.460000038146973,18.3700008392334,38.07562255859375,61.98578643798828,58.63209915161133,2.74,2.76,-0.595
2011-01-18,98.55863952636719,15.869999885559082,18.3799991607666,38.071434020996094,61.95155334472656,58.35753631591797,2.72,2.79,
2011-01-19,97.59225463867188,17.309999465942383,19.639999389648438,37.954742431640625,61.90611267089844,58.7789306640625,2.7,2.77,
2011-01-20,97.46287536621094,17.989999771118164,19.899999618530273,37.87973403930664,61.63859558105469,57.968101501464844,2.7,2.82,
2011-01-21,97.68354034423828,18.469999313354492,19.969999313354492,38.033931732177734,61.729679107666016,58.42779541015625,2.68,2.81,-0.612
2011-01-24,98.23905944824219,17.649999618530273,19.579999923706055,38.08808898925781,61.75815200805664,58.4533576965332,2.67,2.78,
2011-01-25,98.29232788085938,17.59000015258789,19.34000015258789,38.146453857421875,62.06543731689453,59.008758544921875,2.66,2.73,
2011-01-26,98.67279815673828,16.639999389648438,18.81999969482422,38.22564697265625,61.718292236328125,58.114967346191406,2.68,2.83,
2011-01-27,98.91629791259766,16.149999618530273,18.479999542236328,38.275657653808594,61.82071304321289,58.3766975402832,2.67,2.83,
2011-01-28,97.18897247314453,20.040000915527344,20.59000015258789,38.04642105102539,61.900394439697266,58.683162689208984,2.7,2.82,-0.624
2011-01-31,97.91944885253906,19.530000686645508,20.149999618530273,38.25062942504883,61.729679107666016,58.236270904541016,2.68,2.84,
2011-02-01,99.4870376586914,17.6299991607666,18.969999313354492,38.32573699951172,61.64801025390625,57.94794464111328,2.66,2.87,
2011-02-02,99.29678344726562,17.299999237060547,19.09000015258789,38.36766815185547,61.52803421020508,57.96073913574219,2.64,2.85,
2011-02-03,99.5174789428711,16.690000534057617,18.920000076293945,38.36766815185547,61.379459381103516,57.48027801513672,2.61,2.87,
2011-02-04,99.79898834228516,15.930000305175781,18.329999923706055,38.535438537597656,61.19098663330078,56.897274017333984,2.57,2.91,-0.628
2011-02-07,100.42298126220703,16.280000686645508,18.260000228881836,38.606754302978516,61.25946044921875,57.19192886352539,2.53,2.9,
2011-02-08,100.8795394897461,15.8100004196167,17.850000381469727,38.64870071411133,61.036705017089844,56.66664123535156,2.5,2.89,
2011-02-09,100.65123748779297,15.869999885559082,17.860000610351562,38.430625915527344,61.43085861206055,57.159912109375,2.53,2.84,
2011-02-10,100.68931579589844,16.09000015258789,18.100000381469727,38.47254180908203,61.12810516357422,56.500064849853516,2.55,2.85,
2011-02-11,101.29045867919922,15.6899995803833,17.860000610351562,38.56899642944336,61.46515655517578,57.3137092590332,2.56,2.79,-0.626
2011-02-14,101.533935546875,15.949999809265137,17.940000534057617,38.59836959838867,61.505130767822266,57.35213851928711,2.53,2.75,
2011-02-15,101.21438598632812,16.3700008392334,18.270000457763672,38.52289581298828,61.64229965209961,57.6083984375,2.53,2.77,
2011-02-16,101.85356903076172,16.719999313354492,18.31999969482422,38.535438537597656,61.56801986694336,57.42261505126953,2.53,2.76,
2011-02-17,102.15795135498047,16.59000015258789,18.6299991607666,38.623531341552734,61.68226623535156,57.512325286865234,2.56,2.78,
2011-02-18,102.37103271484375,16.43000030517578,18.899999618530273,38.74098205566406,61.77373123168945,57.33293533325195,2.58,2.81,-0.616
2011-02-22,100.31645965576172,20.799999237060547,21.31999969482422,38.422210693359375,61.945003509521484,58.19141387939453,2.62,2.72,
2011-02-23,99.70008087158203,22.1299991607666,22.469999313354492,38.459991455078125,61.870758056640625,58.40281295776367,2.6,2.75,
2011-02-24,99.63160705566406,21.31999969482422,22.260000228881836,38.48934555053711,61.939361572265625,58.774391174316406,2.59,2.73,
2011-02-25,100.69698333740234,19.219999313354492,20.56999969482422,38.606754302978516,62.23070526123047,59.120357513427734,2.6,2.7,-0.601
2011-02-28,101.32091522216797,18.350000381469727,20.0,38.79970932006836,62.39638137817383,59.197227478027344,2.57,2.73,
2011-03-01,99.63160705566406,21.010000228881836,21.899999618530273,38.740211486816406,62.39751052856445,59.36886215209961,2.59,2.75,
2011-03-02,99.84465026855469,20.700000762939453,21.68000030517578,38.77399826049805,62.064857482910156,58.456153869628906,2.6,2.77,
2011-03-03,101.56444549560547,18.600000381469727,20.440000534057617,38.91327667236328,61.80104064941406,57.88419723510742,2.55,2.79,
2011-03-04,100.80342864990234,19.059999465942383,20.799999237060547,38.833045959472656,62.036190032958984,58.3661994934082,2.6,2.81,-0.587
2011-03-07,100.01207733154297,20.65999984741211,21.850000381469727,38.841487884521484,61.88132095336914,57.99345397949219,2.59,2.81,
2011-03-08,100.8871841430664,19.81999969482422,21.450000762939453,38.8077278137207,61.80104064941406,57.639923095703125,2.59,2.83,
2011-03-09,100.74260711669922,20.219999313354492,21.81999969482422,38.697975158691406,62.12217330932617,58.1990852355957,2.61,2.78,
2011-03-10,98.87821197509766,21.8799991607666,22.760000228881836,38.495365142822266,62.37457275390625,59.17606735229492,2.66,2.72,
2011-03-11,99.5631103515625,20.079999923706055,21.8700008392334,38.48695373535156,62.31723403930664,58.84183883666992,2.63,2.76,-0.576
2011-03-14,98.96196746826172,21.1299991607666,22.489999771118164,38.330745697021484,62.38603591918945,58.816139221191406,2.65,2.75,
2011-03-15,97.8281478881836,24.31999969482422,24.030000686645508,38.13235855102539,62.38031768798828,59.69663619995117,2.68,2.7,
2011-03-16,96.01707458496094,29.399999618530273,26.90999984741211,37.89601135253906,62.75312042236328,60.37150192260742,2.71,2.64,
2011-03-17,97.28784942626953,26.3700008392334,25.440000534057617,38.3054313659668,62.71297836303711,59.908748626708984,2.72,2.65,
2011-03-18,97.64170837402344,24.440000534057617,24.34000015258789,38.48695373535156,62.75312042236328,60.0694580078125,2.69,2.67,-0.57
2011-03-21,99.15494537353516,20.610000610351562,21.950000762939453,38.723323822021484,62.55241394042969,59.715938568115234,2.64,2.67,
2011-03-22,98.81104278564453,20.209999084472656,21.700000762939453,38.744415283203125,62.66709899902344,59.91520690917969,2.64,2.66,
2011-03-23,99.09381866455078,19.170000076293945,20.93000030517578,38.697975158691406,62.62692642211914,59.83807373046875,2.63,2.67,
2011-03-24,100.04147338867188,18.0,20.079999923706055,38.73177719116211,62.420475006103516,59.38811111450195,2.59,2.7,
2011-03-25,100.34719848632812,17.90999984741211,20.030000686645508,38.744415283203125,62.328704833984375,59.240299224853516,2.58,2.67,-0.575
2011-03-28,100.10261535644531,19.440000534057617,20.860000610351562,38.75711441040039,62.351688385009766,59.323883056640625,2.56,2.66,
2011-03-29,100.77519226074219,18.15999984741211,19.969999313354492,38.77815628051758,62.047637939453125,58.86757278442383,2.59,2.69,
2011-03-30,101.47064208984375,17.709999084472656,19.75,38.83726501464844,62.25986099243164,59.336708068847656,2.59,2.67,
2011-03-31,101.33309173583984,17.739999771118164,19.84000015258789,38.81616973876953,62.059104919433594,59.2145881652832,2.58,2.67,
2011-04-01,101.76106262207031,17.399999618530273,19.59000015258789,38.76945495605469,62.352210998535156,59.50248336791992,2.58,2.66,-0.585
2011-04-04,101.84513854980469,17.5,19.389999389648438,39.0073127746582,62.4962158203125,59.567020416259766,2.58,2.68,
2011-04-05,101.82987976074219,17.25,19.399999618530273,38.96482467651367,62.53071594238281,59.328224182128906,2.55,2.66,
2011-04-06,102.15086364746094,16.899999618530273,19.3799991607666,39.04975891113281,62.32920455932617,58.437496185302734,2.55,2.71,
2011-04-07,101.89100646972656,17.110000610351562,19.5,39.087974548339844,62.23709487915039,58.32134246826172,2.57,2.77,
2011-04-08,101.53944396972656,17.8700008392334,20.049999237060547,39.087974548339844,62.2025032043457,58.01153564453125,2.56,2.76,-0.599
2011-04-11,101.2337417602539,16.59000015258789,20.010000228881836,39.04975891113281,62.20827865600586,58.06316375732422,2.55,2.74,
2011-04-12,100.47710418701172,17.09000015258789,20.329999923706055,38.92662048339844,62.427085876464844,58.68921661376953,2.58,2.75,
2011-04-13,100.46949768066406,16.920000076293945,19.989999771118164,39.113487243652344,62.536476135253906,59.057125091552734,2.58,2.74,
2011-04-14,100.5459213256836,16.270000457763672,19.959999084472656,38.956336975097656,62.381011962890625,59.01192092895508,2.55,2.74,
2011-04-15,100.9127426147461,15.319999694824219,19.170000076293945,39.0073127746582,62.7092399597168,59.812286376953125,2.56,2.72,-0.612
2011-04-18,99.78160858154297,16.959999084472656,19.920000076293945,38.87139892578125,62.795623779296875,59.94779968261719,2.58,2.71,
2011-04-19,100.35485076904297,15.829999923706055,19.18000030517578,39.0073127746582,62.92803192138672,60.205997467041016,2.56,2.71,
2011-04-20,101.72286987304688,15.069999694824219,18.479999542236328,39.15598678588867,62.95682144165039,59.818729400634766,2.55,2.74,
2011-04-21,102.24253845214844,14.6899995803833,18.350000381469727,39.2493896484375,63.01446533203125,59.76708221435547,2.57,2.74,
2011-04-25,102.13555908203125,15.770000457763672,18.549999237060547,39.2069206237793,63.07781982421875,59.99297332763672,2.58,2.72,
2011-04-26,103.01445007324219,15.619999885559082,18.270000457763672,39.29611587524414,63.37149429321289,60.573890686035156,2.57,2.69,
2011-04-27,103.68698120117188,15.350000381469727,17.899999618530273,39.321598052978516,63.290809631347656,59.954288482666016,2.57,2.74,
2011-04-28,104.02327728271484,14.619999885559082,17.520000457763672,39.34281921386719,63.49244689941406,60.41251754760742,2.59,2.72,
2011-04-29,104.26782989501953,14.75,17.5,39.4362907409668,63.613311767578125,60.5997200012207,2.58,2.71,-0.626
2011-05-02,104.10733032226562,15.989999771118164,18.389999389648438,39.41620635986328,63.76188659667969,60.69694519042969,2.57,2.7,
2011-05-03,103.73290252685547,16.700000762939453,19.110000610351562,39.42473220825195,63.732975006103516,61.04048156738281,2.57,2.67,
2011-05-04,103.04503631591797,17.079999923706055,19.440000534057617,39.41193389892578,63.82545471191406,61.312744140625,2.56,2.65,
2011-05-05,102.11259460449219,18.200000762939453,19.84000015258789,39.24952697753906,64.0451431274414,61.89609146118164,2.59,2.6,
2011-05-06,102.56354522705078,18.399999618530273,19.90999984741211,39.45038986206055,64.0451431274414,61.62386703491211,2.6,2.62,-0.624
2011-05-09,102.96092987060547,17.15999984741211,19.200000762939453,39.50168228149414,64.10871887207031,61.558998107910156,2.64,2.6,
2011-05-10,103.83985900878906,15.90999984741211,18.3700008392334,39.587127685546875,63.84864044189453,61.11823654174805,2.61,2.64,
2011-05-11,102.74696350097656,16.950000762939453,19.049999237060547,39.527320861816406,63.952640533447266,61.46830368041992,2.61,2.63,
2011-05-12,103.23609161376953,16.030000686645508,18.440000534057617,39.565773010253906,63.802330017089844,61.079376220703125,2.64,2.65,
2011-05-13,102.44123077392578,17.06999969482422,19.06999969482422,39.40339279174805,63.99311828613281,61.630367279052734,2.64,2.61,-0.615
2011-05-16,101.79164123535156,18.239999771118164,19.8700008392334,39.48030090332031,64.17808532714844,61.97386169433594,2.6,2.61,
2011-05-17,101.77635955810547,17.549999237060547,19.450000762939453,39.54868698120117,64.2647933959961,62.609107971191406,2.59,2.57,
2011-05-18,102.68582916259766,16.229999542236328,18.530000686645508,39.595699310302734,64.10298156738281,61.77939987182617,2.59,2.6,
2011-05-19,102.93037414550781,15.520000457763672,18.170000076293945,39.578575134277344,64.21281433105469,61.75349426269531,2.61,2.62,
2011-05-20,102.11259460449219,17.43000030517578,19.049999237060547,39.54868698120117,64.16654968261719,61.785926818847656,2.63,2.6,-0.604
2011-05-23,100.92802429199219,18.270000457763672,19.790000915527344,39.36064910888672,64.1260757446289,62.084075927734375,2.62,2.58,
2011-05-24,100.843994140625,17.81999969482422,19.170000076293945,39.2965087890625,64.20701599121094,62.317386627197266,2.62,2.56,
2011-05-25,101.18023681640625,17.06999969482422,18.8700008392334,39.2965087890625,64.07978820800781,62.02577209472656,2.64,2.59,
2011-05-26,101.64641571044922,16.09000015258789,18.190000534057617,39.262325286865234,64.35733032226562,62.557273864746094,2.64,2.59,
2011-05-27,102.03620147705078,15.979999542236328,18.1299991607666,39.38203048706055,64.42668914794922,62.531314849853516,2.65,2.59,-0.591
2011-05-31,103.0984878540039,15.449999809265137,17.559999465942383,39.48884963989258,64.42095947265625,62.67392349243164,2.65,2.6,
2011-06-01,100.78284454345703,18.299999237060547,19.360000610351562,39.25924301147461,64.74296569824219,63.52091979980469,2.68,2.52,
2011-06-02,100.67583465576172,18.09000015258789,19.31999969482422,39.23344039916992,64.15689086914062,62.31089782714844,2.7,2.59,
2011-06-03,99.67462158203125,17.950000762939453,19.469999313354492,39.0786018371582,64.2961196899414,62.66872024536133,2.73,2.57,-0.578
2011-06-06,98.61996459960938,18.489999771118164,19.959999084472656,38.984031677246094,64.18585968017578,62.19381332397461,2.75,2.58,
2011-06-07,98.5588150024414,18.06999969482422,19.5,38.95393371582031,64.40636444091797,62.48002624511719,2.75,2.62,
2011-06-08,98.14612579345703,18.790000915527344,19.950000762939453,38.76903533935547,64.44697570800781,62.96803665161133,2.73,2.59,
2011-06-09,98.8951187133789,17.770000457763672,19.260000228881836,38.79482650756836,64.2729263305664,62.71424102783203,2.73,2.58,
2011-06-10,97.51941680908203,18.860000610351562,20.110000610351562,38.54113006591797,64.19746398925781,63.1956787109375,2.71,2.58,-0.566
2011-06-13,97.5958480834961,19.610000610351562,20.440000534057617,38.39491271972656,64.26709747314453,62.87690353393555,2.72,2.6,
2011-06-14,98.8339614868164,18.260000228881836,19.43000030517578,38.6357307434082,64.07562255859375,61.92709732055664,2.71,2.66,
2011-06-15,97.07618713378906,21.31999969482422,21.3799991607666,38.47233963012695,64.42959594726562,63.05250930786133,2.74,2.6,
2011-06-16,97.2901611328125,22.729999542236328,22.610000610351562,37.788604736328125,64.3077392578125,63.338775634765625,2.75,2.55,
2011-06-17,97.58051300048828,21.850000381469727,22.440000534057617,38.20573425292969,64.3309326171875,63.039527893066406,2.79,2.56,-0.558
2011-06-20,98.0797119140625,19.989999771118164,21.219999313354492,38.47233963012695,64.34252166748047,63.11759948730469,2.76,2.59,
2011-06-21,99.42379760742188,18.860000610351562,20.5,38.730342864990234,64.32514190673828,62.837867736816406,2.75,2.59,
2011-06-22,98.82472229003906,18.520000457763672,20.719999313354492,38.450801849365234,64.41214752197266,62.87690353393555,2.74,2.62,
2011-06-23,98.54051971435547,19.290000915527344,20.93000030517578,38.65721130371094,64.58045959472656,63.35832214355469,2.76,2.58,
2011-06-24,97.39614868164062,21.100000381469727,21.920000076293945,38.47233963012695,64.61528778076172,63.09160232543945,2.83,2.53,-0.551
2011-06-27,98.2640380859375,20.559999465942383,21.5,38.46371078491211,64.40636444091797,62.226318359375,2.87,2.54,
2011-06-28,99.54663848876953,19.170000076293945,20.520000457763672,38.6185188293457,63.959617614746094,61.725399017333984,2.81,2.57,
2011-06-29,100.39918518066406,17.270000457763672,19.420000076293945,39.00122833251953,63.81449508666992,61.31553268432617,2.75,2.67,
2011-06-30,101.35926055908203,16.520000457763672,18.90999984741211,39.2635383605957,63.90728759765625,61.21794509887695,2.72,2.73,
2011-07-01,102.85694885253906,15.869999885559082,17.93000030517578,39.47212219238281,63.91080093383789,61.120033264160156,2.69,2.72,-0.543
2011-07-05,102.77247619628906,16.059999465942383,18.110000610351562,39.5240478515625,64.13802337646484,61.25712585449219,2.74,2.72,
2011-07-06,102.89537048339844,16.34000015258789,18.40999984741211,39.54135513305664,64.27201080322266,61.57050323486328,2.73,2.69,
2011-07-07,103.96295928955078,15.949999809265137,17.770000457763672,39.697181701660156,64.28949737548828,61.387733459472656,2.69,2.68,
2011-07-08,103.22563171386719,15.949999809265137,17.959999084472656,39.588966369628906,64.70307159423828,62.25590133666992,2.73,2.63,-0.531
2011-07-11,101.35926055908203,18.389999389648438,19.979999542236328,39.19948959350586,64.91867065429688,63.189422607421875,2.76,2.57,
2011-07-12,100.92147064208984,19.8700008392334,20.93000030517578,39.09128952026367,64.97105407714844,63.404808044433594,2.77,2.55,
2011-07-13,101.2594223022461,19.90999984741211,20.850000381469727,39.39423370361328,65.1341323852539,63.5810546875,2.76,2.55,
2011-07-14,100.56050109863281,20.799999237060547,21.59000015258789,39.37257385253906,64.73225402832031,62.67363357543945,2.76,2.6,
2011-07-15,101.14420318603516,19.530000686645508,20.940000534057617,39.35960006713867,64.87787628173828,62.77812576293945,2.8,2.57,-0.509
2011-07-18,100.31472778320312,20.950000762939453,21.84000015258789,39.290374755859375,64.62735748291016,62.17102813720703,2.84,2.57,
2011-07-19,101.94300842285156,19.209999084472656,20.5,39.46778869628906,64.94196319580078,63.463531494140625,2.78,2.52,
2011-07-20,101.88154602050781,19.09000015258789,20.3700008392334,39.50241470336914,64.79048156738281,62.7128791809082,2.8,2.56,
2011-07-21,103.2947769165039,17.559999465942383,19.200000762939453,39.69282913208008,64.69145202636719,62.22981643676758,2.77,2.63,
2011-07-22,103.3638916015625,17.520000457763672,19.200000762939453,39.7447624206543,64.95354461669922,62.69982147216797,2.75,2.59,-0.476
2011-07-25,102.7878646850586,19.350000381469727,20.260000228881836,39.5327033996582,64.64484405517578,62.01433563232422,2.77,2.61,
2011-07-26,102.40381622314453,20.229999542236328,20.889999389648438,39.61493682861328,64.93029022216797,62.438636779785156,2.76,2.58,
2011-07-27,100.30703735351562,22.979999542236328,22.690000534057617,39.30335235595703,64.73805236816406,62.4451904296875,2.73,2.57,
2011-07-28,100.01520538330078,23.739999771118164,22.950000762939453,39.363948822021484,64.87787628173828,62.68022537231445,2.73,2.56,
2011-07-29,99.33161163330078,25.25,22.90999984741211,39.402870178222656,65.46035766601562,63.92048263549805,2.77,2.46,-0.428
2011-08-01,98.90918731689453,23.65999984741211,22.3799991607666,39.490413665771484,65.6539535522461,64.56563568115234,2.77,2.39,
2011-08-02,96.38232421875,24.790000915527344,23.600000381469727,39.00276565551758,66.20360565185547,66.5042724609375,2.74,2.33,
2011-08-03,96.90463256835938,23.3799991607666,23.1200008392334,38.98097229003906,66.18020629882812,66.63523864746094,2.72,2.31,
2011-08-04,92.36544036865234,31.65999984741211,28.559999465942383,37.85765075683594,66.6596908569336,69.00621032714844,2.77,2.2,
2011-08-05,92.22718048095703,32.0,29.59000015258789,37.81845474243164,65.83514404296875,67.01515197753906,2.77,2.3,-0.367
2011-08-08,86.22105407714844,48.0,38.099998474121094,36.2075080871582,65.20956420898438,69.13065338134766,2.88,2.13,
2011-08-09,90.23023986816406,35.060001373291016,31.06999969482422,37.313419342041016,65.79425048828125,69.34027862548828,3.01,2.01,
2011-08-10,86.24410247802734,42.9900016784668,36.58000183105469,36.68207931518555,66.38488006591797,71.40337371826172,3.03,1.98,
2011-08-11,90.11507415771484,39.0,33.81999969482422,37.3482666015625,65.02242279052734,67.80113220214844,3.15,2.15,
2011-08-12,90.72181701660156,36.36000061035156,32.75,37.17407989501953,65.76502990722656,69.14380645751953,3.14,2.04,-0.299
2011-08-15,92.64193725585938,31.8700008392334,30.079999923706055,37.779293060302734,65.8878402709961,68.4429931640625,3.15,2.1,
2011-08-16,91.85084533691406,32.849998474121094,30.440000534057617,37.53983688354492,66.12754821777344,69.57601928710938,3.12,2.03,
2011-08-17,91.91228485107422,31.579999923706055,30.030000686645508,37.95343780517578,66.30888366699219,70.79427337646484,3.11,1.98,
2011-08-18,87.94917297363281,42.66999816894531,36.599998474121094,37.491939544677734,66.39651489257812,72.248291015625,3.12,1.88,
2011-08-19,86.51293182373047,43.04999923706055,37.900001525878906,37.165374755859375,66.31468963623047,72.83116912841797,3.12,1.87,-0.239
2011-08-22,86.58204650878906,42.439998626708984,38.2599983215332,37.208927154541016,66.06907653808594,72.64777374267578,3.13,1.88,
2011-08-23,89.4314956665039,36.27000045776367,34.790000915527344,37.48756790161133,65.31478881835938,71.64571380615234,3.19,1.93,
2011-08-24,90.69108581542969,35.900001525878906,34.79999923706055,37.31776809692383,64.54295349121094,69.60877990722656,3.21,2.06,
2011-08-25,89.30860137939453,39.7599983215332,36.61000061035156,37.017333984375,64.89967346191406,70.36197662353516,3.25,2.01,
2011-08-26,90.60661315917969,35.59000015258789,34.40999984741211,37.391780853271484,64.92891693115234,71.05622100830078,3.25,1.99,-0.184
2011-08-29,93.2103042602539,32.279998779296875,31.979999542236328,37.77057647705078,65.13938903808594,70.07381439208984,3.25,2.08,
2011-08-30,93.45602416992188,32.88999938964844,32.470001220703125,37.840248107910156,65.484375,71.20034790039062,3.22,1.99,
2011-08-31,93.87081146240234,31.6200008392334,31.670000076293945,38.32787322998047,65.68324279785156,70.10000610351562,3.25,2.03,
2011-09-01,92.88770294189453,31.81999969482422,31.989999771118164,38.30289840698242,65.73185729980469,71.58597564697266,3.23,1.96,
2011-09-02,90.51443481445312,33.91999816894531,33.790000915527344,38.12324905395508,66.13684844970703,73.91152954101562,3.18,1.82,-0.143
2011-09-06,89.85391235351562,37.0,35.380001068115234,37.67190170288086,66.524169921875,74.68016052246094,3.21,1.77,
2011-09-07,92.38849639892578,33.380001068115234,32.959999084472656,37.855960845947266,66.65333557128906,73.25458526611328,3.25,1.84,
2011-09-08,91.42842102050781,34.31999969482422,33.709999084472656,37.97425079345703,66.5946273803711,73.91152954101562,3.26,1.81,
2011-09-09,89.0321273803711,38.52000045776367,36.63999938964844,37.63246536254883,66.6650390625,74.69983673095703,3.28,1.76,-0.113
2011-09-12,89.60813903808594,38.59000015258789,37.060001373291016,37.308223724365234,66.2601318359375,74.77869415283203,3.29,1.73,
2011-09-13,90.42994689941406,36.90999984741211,36.060001373291016,37.5930290222168,66.24835968017578,73.71443939208984,3.32,1.79,
2011-09-14,91.68187713623047,34.599998474121094,34.959999084472656,37.84280776977539,66.21903991699219,74.33853149414062,3.3,1.84,
2011-09-15,93.2640380859375,31.969999313354492,33.52000045776367,38.09697723388672,65.99012756347656,73.20201873779297,3.31,1.88,
2011-09-16,93.8160400390625,30.979999542236328,32.95000076293945,38.075069427490234,65.99012756347656,73.73417663574219,3.31,1.9,-0.097
2011-09-19,92.88189697265625,32.72999954223633,33.810001373291016,38.0180778503418,66.35399627685547,75.1399917602539,3.31,1.81,
2011-09-20,92.77383422851562,32.86000061035156,33.619998931884766,38.079444885253906,66.38336944580078,75.45527648925781,3.35,1.77,
2011-09-21,90.04085540771484,37.31999969482422,36.189998626708984,37.75077438354492,66.53593444824219,77.9516830444336,3.26,1.67,
2011-09-22,87.13035583496094,41.349998474121094,39.150001525878906,37.23807907104492,66.6650390625,80.88160705566406,3.32,1.52,
2011-09-23,87.65531158447266,41.25,39.54999923706055,37.33888626098633,66.25418090820312,79.37723541259766,3.31,1.61,-0.09
2011-09-26,89.73979187011719,39.02000045776367,38.029998779296875,37.47908020019531,66.1309585571289,78.10273742675781,3.37,1.66,
2011-09-27,90.74339294433594,37.709999084472656,37.209999084472656,37.52290725708008,65.919677734375,76.90719604492188,3.39,1.75,
2011-09-28,88.89054107666016,41.08000183105469,39.52000045776367,37.102272033691406,65.65557861328125,76.88086700439453,3.35,1.76,
2011-09-29,89.59306335449219,38.84000015258789,38.18000030517578,37.03213119506836,65.58513641357422,77.41297912597656,3.3,1.72,
2011-09-30,87.3542251586914,42.959999084472656,41.2400016784668,36.29598617553711,65.91381072998047,79.35748291015625,3.3,1.67,-0.093
2011-10-03,84.86831665039062,45.45000076293945,43.380001068115234,35.85844039916992,66.03633880615234,81.54141998291016,3.31,1.56,
2011-10-04,86.72885131835938,40.81999969482422,40.45000076293945,35.7481689453125,65.45909118652344,80.50740814208984,3.33,1.56,
2011-10-05,88.33468627929688,37.810001373291016,38.310001373291016,36.18480682373047,65.73003387451172,79.9278793334961,3.36,1.67,
2011-10-06,89.93275451660156,36.27000045776367,37.040000915527344,36.744972229003906,65.4649658203125,78.45256042480469,3.34,1.72,
2011-10-07,89.3305892944336,36.20000076293945,37.310001373291016,36.77582931518555,65.4060287475586,77.87303924560547,3.32,1.8,-0.105
2011-10-10,92.31829833984375,33.02000045776367,34.790000915527344,37.5653190612793,65.52975463867188,76.77315521240234,,,
2011-10-11,92.41094970703125,32.86000061035156,34.060001373291016,37.15074920654297,65.70646667480469,76.51634216308594,3.32,1.86,
2011-10-12,93.22162628173828,31.260000228881836,32.970001220703125,38.015228271484375,65.80662536621094,75.4032974243164,3.33,1.95,
2011-10-13,93.03630065917969,30.700000762939453,32.709999084472656,37.856449127197266,65.86548614501953,76.15406799316406,3.29,1.9,
2011-10-14,94.62667083740234,28.239999771118164,30.389999389648438,38.12104415893555,65.82427215576172,75.047607421875,3.26,1.98,-0.126
2011-10-17,92.82012176513672,33.38999938964844,33.599998474121094,37.900543212890625,65.77717590332031,76.3450698852539,3.26,1.9,
2011-10-18,94.6343994140625,31.559999465942383,31.979999542236328,38.10344696044922,66.00688934326172,75.8708724975586,3.23,1.91,
2011-10-19,93.51493835449219,34.439998626708984,34.38999938964844,37.979949951171875,66.17769622802734,75.84452056884766,3.21,1.9,
2011-10-20,93.92415618896484,34.779998779296875,34.20000076293945,38.315162658691406,66.32500457763672,75.3044662475586,3.2,1.92,
2011-10-21,95.70748138427734,31.31999969482422,31.969999313354492,38.77824783325195,66.54298400878906,74.507568359375,3.18,1.93,-0.144
2011-10-24,96.8809814453125,29.260000228881836,30.469999313354492,39.8279914855957,66.88461303710938,74.63272857666016,3.16,1.95,
2011-10-25,94.99724578857422,32.220001220703125,32.36000061035156,39.12230682373047,67.21451568603516,76.52951049804688,3.14,1.88,
2011-10-26,95.96228790283203,29.860000610351562,30.940000534057617,39.28987121582031,67.1674575805664,75.1925277709961,3.1,1.95,
2011-10-27,99.30509948730469,25.459999084472656,27.030000686645508,39.8676872253418,67.15560913085938,72.64373016357422,3.04,2.11,
2011-10-28,99.28195190429688,24.530000686645508,26.520000457763672,39.74860382080078,67.41484832763672,73.40766906738281,2.99,2.06,-0.158
2011-10-31,96.8886947631836,29.959999084472656,30.3700008392334,39.378082275390625,67.56802368164062,76.31871795654297,3.02,1.92,
2011-11-01,94.1866226196289,34.77000045776367,34.02000045776367,38.67531204223633,67.9061050415039,78.87344360351562,3.03,1.78,
2011-11-02,95.72294616699219,32.7400016784668,32.880001068115234,39.0435791015625,68.1544189453125,77.88957214355469,3.03,1.8,
2011-11-03,97.46773529052734,30.5,31.6200008392334,39.42958450317383,68.18984985351562,76.81987762451172,3.04,1.85,
2011-11-04,96.87325286865234,30.15999984741211,31.229999542236328,39.3896484375,68.32584381103516,76.91229248046875,3.06,1.84,-0.161
2011-11-07,97.47542572021484,29.850000381469727,31.3799991607666,39.25654983520508,68.05387878417969,77.40094757080078,3.02,1.79,
2011-11-08,98.72608184814453,27.479999542236328,29.520000457763672,39.34529113769531,67.63418579101562,76.4105224609375,3.05,1.85,
2011-11-09,95.0821533203125,36.15999984741211,35.4900016784668,38.511199951171875,67.45681762695312,77.9952392578125,3.08,1.76,
2011-11-10,95.97770690917969,32.810001373291016,33.75,38.55111312866211,67.11986541748047,76.83309936523438,3.14,1.8,
2011-11-11,97.78422546386719,30.040000915527344,31.600000381469727,39.061336517333984,67.00163269042969,76.36430358886719,,,-0.155
2011-11-14,96.85779571533203,31.1299991607666,32.720001220703125,38.799564361572266,66.9957275390625,77.59244537353516,3.13,1.8,
2011-11-15,97.3364486694336,31.219999313354492,32.52000045776367,38.697509765625,66.93069458007812,77.4867935180664,3.14,1.8,
2011-11-16,95.79241943359375,33.5099983215332,34.38999938964844,38.32039260864258,66.71786499023438,78.193359375,3.17,1.75,
2011-11-17,94.27155303955078,34.5099983215332,35.31999969482422,38.134037017822266,66.1917724609375,78.82061004638672,3.16,1.69,
2011-11-18,94.1711654663086,32.0,34.20000076293945,38.10742950439453,66.29814910888672,78.80084228515625,3.14,1.72,-0.144
2011-11-21,92.3801040649414,32.90999984741211,34.779998779296875,37.67705535888672,66.02627563476562,79.26961517333984,3.15,1.7,
2011-11-22,92.01725006103516,31.969999313354492,34.2400016784668,37.38863754272461,65.8548355102539,80.15442657470703,3.17,1.68,
2011-11-23,89.98680877685547,33.97999954223633,35.869998931884766,36.71427536010742,65.51783752441406,80.94022369384766,3.15,1.63,
2011-11-25,89.81697082519531,34.470001220703125,36.45000076293945,36.71427536010742,65.25775909423828,79.7648696899414,3.18,1.69,-0.133
2011-11-28,92.4186782836914,32.130001068115234,33.939998626708984,37.53506851196289,65.28732299804688,79.7252197265625,3.19,1.71,
2011-11-29,92.68115234375,30.639999389648438,33.209999084472656,37.77906799316406,65.13951110839844,79.071533203125,3.22,1.73,
2011-11-30,96.49494934082031,27.799999237060547,30.579999923706055,38.422420501708984,65.43505096435547,77.83677673339844,3.24,1.83,
2011-12-01,96.47952270507812,27.40999984741211,30.030000686645508,38.59162139892578,65.58698272705078,77.44619750976562,3.3,1.84,
2011-12-02,96.39457702636719,27.520000457763672,29.850000381469727,38.81044387817383,66.14459991455078,78.53180694580078,3.24,1.8,-0.132
2011-12-05,97.44454193115234,27.84000015258789,29.899999618530273,39.02922821044922,66.63700103759766,78.37296295166016,3.25,1.77,
2011-12-06,97.47542572021484,28.1299991607666,30.15999984741211,39.20338439941406,66.28104400634766,77.62496948242188,3.26,1.83,
2011-12-07,97.8382797241211,28.670000076293945,30.6200008392334,39.078338623046875,66.69629669189453,77.9029312133789,3.26,1.78,
2011-12-08,95.6920394897461,30.59000015258789,32.09000015258789,38.823848724365234,66.47081756591797,78.8759765625,3.26,1.77,
2011-12-09,97.31331634521484,26.3799991607666,29.530000686645508,39.15873336791992,66.2158203125,77.25428009033203,3.28,1.85,-0.138
2011-12-12,95.89278411865234,25.670000076293945,30.170000076293945,38.94882583618164,66.22169494628906,78.11473846435547,3.27,1.79,
2011-12-13,94.99724578857422,25.40999984741211,30.170000076293945,38.801536560058594,66.44710540771484,78.84288787841797,3.29,1.72,
2011-12-14,93.98589324951172,26.040000915527344,30.420000076293945,38.73454284667969,66.55982971191406,80.33226013183594,3.24,1.67,
2011-12-15,94.32557678222656,25.110000610351562,29.459999084472656,38.87295913696289,66.6666259765625,80.03443145751953,3.27,1.66,
2011-12-16,94.46542358398438,24.290000915527344,29.030000686645508,39.0560302734375,67.04032897949219,80.96772003173828,3.26,1.62,-0.15
2011-12-19,93.45543670654297,24.920000076293945,28.739999771118164,39.00690460205078,67.27763366699219,81.9936752319336,3.26,1.58,
2011-12-20,96.28340148925781,23.219999313354492,26.8700008392334,39.49361038208008,67.23017883300781,79.94839477539062,3.27,1.68,
2011-12-21,96.46989440917969,21.43000030517578,25.559999465942383,39.605262756347656,66.94544219970703,78.8362808227539,3.3,1.7,
2011-12-22,97.324462890625,21.15999984741211,25.280000686645508,39.757041931152344,67.29545593261719,79.16720581054688,3.29,1.69,
2011-12-23,98.19462585449219,20.729999542236328,25.219999313354492,39.940086364746094,67.08780670166016,78.286865234375,3.32,1.75,-0.174
2011-12-27,98.27234649658203,21.90999984741211,25.540000915527344,40.099544525146484,67.34256744384766,78.65876007080078,3.3,1.72,
2011-12-28,96.9826431274414,23.520000457763672,26.75,39.91089630126953,67.46759796142578,80.113037109375,3.25,1.65,
2011-12-29,97.98486328125,22.649999618530273,26.25,40.14898681640625,67.43191528320312,80.25914764404297,3.28,1.63,
2011-12-30,97.503173828125,23.399999618530273,26.860000610351562,40.171443939208984,67.71759796142578,80.51812744140625,3.27,1.64,-0.206
2012-01-03,99.0569839477539,22.969999313354492,26.049999237060547,40.30170440673828,67.6640625,79.30952453613281,3.29,1.7,
2012-01-04,99.2123794555664,22.219999313354492,25.309999465942383,40.23432922363281,67.71759796142578,78.36656951904297,3.3,1.75,
2012-01-05,99.4765396118164,21.479999542236328,24.700000762939453,40.05915069580078,67.42594909667969,78.22711181640625,3.27,1.75,
2012-01-06,99.22015380859375,20.6299991607666,24.09000015258789,39.933349609375,67.6878433227539,78.8447265625,3.27,1.73,-0.245
2012-01-09,99.46097564697266,21.06999969482422,24.1200008392334,39.987266540527344,67.58666229248047,78.70523834228516,3.28,1.72,
2012-01-10,100.3233871459961,20.690000534057617,23.68000030517578,40.12652587890625,67.77714538574219,78.57243347167969,3.25,1.76,
2012-01-11,100.3777847290039,21.049999237060547,24.110000610351562,40.086097717285156,67.76522827148438,79.59508514404297,3.27,1.69,
2012-01-12,100.61861419677734,20.469999313354492,24.040000915527344,40.03219223022461,67.92002868652344,79.48219299316406,3.27,1.72,
2012-01-13,100.09805297851562,20.90999984741211,24.670000076293945,39.987266540527344,68.16405487060547,80.27244567871094,3.24,1.65,-0.289
2012-01-17,100.4865493774414,22.200000762939453,25.0,40.068138122558594,68.3724136352539,80.64430236816406,3.24,1.66,
2012-01-18,101.5975570678711,20.889999389648438,24.18000030517578,40.180416107177734,68.23548889160156,79.66815948486328,3.25,1.68,
2012-01-19,102.13360595703125,19.8700008392334,23.649999618530273,40.23883056640625,68.2176742553711,78.57243347167969,3.22,1.75,
2012-01-20,102.51427459716797,18.280000686645508,22.81999969482422,40.23883056640625,68.04499053955078,77.68256378173828,3.24,1.79,-0.333
2012-01-23,102.25015258789062,18.670000076293945,22.31999969482422,40.3780632019043,67.94380950927734,77.19115447998047,3.24,1.83,
2012-01-24,102.13360595703125,18.90999984741211,22.030000686645508,40.48139190673828,68.18783569335938,77.33063507080078,3.25,1.84,
2012-01-25,102.98820495605469,18.309999465942383,21.360000610351562,40.836246490478516,68.42003631591797,77.14464569091797,3.31,1.79,
2012-01-26,102.45992279052734,18.56999969482422,21.68000030517578,40.93507766723633,68.95577239990234,78.16732788085938,3.28,1.74,
2012-01-27,102.41332244873047,18.530000686645508,21.399999618530273,40.786827087402344,69.05696105957031,78.41310119628906,3.28,1.71,-0.373
2012-01-30,102.0636978149414,19.399999618530273,21.920000076293945,40.65658187866211,68.96765899658203,79.33614349365234,3.25,1.65,
2012-01-31,102.02486419677734,19.440000534057617,22.09000015258789,40.75990295410156,69.17011260986328,80.2525405883789,3.24,1.61,
2012-02-01,102.91828918457031,18.549999237060547,21.540000915527344,40.8353157043457,69.44541931152344,79.33322143554688,3.25,1.64,
2012-02-02,103.08142852783203,17.979999542236328,21.010000228881836,40.86241149902344,69.58879089355469,79.29998016357422,3.25,1.63,
2012-02-03,104.52653503417969,17.100000381469727,20.049999237060547,40.979888916015625,69.48721313476562,77.59587097167969,3.26,1.74,-0.404
2012-02-06,104.45657348632812,17.760000228881836,20.389999389648438,40.988922119140625,69.66636657714844,78.36804962158203,3.22,1.69,
2012-02-07,104.72073364257812,17.649999618530273,20.139999389648438,41.07021713256836,69.53500366210938,77.39613342285156,3.19,1.75,
2012-02-08,105.0315170288086,18.15999984741211,20.68000030517578,41.10637283325195,69.60665893554688,77.45603942871094,3.17,1.74,
2012-02-09,105.16358184814453,18.6299991607666,21.34000015258789,41.124412536621094,69.38567352294922,76.8769302368164,3.18,1.77,
2012-02-10,104.38665771484375,20.790000915527344,23.280000686645508,40.767555236816406,69.32002258300781,77.87542724609375,3.17,1.69,-0.427
2012-02-13,105.16358184814453,19.040000915527344,22.1200008392334,40.88502883911133,69.55889892578125,77.97532653808594,3.19,1.7,
2012-02-14,105.0315170288086,19.540000915527344,22.81999969482422,40.88502883911133,69.61261749267578,78.38799285888672,3.18,1.63,
2012-02-15,104.54207611083984,21.139999389648438,24.1200008392334,40.75400924682617,69.51708984375,78.24822235107422,3.19,1.64,
2012-02-16,105.69964599609375,19.219999313354492,23.170000076293945,40.9256477355957,69.39765167236328,77.62251281738281,3.17,1.7,
2012-02-17,105.97933959960938,17.780000686645508,22.389999389648438,40.912105560302734,69.29010772705078,77.60252380371094,3.17,1.72,-0.443
2012-02-21,106.02594757080078,18.190000534057617,22.350000381469727,41.065696716308594,69.17662811279297,76.74382781982422,3.15,1.74,
2012-02-22,105.68412017822266,18.190000534057617,22.09000015258789,41.19667434692383,69.60665893554688,77.70904541015625,3.15,1.72,
2012-02-23,106.15028381347656,16.799999237060547,20.780000686645508,41.345787048339844,69.70223999023438,77.70904541015625,3.14,1.68,
2012-02-24,106.38331604003906,17.309999465942383,21.18000030517578,41.472251892089844,69.7560043334961,78.21490478515625,3.12,1.67,-0.455
2012-02-27,106.56202697753906,18.190000534057617,21.8700008392334,41.481300354003906,70.01280212402344,78.9072265625,3.12,1.62,
2012-02-28,106.87281036376953,17.959999084472656,21.600000381469727,41.56260681152344,70.23377990722656,78.64761352539062,3.12,1.64,
2012-02-29,106.45327758789062,18.43000030517578,21.799999237060547,41.6168098449707,70.29950714111328,78.16836547851562,3.1,1.68,
2012-03-01,107.00486755371094,17.260000228881836,21.030000686645508,41.68811798095703,70.13349151611328,77.43242645263672,3.1,1.73,
2012-03-02,106.67857360839844,17.290000915527344,21.260000228881836,41.51548385620117,70.15746307373047,78.15963745117188,3.09,1.71,-0.465
2012-03-05,106.2435302734375,18.049999237060547,21.989999771118164,41.283729553222656,70.03160095214844,77.5392074584961,3.11,1.69,
2012-03-06,104.68962097167969,20.8700008392334,23.899999618530273,40.73397445678711,69.92373657226562,78.47994232177734,3.1,1.66,
2012-03-07,105.41996765136719,19.06999969482422,22.719999313354492,40.84756088256836,69.89376831054688,77.99954223632812,3.11,1.68,
2012-03-08,106.46879577636719,17.950000762939453,21.84000015258789,41.165611267089844,69.90573120117188,77.21891784667969,3.11,1.71,
2012-03-09,106.88056945800781,17.110000610351562,21.219999313354492,41.211036682128906,69.86978912353516,77.37238311767578,3.11,1.71,-0.473
2012-03-12,106.88835144042969,15.640000343322754,20.809999465942383,41.211036682128906,69.73191833496094,77.35900115966797,3.09,1.71,
2012-03-13,108.81507110595703,14.800000190734863,19.600000381469727,41.51093292236328,69.54015350341797,75.99805450439453,3.08,1.79,
2012-03-14,108.69855499267578,15.3100004196167,20.75,41.40642547607422,68.71310424804688,74.08324432373047,3.07,1.89,
2012-03-15,109.3278579711914,15.420000076293945,20.540000915527344,41.26556396484375,68.5632553100586,74.19664001464844,3.07,1.92,
2012-03-16,109.47928619384766,14.470000267028809,20.3700008392334,41.11561584472656,68.66515350341797,74.34344482421875,3.04,1.94,-0.48
2012-03-19,109.90840911865234,15.039999961853027,19.940000534057617,41.27009582519531,68.56922912597656,73.4560775756836,3.03,2.0,
2012-03-20,109.58849334716797,15.579999923706055,19.959999084472656,41.238338470458984,68.52729797363281,73.7496109008789,3.02,1.97,
2012-03-21,109.40906524658203,15.130000114440918,19.25,41.10655975341797,68.8389663696289,74.58357238769531,3.0,1.92,
2012-03-22,108.62088012695312,15.569999694824219,19.549999237060547,41.20650863647461,68.7250747680664,74.82376861572266,3.01,1.92,
2012-03-23,108.97203063964844,14.819999694824219,18.639999389648438,41.12017822265625,68.77903747558594,75.53101348876953,3.01,1.88,-0.483
2012-03-26,110.50145721435547,14.260000228881836,17.43000030517578,41.37009048461914,68.92884826660156,75.14403533935547,3.01,1.9,
2012-03-27,110.15811920166016,15.59000015258789,18.56999969482422,41.442779541015625,69.46228790283203,75.68444061279297,3.04,1.87,
2012-03-28,109.61190795898438,15.470000267028809,18.790000915527344,41.306461334228516,69.3303451538086,75.57771301269531,3.03,1.87,
2012-03-29,109.42460632324219,15.479999542236328,18.84000015258789,41.30194854736328,69.4682388305664,76.14478302001953,3.03,1.85,
2012-03-30,109.87718200683594,15.5,18.610000610351562,41.220149993896484,69.30040740966797,74.85713195800781,3.07,1.9,-0.482
2012-04-02,110.68093872070312,15.640000343322754,18.459999084472656,41.290985107421875,69.47900390625,75.27185821533203,3.08,1.89,
2012-04-03,110.22833251953125,15.65999984741211,18.809999465942383,41.25442123413086,68.81755065917969,73.96753692626953,3.06,1.94,
2012-04-04,109.13587951660156,16.440000534057617,19.450000762939453,41.10358810424805,68.94978332519531,74.98424530029297,3.08,1.9,
2012-04-05,109.08126831054688,16.700000762939453,19.81999969482422,41.00302505493164,69.06407928466797,75.52603149414062,3.09,1.84,
2012-04-09,107.85621643066406,18.809999465942383,21.209999084472656,40.792728424072266,69.51512145996094,77.29197692871094,3.11,1.74,
2012-04-10,106.0457992553711,20.389999389648438,22.6200008392334,40.591609954833984,69.47301483154297,78.16822052001953,3.14,1.73,
2012-04-11,106.90414428710938,20.020000457763672,22.469999313354492,40.83845138549805,69.40084075927734,77.2317886352539,3.16,1.75,
2012-04-12,108.30093383789062,17.200000762939453,20.25,41.2041130065918,69.43094635009766,76.91069793701172,3.15,1.79,
2012-04-13,107.0134506225586,19.549999237060547,21.989999771118164,41.07158279418945,69.76167297363281,78.15484619140625,3.15,1.75,-0.463
2012-04-16,106.94319152832031,19.549999237060547,22.040000915527344,41.135581970214844,69.76167297363281,78.04117584228516,3.14,1.73,
2012-04-17,108.52728271484375,18.459999084472656,20.850000381469727,41.313838958740234,69.8519058227539,77.99432373046875,3.14,1.76,
2012-04-18,108.16051483154297,18.639999389648438,21.1200008392334,41.30012893676758,69.8398666381836,78.22174072265625,3.15,1.73,
2012-04-19,107.46601104736328,18.360000610351562,21.229999542236328,41.2224006652832,69.8879623413086,78.29528045654297,3.15,1.71,
2012-04-20,107.64545440673828,17.440000534057617,20.479999542236328,41.28642272949219,69.86990356445312,78.30867004394531,3.17,1.7,-0.449
2012-04-23,106.74031829833984,18.969999313354492,21.389999389648438,41.19957733154297,69.8819808959961,78.8773193359375,3.16,1.69,
2012-04-24,107.14608764648438,18.100000381469727,20.510000228881836,41.29557418823242,69.75567626953125,78.32206726074219,3.15,1.73,
2012-04-25,108.61309814453125,16.81999969482422,19.459999084472656,41.59725570678711,69.87599182128906,77.92074584960938,3.17,1.75,
2012-04-26,109.36997985839844,16.239999771118164,18.549999237060547,41.62467575073242,69.990234375,78.38893127441406,3.19,1.72,
2012-04-27,109.54947662353516,16.31999969482422,18.739999771118164,41.60639953613281,70.09248352050781,78.45585632324219,3.19,1.7,-0.428
2012-04-30,109.14373016357422,17.149999618530273,19.31999969482422,41.68865203857422,70.05033874511719,78.47589874267578,3.2,1.68,
2012-05-01,109.82261657714844,16.600000381469727,19.1299991607666,41.72038269042969,69.91702270507812,78.06893157958984,3.22,1.71,
2012-05-02,109.4948501586914,16.8799991607666,19.010000228881836,41.88127136230469,70.1463623046875,78.6187515258789,3.19,1.69,
2012-05-03,108.65995788574219,17.559999465942383,19.5,41.85369110107422,70.18856811523438,78.59861755371094,3.18,1.68,
2012-05-04,106.90414428710938,19.15999984741211,20.719999313354492,41.77091979980469,70.2669906616211,79.21546936035156,3.19,1.64,-0.403
2012-05-07,106.98222351074219,18.940000534057617,20.450000762939453,41.83990478515625,70.38764953613281,79.22891235351562,3.18,1.65,
2012-05-08,106.55303192138672,19.049999237060547,20.809999465942383,41.830718994140625,70.56263732910156,79.6513671875,3.19,1.61,
2012-05-09,105.92098236083984,20.079999923706055,21.530000686645508,41.683624267578125,70.4419937133789,79.70498657226562,3.22,1.6,
2012-05-10,106.13945770263672,18.829999923706055,20.8700008392334,41.63764190673828,70.29715728759766,79.47029113769531,3.21,1.62,
2012-05-11,105.81954956054688,19.889999389648438,21.549999237060547,41.743385314941406,70.50833892822266,80.1274185180664,3.22,1.57,-0.372
2012-05-14,104.64906311035156,21.8700008392334,22.969999313354492,41.43537521362305,70.52645111083984,81.24720764160156,3.22,1.49,
2012-05-15,104.0482177734375,21.969999313354492,23.920000076293945,41.233150482177734,70.43596649169922,81.5757064819336,3.24,1.47,
2012-05-16,103.6502456665039,22.270000457763672,24.920000076293945,40.82861328125,70.47216033935547,81.8104248046875,3.25,1.46,
2012-05-17,102.11300659179688,24.489999771118164,26.40999984741211,40.263206481933594,69.9471435546875,83.25875854492188,3.23,1.38,
2012-05-18,101.23905181884766,25.100000381469727,27.65999984741211,40.263206481933594,69.6756591796875,83.27891540527344,3.27,1.39,-0.34
2012-05-21,102.97915649414062,22.010000228881836,24.709999084472656,40.68153762817383,69.7540512084961,83.10452270507812,3.25,1.45,
2012-05-22,103.15863037109375,22.479999542236328,25.229999542236328,40.67692947387695,69.5670166015625,82.17915344238281,3.34,1.49,
2012-05-23,103.21327209472656,22.329999923706055,25.110000610351562,40.635555267333984,69.73601531982422,82.7491683959961,3.33,1.45,
2012-05-24,103.4161148071289,21.540000915527344,24.780000686645508,40.64472198486328,69.74803924560547,82.43399810791016,3.36,1.48,
2012-05-25,103.08060455322266,21.760000228881836,24.93000030517578,40.51602554321289,69.92303466796875,82.74244689941406,3.37,1.45,-0.314
2012-05-29,104.3291244506836,21.030000686645508,23.889999389648438,40.96192169189453,70.02564239501953,82.48764038085938,3.38,1.44,
2012-05-30,102.81529235839844,24.139999389648438,26.190000534057617,40.77806091308594,70.08594512939453,84.57969665527344,3.4,1.36,
2012-05-31,102.5890121459961,24.059999465942383,26.219999313354492,40.34596252441406,70.58074951171875,85.5586166381836,3.4,1.32,
2012-06-01,100.0061264038086,26.65999984741211,28.469999313354492,39.995361328125,71.01425170898438,87.58975982666016,3.41,1.22,-0.294
2012-06-04,99.95931243896484,26.1200008392334,28.1200008392334,40.0277099609375,70.47538757324219,86.89778900146484,3.4,1.28,
2012-06-05,100.71623992919922,24.68000030517578,26.8700008392334,40.28212356567383,70.32405853271484,85.73535919189453,3.4,1.32,
2012-06-06,102.97915649414062,22.15999984741211,24.709999084472656,40.71227264404297,70.11822509765625,84.02198791503906,3.41,1.4,
2012-06-07,103.0416030883789,21.719999313354492,24.469999313354492,40.86493682861328,70.26349639892578,84.14962005615234,3.43,1.39,
2012-06-08,103.86092376708984,21.229999542236328,23.639999389648438,41.02216339111328,70.52387237548828,84.1295394897461,3.44,1.37,-0.287
2012-06-11,102.54218292236328,23.559999465942383,25.5,40.7539176940918,70.51173400878906,84.5124740600586,3.46,1.33,
2012-06-12,103.720458984375,22.09000015258789,24.940000534057617,41.040672302246094,70.3059310913086,83.73980712890625,3.43,1.37,
2012-06-13,103.05718994140625,24.270000457763672,26.5,40.9204216003418,70.5602035522461,84.56623840332031,3.43,1.31,
2012-06-14,104.1496353149414,21.68000030517578,25.0,41.22566604614258,70.47538757324219,84.458740234375,3.4,1.34,
2012-06-15,105.2148208618164,21.110000610351562,23.670000076293945,41.2996940612793,70.7660140991211,84.92909240722656,3.42,1.31,-0.291
2012-06-18,105.41874694824219,18.31999969482422,22.1299991607666,41.31356430053711,70.73575592041016,85.38597869873047,3.42,1.3,
2012-06-19,106.43843078613281,18.3799991607666,21.920000076293945,41.60497283935547,70.6691665649414,84.2706069946289,3.41,1.34,
2012-06-20,106.26586151123047,17.239999771118164,20.84000015258789,41.7668571472168,70.69944763183594,84.68720245361328,3.38,1.33,
2012-06-21,103.88138580322266,20.079999923706055,23.15999984741211,41.4245719909668,70.80842590332031,85.13732147216797,3.35,1.31,
2012-06-22,104.68144989013672,18.110000610351562,21.510000228881836,41.70671844482422,70.75394439697266,84.0018310546875,3.36,1.38,-0.305
2012-06-25,103.0029067993164,20.3799991607666,23.030000686645508,41.641998291015625,70.935546875,85.22468566894531,3.36,1.32,
2012-06-26,103.52061462402344,19.719999313354492,22.469999313354492,41.58182907104492,71.00824737548828,84.88876342773438,3.34,1.35,
2012-06-27,104.4539566040039,19.450000762939453,22.360000610351562,41.83163833618164,71.10508728027344,85.02311706542969,3.35,1.34,
2012-06-28,104.15593719482422,19.709999084472656,22.25,41.82698059082031,71.214111328125,85.23138427734375,3.37,1.29,
2012-06-29,106.7521743774414,17.079999923706055,20.31999969482422,42.22475051879883,71.19587707519531,84.12276458740234,3.39,1.34,-0.324
2012-07-02,107.07373046875,16.799999237060547,19.790000915527344,42.27033996582031,71.57374572753906,84.99073028564453,3.4,1.31,
2012-07-03,107.77971649169922,16.65999984741211,19.31999969482422,42.423851013183594,71.63452911376953,84.3375473022461,3.41,1.35,
2012-07-05,107.29336547851562,17.5,20.110000610351562,42.42850112915039,71.81676483154297,84.7685317993164,3.43,1.34,
2012-07-06,106.27369689941406,17.100000381469727,20.040000915527344,42.372684478759766,71.99901580810547,85.55635833740234,3.41,1.3,-0.346
2012-07-09,106.14036560058594,17.979999542236328,20.3700008392334,42.38664627075195,72.04761505126953,86.3105239868164,3.41,1.26,
2012-07-10,105.2148208618164,18.719999313354492,20.8700008392334,42.200584411621094,72.02934265136719,86.485595703125,3.39,1.26,
2012-07-11,105.23046875,17.950000762939453,20.25,42.335479736328125,72.15083312988281,86.59332275390625,3.36,1.27,
2012-07-12,104.72064971923828,18.329999923706055,20.690000534057617,42.24244689941406,72.5153579711914,87.20606994628906,3.37,1.25,
2012-07-13,106.47762298583984,16.739999771118164,19.389999389648438,42.372684478759766,72.53966522216797,86.97714233398438,3.37,1.27,-0.369
2012-07-16,106.22665405273438,17.110000610351562,19.610000610351562,42.209903717041016,72.7401123046875,87.38117980957031,3.35,1.26,
2012-07-17,106.95612335205078,16.479999542236328,18.920000076293945,42.40990447998047,72.7401123046875,86.6943130493164,3.35,1.28,
2012-07-18,107.7482681274414,16.15999984741211,18.940000534057617,42.586708068847656,73.14107513427734,86.7414321899414,3.33,1.3,
2012-07-19,108.03070068359375,15.449999809265137,18.610000610351562,42.69367218017578,73.26861572265625,86.51924896240234,3.34,1.32,
2012-07-20,107.04239654541016,16.270000457763672,19.639999389648438,42.49363708496094,73.3233413696289,87.576416015625,3.31,1.27,-0.393
2012-07-23,105.95996856689453,18.6200008392334,21.18000030517578,42.423851013183594,73.08638000488281,88.0679702758789,3.31,1.25,
2012-07-24,105.05007934570312,20.469999313354492,22.260000228881836,42.16338348388672,73.20184326171875,88.76150512695312,3.29,1.22,
2012-07-25,105.07364654541016,19.34000015258789,21.8799991607666,42.07498550415039,73.34152221679688,88.99047088623047,3.3,1.21,
2012-07-26,106.80704498291016,17.530000686645508,20.239999771118164,42.50760269165039,73.45693969726562,88.17568969726562,3.3,1.22,
2012-07-27,108.77583312988281,16.700000762939453,19.65999984741211,42.758785247802734,73.1107177734375,86.51251983642578,3.29,1.33,-0.414
2012-07-30,108.77583312988281,18.030000686645508,20.1299991607666,42.758785247802734,73.29905700683594,87.1589584350586,3.26,1.3,
2012-07-31,108.01499938964844,18.93000030517578,20.780000686645508,42.65644836425781,73.6756820678711,87.33399200439453,3.27,1.28,
2012-08-01,107.9208755493164,18.959999084472656,20.670000076293945,42.88800811767578,73.59337615966797,86.89741516113281,3.26,1.32,
2012-08-02,107.1757583618164,17.56999969482422,20.229999542236328,42.71493911743164,73.64213562011719,87.3899917602539,3.24,1.27,
2012-08-03,109.30136108398438,15.640000343322754,18.68000030517578,42.892635345458984,73.46542358398438,85.97966766357422,3.26,1.36,-0.434
2012-08-06,109.51313781738281,15.949999809265137,18.739999771118164,42.8646125793457,73.56292724609375,86.013427734375,3.24,1.35,
2012-08-07,110.06219482421875,15.989999771118164,18.809999465942383,42.7803955078125,73.1789779663086,84.90680694580078,3.24,1.39,
2012-08-08,110.19554901123047,15.319999694824219,18.579999923706055,42.8084716796875,72.97175598144531,84.45475006103516,3.23,1.39,
2012-08-09,110.28962707519531,15.279999732971191,18.229999542236328,42.813175201416016,72.92302703857422,84.39402770996094,3.23,1.4,
2012-08-10,110.47006225585938,14.739999771118164,18.139999389648438,42.775733947753906,73.13021850585938,84.81913757324219,3.23,1.38,-0.452
2012-08-13,110.41516876220703,13.699999809265137,18.06999969482422,42.79909896850586,72.97787475585938,84.677490234375,3.24,1.38,
2012-08-14,110.4308090209961,14.850000381469727,18.510000228881836,42.8646125793457,72.64878845214844,83.53030395507812,3.25,1.46,
2012-08-15,110.55632781982422,14.630000114440918,18.860000610351562,42.658782958984375,72.3074951171875,82.3561782836914,3.27,1.53,
2012-08-16,111.37211608886719,14.289999961853027,18.549999237060547,42.81782531738281,72.09420776367188,81.6544418334961,3.26,1.54,
2012-08-17,111.52110290527344,13.449999809265137,18.350000381469727,42.81782531738281,72.19171142578125,82.05255889892578,3.25,1.52,-0.47
2012-08-20,111.52896881103516,14.020000457763672,18.59000015258789,42.86927032470703,72.39288330078125,82.22124481201172,3.23,1.53,
2012-08-21,111.19166564941406,15.020000457763672,18.799999237060547,42.96281814575195,72.51473236083984,82.58563232421875,3.23,1.49,
2012-08-22,111.2387466430664,15.109999656677246,19.420000076293945,42.920738220214844,72.92913055419922,83.94865417480469,3.22,1.45,
2012-08-23,110.32886505126953,15.960000038146973,20.09000015258789,42.911399841308594,72.98397064208984,84.299560546875,3.2,1.42,
2012-08-24,110.99556732177734,15.180000305175781,19.239999771118164,43.10315704345703,73.06317138671875,84.21858215332031,3.21,1.4,-0.487
2012-08-27,111.01910400390625,16.350000381469727,19.920000076293945,43.070411682128906,73.15464782714844,84.71114349365234,3.19,1.37,
2012-08-28,110.90933227539062,16.489999771118164,19.81999969482422,43.03297805786133,73.2582015991211,84.91358947753906,3.19,1.37,
2012-08-29,110.99556732177734,17.059999465942383,20.459999084472656,43.093780517578125,73.1058349609375,84.5424575805664,3.19,1.39,
2012-08-30,110.19554901123047,17.829999923706055,20.920000076293945,43.07508850097656,73.13021850585938,84.98107147216797,3.2,1.36,
2012-08-31,110.72107696533203,17.469999313354492,20.6200008392334,43.18734359741211,73.63603210449219,86.18214416503906,3.21,1.35,-0.503
2012-09-04,110.61912536621094,17.979999542236328,20.68000030517578,43.18641662597656,73.46183013916016,86.09561920166016,3.18,1.36,
2012-09-05,110.52497100830078,17.739999771118164,19.989999771118164,43.19110870361328,73.49238586425781,85.68987274169922,3.18,1.35,
2012-09-06,112.76828002929688,15.600000381469727,18.6200008392334,43.4450798034668,73.1683349609375,84.2630844116211,3.19,1.41,
2012-09-07,113.20748901367188,14.380000114440918,17.59000015258789,43.52035140991211,73.32119750976562,83.87088012695312,3.2,1.42,-0.52
2012-09-10,112.5643081665039,16.280000686645508,18.299999237060547,43.44977569580078,73.31505584716797,84.07374572753906,3.2,1.43,
2012-09-11,112.87805938720703,16.40999984741211,18.290000915527344,43.74610900878906,73.37623596191406,83.54631042480469,3.18,1.45,
2012-09-12,113.2545394897461,15.800000190734863,17.600000381469727,43.877811431884766,73.22944641113281,82.50491333007812,3.18,1.52,
2012-09-13,114.98018646240234,14.050000190734863,16.450000762939453,44.15998077392578,73.62078094482422,82.1803207397461,3.21,1.51,
2012-09-14,115.4900131225586,14.510000228881836,16.899999618530273,44.155296325683594,73.18058776855469,79.99615478515625,3.15,1.61,-0.538
2012-09-17,115.09784698486328,14.59000015258789,17.1299991607666,44.1176643371582,73.43123626708984,80.95641326904297,3.12,1.6,
2012-09-18,115.00370025634766,14.180000305175781,16.6299991607666,44.136478424072266,73.65743255615234,81.36211395263672,3.09,1.57,
2012-09-19,115.06640625,13.880000114440918,16.489999771118164,44.08006286621094,73.77971649169922,81.89634704589844,3.07,1.52,
2012-09-20,115.07428741455078,14.069999694824219,16.75,43.87307357788086,73.71858215332031,82.09920501708984,3.04,1.53,
2012-09-21,115.02620697021484,13.979999542236328,16.790000915527344,43.81193542480469,73.85304260253906,82.1938705444336,3.06,1.5,-0.553
2012-09-24,114.85272979736328,14.149999618530273,16.59000015258789,43.7555046081543,73.96318817138672,82.83625030517578,3.02,1.47,
2012-09-25,113.63044738769531,15.430000305175781,17.600000381469727,43.36511993408203,74.10986328125,83.65448760986328,3.03,1.43,
2012-09-26,112.99169158935547,16.809999465942383,18.5,43.1488037109375,74.31771850585938,84.55387115478516,3.03,1.38,
2012-09-27,114.0562744140625,14.84000015258789,17.06999969482422,43.619110107421875,74.28103637695312,83.95199584960938,3.05,1.41,
2012-09-28,113.52791595458984,15.729999542236328,17.610000610351562,43.41215896606445,74.44612884521484,83.99931335449219,3.07,1.42,-0.565
2012-10-01,113.82759857177734,16.31999969482422,17.920000076293945,43.33888244628906,74.64482879638672,84.31110382080078,3.06,1.39,
2012-10-02,113.94586181640625,15.710000038146973,17.739999771118164,43.4476203918457,74.66934967041016,84.19589233398438,3.04,1.41,
2012-10-03,114.4111099243164,15.430000305175781,17.579999923706055,43.55636978149414,74.71839904785156,84.22298431396484,3.03,1.41,
2012-10-04,115.2312240600586,14.550000190734863,17.059999465942383,43.740779876708984,74.65707397460938,83.1725845336914,2.99,1.47,
2012-10-05,115.23906707763672,14.329999923706055,16.93000030517578,43.71714401245117,74.5405502319336,82.09520721435547,2.98,1.48,-0.575
2012-10-08,114.8448257446289,15.109999656677246,17.360000610351562,43.65565872192383,74.7368392944336,82.78638458251953,,,
2012-10-09,113.70930480957031,16.3700008392334,18.010000228881836,43.53274154663086,74.8165512084961,82.6373291015625,2.93,1.49,
2012-10-10,112.98384094238281,16.290000915527344,18.1299991607666,43.42870330810547,74.95146179199219,83.22010040283203,2.9,1.45,
2012-10-11,113.0468978881836,15.59000015258789,17.56999969482422,43.66511154174805,75.19677734375,83.79606628417969,2.87,1.42,
2012-10-12,112.67627716064453,16.139999389648438,17.739999771118164,43.740779876708984,75.28263092041016,84.006103515625,2.85,1.42,-0.582
2012-10-15,113.61468505859375,15.270000457763672,17.110000610351562,43.93935012817383,75.51569366455078,83.81643676757812,2.83,1.43,
2012-10-16,114.76596069335938,15.220000267028809,16.969999313354492,44.10009765625,75.46662139892578,82.65763854980469,2.8,1.48,
2012-10-17,115.28640747070312,15.069999694824219,16.610000610351562,44.19944381713867,75.31951904296875,81.8919448852539,2.77,1.53,
2012-10-18,114.98674774169922,15.029999732971191,16.579999923706055,44.17578887939453,75.17839813232422,81.39046478271484,2.72,1.57,
2012-10-19,113.0705795288086,17.059999465942383,18.1200008392334,43.953548431396484,75.31330108642578,82.49501037597656,2.71,1.49,-0.585
2012-10-22,113.08634948730469,16.6200008392334,17.8700008392334,43.963016510009766,75.13546752929688,81.96643829345703,2.68,1.51,
2012-10-23,111.51715850830078,18.829999923706055,19.450000762939453,43.79751205444336,75.26422119140625,83.13874053955078,2.73,1.5,
2012-10-24,111.20173645019531,18.329999923706055,19.270000457763672,43.75968933105469,75.06184387207031,82.31881713867188,2.74,1.51,
2012-10-25,111.5250015258789,18.1200008392334,19.110000610351562,43.83060836791992,74.84716796875,81.89868927001953,2.73,1.55,
2012-10-26,111.46190643310547,17.809999465942383,19.020000457763672,43.72659683227539,75.2151870727539,83.1048583984375,2.76,1.48,-0.584
2012-10-31,111.46190643310547,18.600000381469727,19.309999465942383,43.778602600097656,75.4482650756836,83.5927505493164,2.73,1.42,
2012-11-01,112.62897491455078,16.690000534057617,17.729999542236328,43.75497055053711,75.11705780029297,82.90833282470703,2.75,1.45,
2012-11-02,111.62752532958984,17.59000015258789,18.549999237060547,43.69350814819336,74.96987915039062,82.84735870361328,2.77,1.47,-0.582
2012-11-05,111.85623168945312,18.420000076293945,18.969999313354492,43.622596740722656,75.00662994384766,83.31493377685547,2.74,1.44,
2012-11-06,112.73148345947266,17.579999923706055,18.239999771118164,43.68873596191406,74.64482879638672,82.52886962890625,2.74,1.48,
2012-11-07,110.17658233642578,19.079999923706055,19.809999465942383,43.42870330810547,74.79814147949219,84.0264663696289,2.78,1.41,
2012-11-08,108.8517837524414,18.489999771118164,19.829999923706055,43.28688049316406,74.72457122802734,85.2733383178711,2.8,1.35,
2012-11-09,108.94644927978516,18.610000610351562,20.06999969482422,43.21120834350586,74.5405502319336,85.36815643310547,2.82,1.34,-0.579
2012-11-12,109.0332260131836,16.68000030517578,19.149999618530273,43.22539520263672,74.55280303955078,85.51046752929688,,,
2012-11-13,108.6546859741211,16.649999618530273,18.969999313354492,43.12612533569336,74.5834732055664,85.7950668334961,2.85,1.32,
2012-11-14,107.18798828125,17.920000076293945,19.8700008392334,42.88967514038086,74.7368392944336,85.87637329101562,2.87,1.34,
2012-11-15,107.0066146850586,17.989999771118164,19.790000915527344,42.87076187133789,74.589599609375,85.7070083618164,2.9,1.34,
2012-11-16,107.53496551513672,16.40999984741211,18.93000030517578,42.99372100830078,74.61410522460938,85.63245391845703,2.9,1.34,-0.578
2012-11-19,109.71138000488281,15.239999771118164,17.59000015258789,43.53746032714844,74.84716796875,85.15132904052734,2.91,1.36,
2012-11-20,109.7586898803711,15.079999923706055,17.280000686645508,43.542198181152344,74.61410522460938,84.29753112792969,2.9,1.39,
2012-11-21,109.96368408203125,15.3100004196167,17.579999923706055,43.52802658081055,74.66934967041016,84.25007629394531,2.89,1.42,
2012-11-23,111.46190643310547,15.140000343322754,17.579999923706055,43.67457580566406,74.70000457763672,84.16873931884766,2.89,1.41,-0.581
2012-11-26,111.22537231445312,15.5,17.309999465942383,43.68404769897461,74.82268524169922,84.56857299804688,2.9,1.39,
2012-11-27,110.65762329101562,15.920000076293945,17.6200008392334,43.72659683227539,74.86558532714844,84.90060424804688,2.91,1.37,
2012-11-28,111.5487060546875,15.510000228881836,17.200000762939453,43.736061096191406,74.85336303710938,84.77862548828125,2.91,1.36,
2012-11-29,112.06912994384766,15.0600004196167,16.81999969482422,43.9299201965332,74.90853881835938,84.79219818115234,2.95,1.37,
2012-11-30,112.09281921386719,15.869999885559082,17.270000457763672,43.996089935302734,74.90245056152344,84.56180572509766,2.95,1.37,-0.585
2012-12-03,111.5407943725586,16.639999389648438,17.81999969482422,44.21902847290039,74.9854507446289,84.63988494873047,2.95,1.38,
2012-12-04,111.38311004638672,17.1200008392334,18.190000534057617,44.21902847290039,75.05314636230469,85.12870025634766,2.94,1.37,
2012-12-05,111.5802230834961,16.459999084472656,17.829999923706055,44.29031753540039,75.2069091796875,85.08802032470703,2.97,1.35,
2012-12-06,111.95868682861328,16.579999923706055,17.84000015258789,44.37112045288086,75.19461059570312,85.27127838134766,2.96,1.34,
2012-12-07,112.29776763916016,15.899999618530273,17.290000915527344,44.3045768737793,75.0162124633789,84.48370361328125,2.96,1.39,-0.593
2012-12-10,112.3450927734375,16.049999237060547,17.350000381469727,44.34261703491211,75.08390045166016,84.85714721679688,2.95,1.39,
2012-12-11,113.11005401611328,15.569999694824219,17.0,44.38539505004883,74.80704498291016,84.21209716796875,2.95,1.42,
2012-12-12,113.16519165039062,15.949999809265137,17.43000030517578,44.518489837646484,74.5794448852539,83.23440551757812,2.94,1.47,
2012-12-13,112.47130584716797,16.559999465942383,17.8799991607666,44.36162567138672,74.46247863769531,83.2955093383789,2.92,1.47,
2012-12-14,112.05335235595703,17.0,18.030000686645508,44.328330993652344,74.5179214477539,83.92017364501953,2.9,1.48,-0.603
2012-12-17,113.37024688720703,16.34000015258789,17.5,44.499473571777344,74.27798461914062,82.66410827636719,2.9,1.53,
2012-12-18,114.63189697265625,15.569999694824219,16.809999465942383,44.52324295043945,74.09342956542969,81.82218933105469,2.92,1.56,
2012-12-19,113.78028106689453,17.360000610351562,17.860000610351562,44.475685119628906,74.38258361816406,82.09376525878906,2.89,1.54,
2012-12-20,114.4347915649414,17.670000076293945,18.139999389648438,44.63254928588867,74.45638275146484,82.10736083984375,2.89,1.53,
2012-12-21,113.39601135253906,17.84000015258789,18.8700008392334,44.504241943359375,74.58556365966797,83.0035171508789,2.86,1.51,-0.615
2012-12-24,113.0466537475586,17.84000015258789,18.8700008392334,44.34261703491211,74.53636932373047,82.85417175292969,2.86,1.53,
2012-12-26,112.57011413574219,19.479999542236328,19.93000030517578,44.45015335083008,74.64253234863281,83.15221405029297,2.87,1.51,
2012-12-27,112.41924285888672,19.469999313354492,19.920000076293945,44.540916442871094,74.88314819335938,83.43124389648438,2.84,1.48,
2012-12-28,111.20418548583984,22.719999313354492,21.8799991607666,44.42144012451172,75.04977416992188,83.90752410888672,2.85,1.46,-0.626
2012-12-31,113.09422302246094,18.020000457763672,18.729999542236328,44.61261749267578,74.65477752685547,82.45819091796875,2.85,1.53,
2013-01-02,115.99292755126953,14.680000305175781,16.690000534057617,45.0332145690918,74.82760620117188,81.3558120727539,2.85,1.59,
2013-01-03,115.7308578491211,14.5600004196167,16.739999771118164,44.89457321166992,74.42034912109375,80.25348663330078,2.84,1.65,
2013-01-04,116.23906707763672,13.829999923706055,16.34000015258789,44.923248291015625,74.38336181640625,80.56645202636719,2.81,1.66,-0.64
2013-01-07,115.92141723632812,13.789999961853027,16.450000762939453,44.96147918701172,74.5066909790039,80.60047149658203,2.8,1.65,
2013-01-08,115.58788299560547,13.619999885559082,16.450000762939453,44.928043365478516,74.57462310791016,81.13124084472656,2.81,1.64,
2013-01-09,115.88172149658203,13.8100004196167,16.5,45.0140380859375,74.54991912841797,81.05646514892578,2.81,1.64,
2013-01-10,116.80292510986328,13.489999771118164,16.1200008392334,45.09053039550781,74.58699035644531,80.83183288574219,2.8,1.65,
2013-01-11,116.79496765136719,13.359999656677246,16.010000228881836,45.17177200317383,74.72272491455078,81.55313110351562,2.8,1.63,-0.653
2013-01-14,116.71556091308594,13.520000457763672,16.290000915527344,45.10964584350586,74.57462310791016,81.3285903930664,2.8,1.63,
2013-01-15,116.79496765136719,13.550000190734863,16.329999923706055,45.11921691894531,74.51294708251953,81.70279693603516,2.81,1.6,
2013-01-16,116.77908325195312,13.420000076293945,16.239999771118164,45.0427360534668,74.51294708251953,81.87295532226562,2.84,1.58,
2013-01-17,117.53355407714844,13.569999694824219,16.079999923706055,45.205223083496094,74.38336181640625,81.05646514892578,2.84,1.61,
2013-01-18,117.79560089111328,12.460000038146973,15.289999961853027,45.267372131347656,74.4574203491211,81.68241119384766,2.82,1.61,-0.662
2013-01-22,118.4308853149414,12.430000305175781,14.720000267028809,45.296051025390625,74.4574203491211,81.83898162841797,2.82,1.6,
2013-01-23,118.62149047851562,12.460000038146973,14.5,45.243465423583984,74.54991912841797,81.71644592285156,2.83,1.6,
2013-01-24,118.65324401855469,12.6899995803833,14.670000076293945,45.34381103515625,74.44503021240234,81.43064880371094,2.82,1.65,
2013-01-25,119.32035827636719,12.890000343322754,14.65999984741211,45.329463958740234,74.10566711425781,80.31471252441406,2.82,1.7,-0.669
2013-01-28,119.1773681640625,13.569999694824219,15.069999694824219,45.30558395385742,74.0439453125,80.02213287353516,2.82,1.71,
2013-01-29,119.6460189819336,13.3100004196167,14.739999771118164,45.229122161865234,73.87739562988281,79.57982635498047,2.81,1.73,
2013-01-30,119.1773681640625,14.319999694824219,15.420000076293945,44.90415954589844,73.63057708740234,79.44373321533203,2.84,1.76,
2013-01-31,118.88351440429688,14.279999732971191,15.550000190734863,44.76557159423828,73.68608856201172,79.83158111572266,2.82,1.75,
2013-02-01,120.1065673828125,12.899999618530273,14.789999961853027,44.91403579711914,73.49484252929688,78.79497528076172,2.84,1.77,-0.672
2013-02-04,118.75650787353516,14.670000076293945,15.789999961853027,44.726646423339844,73.74241638183594,79.8043212890625,2.85,1.75,
2013-02-05,119.95565795898438,13.720000267028809,15.300000190734863,44.827518463134766,73.59390258789062,79.0950927734375,2.85,1.77,
2013-02-06,120.04300689697266,13.40999984741211,15.140000343322754,44.76027297973633,73.78571319580078,79.74292755126953,2.86,1.73,
2013-02-07,119.88424682617188,13.5,15.1899995803833,44.673789978027344,73.81046295166016,79.56559753417969,2.85,1.74,
2013-02-08,120.55123901367188,13.020000457763672,14.800000190734863,44.68340301513672,73.97140502929688,79.87248992919922,2.86,1.74,-0.674
2013-02-11,120.5274658203125,12.9399995803833,14.680000305175781,44.678585052490234,73.93426513671875,79.81110382080078,2.84,1.72,
2013-02-12,120.7260513305664,12.640000343322754,14.529999732971191,44.832340240478516,73.86003875732422,79.6134033203125,2.85,1.73,
2013-02-13,120.82921600341797,12.979999542236328,14.630000114440918,44.89963150024414,73.68672180175781,78.96553039550781,2.84,1.76,
2013-02-14,120.9404296875,12.65999984741211,14.430000305175781,44.88036346435547,73.8909912109375,79.68154907226562,2.85,1.73,
2013-02-15,120.79747009277344,12.460000038146973,14.260000228881836,44.88521957397461,73.86003875732422,79.44969177246094,2.85,1.72,-0.675
2013-02-19,121.70284271240234,12.3100004196167,13.989999771118164,44.92844772338867,73.84143829345703,79.05414581298828,2.86,1.74,
2013-02-20,120.18598937988281,14.680000305175781,15.40999984741211,44.88521957397461,73.96524047851562,79.29281616210938,2.87,1.75,
2013-02-21,119.45535278320312,15.220000267028809,15.710000038146973,44.93323516845703,74.0828628540039,79.75655364990234,2.87,1.73,
2013-02-22,120.62273406982422,14.170000076293945,14.979999542236328,45.04375076293945,74.13237762451172,79.81110382080078,2.87,1.7,-0.676
2013-02-25,118.32768249511719,18.989999771118164,17.940000534057617,44.90442657470703,74.57183837890625,81.37963104248047,2.89,1.63,
2013-02-26,119.13770294189453,16.8700008392334,17.25,45.12541198730469,74.4789810180664,80.90911102294922,2.9,1.63,
2013-02-27,120.63864135742188,14.729999542236328,15.65999984741211,45.20227813720703,74.45423126220703,80.67039489746094,2.9,1.64,
2013-02-28,120.400390625,15.510000228881836,16.18000030517578,45.18305206298828,74.4789810180664,80.82046508789062,2.89,1.64,
2013-03-01,120.79747009277344,15.359999656677246,16.290000915527344,45.2729377746582,74.64908599853516,81.26058197021484,2.9,1.61,-0.677
2013-03-04,121.44072723388672,14.010000228881836,15.420000076293945,45.27775955200195,74.59321594238281,80.83000183105469,2.9,1.64,
2013-03-05,122.52872467041016,13.479999542236328,14.949999809265137,45.36956787109375,74.46903228759766,80.59762573242188,2.9,1.65,
2013-03-06,122.69546508789062,13.529999732971191,15.029999732971191,45.340576171875,74.25171661376953,79.86634826660156,2.89,1.7,
2013-03-07,122.91783905029297,13.0600004196167,14.739999771118164,45.40818786621094,74.00957489013672,79.25129699707031,2.89,1.75,
2013-03-08,123.44200134277344,12.59000015258789,14.520000457763672,45.4613151550293,73.74879455566406,78.4243392944336,2.88,1.79,-0.68
2013-03-11,123.91053009033203,11.5600004196167,14.300000190734863,45.43233108520508,73.7984848022461,78.49952697753906,2.87,1.8,
2013-03-12,123.63257598876953,12.270000457763672,14.579999923706055,45.41300964355469,73.947509765625,79.0667495727539,2.87,1.76,
2013-03-13,123.8072738647461,11.829999923706055,14.510000228881836,45.422691345214844,73.87920379638672,78.98468780517578,2.85,1.77,
2013-03-14,124.46637725830078,11.300000190734863,14.100000381469727,45.59657669067383,73.9102783203125,78.74556732177734,2.88,1.77,
2013-03-15,124.30209350585938,11.300000190734863,14.260000228881836,45.59174728393555,74.00957489013672,79.11458587646484,2.89,1.76,-0.683
2013-03-18,123.61612701416016,13.359999656677246,15.390000343322754,45.60142517089844,74.18963623046875,79.71602630615234,2.91,1.7,
2013-03-19,123.32899475097656,14.390000343322754,15.710000038146973,45.52410125732422,74.31383514404297,80.25595092773438,2.9,1.68,
2013-03-20,124.1904525756836,12.670000076293945,14.930000305175781,45.673885345458984,74.09651947021484,79.36063385009766,2.9,1.7,
2013-03-21,123.12950897216797,13.989999771118164,15.529999732971191,45.59174728393555,74.1709976196289,80.12606811523438,2.9,1.68,
2013-03-22,124.11861419677734,13.569999694824219,15.260000228881836,45.55794143676758,74.17721557617188,80.18757629394531,2.9,1.67,-0.687
2013-03-25,123.60018157958984,13.739999771118164,15.300000190734863,45.49032974243164,74.17721557617188,80.11238861083984,2.91,1.69,
2013-03-26,124.58920288085938,12.770000457763672,14.75,45.57242965698242,74.22688293457031,80.20808410644531,2.91,1.67,
2013-03-27,124.58920288085938,13.149999618530273,14.930000305175781,45.49512481689453,74.48768615722656,80.89151763916016,2.93,1.62,
2013-03-28,124.97216033935547,12.699999809265137,14.640000343322754,45.5772705078125,74.4442138671875,80.4814453125,2.96,1.62,
2013-04-01,124.4776382446289,13.579999923706055,15.279999732971191,45.65884017944336,74.33709716796875,81.08761596679688,2.91,1.63,
2013-04-02,125.09182739257812,12.779999732971191,14.710000038146973,45.62485885620117,74.33085632324219,80.75882720947266,2.91,1.63,
2013-04-03,123.82349395751953,14.210000038146973,15.489999771118164,45.62485885620117,74.62979125976562,81.48487854003906,2.91,1.59,
2013-04-04,124.32605743408203,13.890000343322754,15.300000190734863,45.61027526855469,75.02838897705078,82.45745086669922,2.88,1.56,
2013-04-05,123.7677001953125,13.920000076293945,15.380000114440918,45.65395736694336,75.25885009765625,84.12178802490234,2.82,1.48,-0.701
2013-04-08,124.6052017211914,13.1899995803833,14.710000038146973,45.702545166015625,75.32734680175781,83.47793579101562,2.82,1.52,
2013-04-09,125.03594970703125,12.84000015258789,14.460000038146973,45.84819793701172,75.40206909179688,83.27249145507812,2.82,1.54,
2013-04-10,126.56752014160156,12.359999656677246,14.119999885559082,45.99388122558594,75.2027816772461,82.12871551513672,2.83,1.6,
2013-04-11,126.9822769165039,12.239999771118164,14.170000076293945,45.99388122558594,75.2525634765625,82.28623962402344,2.84,1.58,
2013-04-12,126.67112731933594,12.0600004196167,14.020000457763672,46.00848388671875,75.62629699707031,83.51219940185547,2.82,1.53,-0.711
2013-04-15,123.73571014404297,17.270000457763672,17.030000686645508,45.71708297729492,75.65116882324219,84.23826599121094,2.82,1.5,
2013-04-16,125.56246185302734,13.960000038146973,15.100000381469727,46.032737731933594,75.51417541503906,83.54649353027344,2.81,1.51,
2013-04-17,123.72772979736328,16.510000228881836,16.93000030517578,45.95989990234375,75.6200942993164,84.10126495361328,2.81,1.49,
2013-04-18,122.95402526855469,17.559999465942383,17.520000457763672,45.88706588745117,75.6885757446289,84.30670166015625,2.8,1.48,
2013-04-19,124.02289581298828,14.970000267028809,16.170000076293945,45.86279296875,75.80061340332031,84.1286392211914,2.81,1.49,-0.722
2013-04-22,124.57331085205078,14.390000343322754,15.65999984741211,45.96961975097656,75.82555389404297,84.1903076171875,2.82,1.48,
2013-04-23,125.85758972167969,13.479999542236328,14.829999923706055,46.14928436279297,75.92523193359375,83.8957748413086,2.8,1.51,
2013-04-24,125.9373550415039,13.609999656677246,14.970000267028809,46.231834411621094,75.95638275146484,84.10810089111328,2.8,1.5,
2013-04-25,126.44779205322266,13.619999885559082,14.960000038146973,46.35807800292969,75.91277313232422,83.74506378173828,2.81,1.51,
2013-04-26,126.22454071044922,13.609999656677246,14.890000343322754,46.30950927734375,76.18680572509766,84.5122299194336,2.81,1.48,-0.733
2013-04-29,127.07005310058594,13.710000038146973,14.920000076293945,46.39693069458008,76.19300079345703,84.20401000976562,2.82,1.5,
2013-04-30,127.37311553955078,13.520000457763672,14.779999732971191,46.5426139831543,76.06224822998047,84.2519302368164,2.83,1.48,
2013-05-01,126.2563705444336,14.489999771118164,15.609999656677246,46.453792572021484,76.4007797241211,85.11749267578125,2.82,1.46,
2013-05-02,127.42899322509766,13.59000015258789,14.869999885559082,46.75144958496094,76.4007797241211,85.00763702392578,2.81,1.46,
2013-05-03,128.72125244140625,12.850000381469727,14.449999809265137,46.824649810791016,75.68244934082031,83.0033950805664,2.82,1.56,-0.742
2013-05-06,129.04827880859375,12.65999984741211,14.3100004196167,46.853919982910156,75.66992950439453,82.7975082397461,2.83,1.58,
2013-05-07,129.7024383544922,12.829999923706055,14.350000381469727,46.81975555419922,75.61373901367188,82.47489166259766,2.82,1.6,
2013-05-08,130.29266357421875,12.65999984741211,14.399999618530273,46.98565673828125,75.68244934082031,82.6053695678711,2.8,1.59,
2013-05-09,129.92578125,13.130000114440918,14.8100004196167,46.849029541015625,75.52005004882812,82.39256286621094,2.82,1.59,
2013-05-10,130.3484649658203,12.59000015258789,14.710000038146973,46.605045318603516,75.1264877319336,81.50717163085938,2.82,1.64,-0.746
2013-05-13,130.45213317871094,12.550000190734863,15.050000190734863,46.414756774902344,74.93285369873047,80.88253784179688,2.81,1.68,
2013-05-14,131.8002471923828,12.770000457763672,14.979999542236328,46.463558197021484,74.73297119140625,80.00396728515625,2.81,1.7,
2013-05-15,132.51023864746094,12.8100004196167,15.050000190734863,46.46839904785156,74.99533081054688,80.53937530517578,2.82,1.68,
2013-05-16,131.8879852294922,13.069999694824219,15.449999809265137,46.5806884765625,75.33885192871094,81.3767318725586,2.81,1.64,
2013-05-17,133.164306640625,12.449999809265137,15.170000076293945,46.5806884765625,75.01406860351562,80.34712982177734,2.81,1.69,-0.742
2013-05-20,133.15628051757812,13.020000457763672,15.3100004196167,46.62944030761719,74.9266128540039,80.25108337402344,2.8,1.71,
2013-05-21,133.3477783203125,13.369999885559082,15.779999732971191,46.71731948852539,75.20771789550781,80.88253784179688,2.81,1.68,
2013-05-22,132.358642578125,13.819999694824219,15.819999694824219,46.429386138916016,74.61432647705078,79.68138122558594,2.78,1.77,
2013-05-23,131.97576904296875,14.069999694824219,16.0,46.302513122558594,74.68923950195312,80.05887603759766,2.77,1.76,
2013-05-24,131.86407470703125,13.989999771118164,15.920000076293945,46.214683532714844,74.63924407958984,80.1687240600586,2.75,1.75,-0.732
2013-05-28,132.65374755859375,14.479999542236328,15.869999885559082,46.04389190673828,73.92098236083984,78.13703155517578,2.73,1.86,
2013-05-29,131.7923126220703,14.829999923706055,16.149999618530273,45.85848617553711,73.88970184326172,79.0156021118164,2.75,1.83,
2013-05-30,132.27883911132812,14.529999732971191,16.010000228881836,45.951171875,73.98338317871094,78.82337188720703,2.77,1.82,
2013-05-31,130.38037109375,16.299999237060547,17.1299991607666,45.341251373291016,73.61486053466797,78.55569458007812,2.79,1.86,-0.715
2013-06-03,131.09829711914062,16.280000686645508,17.219999313354492,45.301536560058594,73.42131042480469,78.9719467163086,2.82,1.83,
2013-06-04,130.46815490722656,16.270000457763672,17.260000228881836,45.301536560058594,73.1330337524414,78.24266815185547,2.86,1.82,
2013-06-05,128.64146423339844,17.5,18.0,44.90910339355469,73.02654266357422,79.3228530883789,2.89,1.8,
2013-06-06,129.80609130859375,16.6299991607666,17.549999237060547,45.262264251708984,73.33979797363281,79.27469635009766,2.88,1.78,
2013-06-07,131.45724487304688,15.140000343322754,16.719999313354492,45.29167175292969,73.05155944824219,77.85736846923828,2.89,1.85,-0.696
2013-06-10,131.45724487304688,15.4399995803833,16.729999542236328,45.19849395751953,72.8260498046875,77.48580932617188,2.89,1.9,
2013-06-11,130.1012725830078,17.06999969482422,17.90999984741211,44.918922424316406,72.68817901611328,78.40776824951172,2.91,1.86,
2013-06-12,129.0244140625,18.59000015258789,19.06999969482422,44.953277587890625,72.43758392333984,77.28628540039062,2.91,1.91,
2013-06-13,130.9866180419922,16.40999984741211,17.829999923706055,45.46830368041992,73.21443939208984,78.49723052978516,2.92,1.87,
2013-06-14,130.1649932861328,17.149999618530273,18.299999237060547,45.52223587036133,73.16436767578125,78.31147766113281,2.93,1.85,-0.678
2013-06-17,131.17007446289062,16.799999237060547,17.989999771118164,45.517333984375,73.057861328125,77.89859771728516,2.93,1.92,
2013-06-18,132.20712280273438,16.610000610351562,17.75,45.63011932373047,72.9137191772461,77.93991088867188,2.92,1.93,
2013-06-19,130.38037109375,16.639999389648438,17.780000686645508,44.94834899902344,71.87991333007812,77.13497161865234,2.87,2.02,
2013-06-20,127.14974212646484,20.489999771118164,20.34000015258789,44.50693130493164,70.88993835449219,75.86895751953125,2.93,2.08,
2013-06-21,127.55797576904297,18.899999618530273,19.489999771118164,44.2175407409668,70.3072280883789,74.58235168457031,2.87,2.14,-0.663
2013-06-24,125.94618225097656,20.110000610351562,20.729999542236328,43.6730842590332,69.84981536865234,74.89191436767578,2.86,2.15,
2013-06-25,127.15705108642578,18.469999313354492,19.670000076293945,44.29603576660156,70.08162689208984,74.22455596923828,2.88,2.17,
2013-06-26,128.4160614013672,17.209999084472656,18.81999969482422,44.663875579833984,70.61421203613281,74.70616149902344,2.89,2.16,
2013-06-27,129.16976928710938,16.860000610351562,18.559999465942383,44.87965774536133,71.25334167480469,75.46988677978516,2.92,2.13,
2013-06-28,128.64053344726562,16.860000610351562,18.389999389648438,44.57558059692383,71.20947265625,75.98591613769531,2.83,2.16,-0.656
2013-07-01,129.394287109375,16.3700008392334,17.920000076293945,44.817195892333984,71.39366912841797,76.1390151977539,2.83,2.16,
2013-07-02,129.27403259277344,16.440000534057617,18.020000457763672,44.67912673950195,71.61994934082031,76.09075164794922,2.81,2.14,
2013-07-03,129.3302001953125,16.200000762939453,17.809999465942383,44.782676696777344,71.41254425048828,75.8631820678711,2.8,2.16,
2013-07-05,130.72549438476562,14.890000343322754,16.8799991607666,44.30439758300781,70.50735473632812,73.27714538574219,2.77,2.33,-0.657
2013-07-08,131.47128295898438,14.779999732971191,16.40999984741211,44.915809631347656,71.085693359375,73.9874038696289,2.79,2.28,
2013-07-09,132.41749572753906,14.350000381469727,15.90999984741211,44.94047164916992,71.14849853515625,74.0633316040039,2.78,2.28,
2013-07-10,132.465576171875,14.210000038146973,15.770000457763672,45.11797332763672,70.94107818603516,73.48401641845703,2.75,2.32,
2013-07-11,134.26988220214844,14.010000228881836,15.5,45.6850471496582,71.77703094482422,74.3460464477539,2.77,2.26,
2013-07-12,134.3260040283203,13.84000015258789,15.649999618530273,45.640655517578125,71.57593536376953,74.28400421142578,2.77,2.24,-0.664
2013-07-15,134.83920288085938,13.789999961853027,15.619999885559082,45.832969665527344,72.0347900390625,74.67707061767578,2.76,2.23,
2013-07-16,134.3340606689453,14.420000076293945,16.010000228881836,45.719547271728516,71.9279556274414,74.93218994140625,2.74,2.21,
2013-07-17,134.67886352539062,13.779999732971191,15.5600004196167,46.05487060546875,72.19819641113281,75.07012176513672,2.74,2.2,
2013-07-18,135.41656494140625,13.770000457763672,15.5600004196167,46.33096694946289,72.0096435546875,74.13226318359375,2.75,2.24,
2013-07-19,135.6571807861328,12.539999961853027,15.039999961853027,46.301429748535156,72.40564727783203,75.30457305908203,2.74,2.18,-0.675
2013-07-22,135.92178344726562,12.289999961853027,14.6899995803833,46.3359260559082,72.56910705566406,75.41492462158203,2.71,2.18,
2013-07-23,135.6331024169922,12.65999984741211,14.880000114440918,46.222503662109375,72.45596313476562,75.09770202636719,2.7,2.2,
2013-07-24,135.1359100341797,13.180000305175781,15.1899995803833,45.832969665527344,72.10392761230469,74.14604949951172,2.67,2.27,
2013-07-25,135.46469116210938,12.970000267028809,15.0,45.72943878173828,72.01588439941406,74.11848449707031,2.69,2.29,
2013-07-26,135.60899353027344,12.720000267028809,14.800000190734863,45.749122619628906,72.09132385253906,74.57363891601562,2.67,2.27,-0.686
2013-07-29,135.19204711914062,13.390000343322754,15.109999656677246,45.650535583496094,71.971923828125,74.02880859375,2.69,2.28,
2013-07-30,135.19204711914062,13.390000343322754,14.979999542236328,45.714637756347656,71.99079895019531,74.00122833251953,2.68,2.3,
2013-07-31,135.2882843017578,13.449999809265137,14.920000076293945,45.8477783203125,71.99705505371094,74.27018737792969,2.68,2.29,
2013-08-01,136.8519744873047,12.9399995803833,14.550000190734863,45.41319274902344,71.4233169555664,72.83908081054688,2.66,2.39,
2013-08-02,137.08450317382812,11.979999542236328,14.029999732971191,45.69068145751953,71.7763900756836,73.64111328125,2.68,2.33,-0.694
2013-08-05,136.88409423828125,11.84000015258789,13.859999656677246,45.457801818847656,71.50532531738281,73.07415771484375,2.7,2.35,
2013-08-06,136.10618591308594,12.720000267028809,14.5600004196167,45.41319274902344,71.54944610595703,73.28849792480469,2.69,2.35,
2013-08-07,135.66514587402344,12.979999542236328,14.8100004196167,45.269535064697266,71.70707702636719,73.83464050292969,2.72,2.29,
2013-08-08,136.16238403320312,12.729999542236328,14.670000076293945,45.36860656738281,71.8583755493164,74.03510284423828,2.73,2.28,
2013-08-09,135.7693634033203,13.40999984741211,15.100000381469727,45.37358093261719,71.8583755493164,74.15267181396484,2.74,2.25,-0.697
2013-08-12,135.60899353027344,12.8100004196167,15.170000076293945,45.333900451660156,71.82058715820312,73.64798736572266,2.72,2.29,
2013-08-13,136.00999450683594,12.3100004196167,14.859999656677246,45.333900451660156,71.3097915649414,72.58332824707031,2.72,2.37,
2013-08-14,135.31236267089844,13.039999961853027,15.239999771118164,45.2447395324707,71.19002532958984,72.69393920898438,2.72,2.37,
2013-08-15,133.41983032226562,14.729999542236328,16.239999771118164,45.011837005615234,70.6856460571289,71.71226501464844,2.7,2.41,
2013-08-16,132.97877502441406,14.369999885559082,15.9399995803833,44.85823440551758,70.33255004882812,71.46334075927734,2.7,2.48,-0.696
2013-08-19,132.12884521484375,15.100000381469727,16.399999618530273,44.56093978881836,69.94795227050781,70.84117889404297,2.7,2.52,
2013-08-20,132.77833557128906,14.90999984741211,16.309999465942383,44.97221755981445,70.37663269042969,71.3873062133789,2.72,2.46,
2013-08-21,131.9604034423828,15.9399995803833,16.790000915527344,44.8087043762207,69.95423126220703,70.60613250732422,2.71,2.49,
2013-08-22,133.16322326660156,14.760000228881836,15.989999771118164,45.051475524902344,70.27579498291016,71.3250961303711,2.68,2.48,
2013-08-23,133.61233520507812,13.979999542236328,15.550000190734863,45.239784240722656,70.74871826171875,72.09938049316406,2.67,2.42,-0.691
2013-08-26,133.11512756347656,14.989999771118164,16.209999084472656,45.2447395324707,70.89370727539062,72.45890045166016,2.67,2.38,
2013-08-27,130.97409057617188,16.770000457763672,17.68000030517578,44.952396392822266,71.19633483886719,73.37147521972656,2.66,2.34,
2013-08-28,131.4391326904297,16.489999771118164,17.6200008392334,45.12084197998047,71.20892333984375,72.77689361572266,2.65,2.38,
2013-08-29,131.6476593017578,16.809999465942383,17.899999618530273,45.30418395996094,71.27828979492188,73.35762023925781,2.62,2.36,
2013-08-30,131.23068237304688,17.010000228881836,18.049999237060547,45.26453399658203,71.27828979492188,73.27466583251953,2.56,2.39,-0.687
2013-09-03,131.82415771484375,16.610000610351562,17.639999389648438,45.025474548339844,70.99742126464844,72.2411880493164,2.58,2.43,
2013-09-04,132.91465759277344,15.880000114440918,17.299999237060547,45.1948127746582,70.7381362915039,72.08177947998047,2.55,2.44,
2013-09-05,133.0830535888672,15.770000457763672,17.139999389648438,44.96566390991211,70.1561508178711,71.07665252685547,2.55,2.46,
2013-09-06,133.14720153808594,15.850000381469727,17.170000076293945,45.115150451660156,70.2573471069336,71.43017578125,2.59,2.48,-0.685
2013-09-09,134.42222595214844,15.630000114440918,16.829999923706055,45.22966384887695,70.44080352783203,71.46483612060547,2.6,2.45,
2013-09-10,135.41656494140625,14.529999732971191,16.110000610351562,45.38908004760742,70.13087463378906,70.96571350097656,2.61,2.46,
2013-09-11,135.8415985107422,13.819999694824219,15.609999656677246,45.448856353759766,70.45977020263672,71.59651184082031,2.61,2.46,
2013-09-12,135.48072814941406,14.289999961853027,15.850000381469727,45.39408493041992,70.40919494628906,71.49948120117188,2.61,2.47,
2013-09-13,135.78543090820312,14.15999984741211,15.699999809265137,45.359195709228516,70.45346069335938,71.7767333984375,2.64,2.45,-0.687
2013-09-16,136.5712890625,14.380000114440918,15.579999923706055,45.60824203491211,70.53569030761719,71.29849243164062,2.68,2.47,
2013-09-17,137.18075561523438,14.529999732971191,15.65999984741211,45.757686614990234,70.7254638671875,71.88766479492188,2.67,2.47,
2013-09-18,138.7685546875,13.59000015258789,15.180000305175781,46.19607925415039,71.76282501220703,72.77490234375,2.75,2.35,
2013-09-19,138.53598022460938,13.15999984741211,15.020000457763672,46.061561584472656,71.30744171142578,72.34516906738281,2.72,2.42,
2013-09-20,137.5674285888672,13.119999885559082,15.319999694824219,46.00677490234375,71.37066650390625,72.72638702392578,2.68,2.41,-0.692
2013-09-23,136.93081665039062,14.3100004196167,15.920000076293945,46.00176239013672,71.79446411132812,73.26012420654297,2.7,2.37,
2013-09-24,136.6084747314453,14.079999923706055,15.640000343322754,45.90214157104492,71.9779052734375,74.05027770996094,2.68,2.32,
2013-09-25,136.21360778808594,14.010000228881836,15.5600004196167,45.822444915771484,72.19929504394531,74.20281982421875,2.7,2.27,
2013-09-26,136.73736572265625,14.0600004196167,15.40999984741211,45.797576904296875,72.02217864990234,73.68292999267578,2.72,2.32,
2013-09-27,136.10888671875,15.460000038146973,16.040000915527344,45.74773406982422,71.96524047851562,73.86309814453125,2.73,2.3,-0.7
2013-09-30,135.3836212158203,16.600000381469727,16.799999237060547,45.61822509765625,71.80712127685547,73.75224304199219,2.75,2.31,
2013-10-01,136.4553985595703,15.539999961853027,16.1299991607666,45.81593704223633,71.73475646972656,73.52849578857422,2.76,2.33,
2013-10-02,136.32640075683594,16.600000381469727,16.809999465942383,45.83595657348633,71.95055389404297,73.6396484375,2.77,2.32,
2013-10-03,135.0693817138672,17.670000076293945,17.700000762939453,45.86600875854492,71.9886245727539,73.52153015136719,2.78,2.29,
2013-10-04,136.09280395507812,16.739999771118164,17.209999084472656,45.94607925415039,71.91880798339844,73.46593475341797,2.76,2.33,-0.71
2013-10-07,134.91632080078125,19.40999984741211,19.06999969482422,45.82594299316406,72.0457534790039,73.76480102539062,2.74,2.28,
2013-10-08,133.3449249267578,20.34000015258789,19.84000015258789,45.80594253540039,72.03302764892578,73.78565979003906,2.71,2.26,
2013-10-09,133.44163513183594,19.600000381469727,19.290000915527344,45.84596633911133,71.88069152832031,73.19487762451172,2.71,2.31,
2013-10-10,136.3184356689453,16.479999542236328,17.209999084472656,46.056209564208984,71.9822769165039,73.31303405761719,2.68,2.36,
2013-10-11,137.19677734375,15.720000267028809,16.56999969482422,46.14129638671875,72.07744598388672,73.29216766357422,2.68,2.35,-0.722
2013-10-14,137.74464416503906,16.06999969482422,16.920000076293945,46.21139144897461,71.85535430908203,72.70146942138672,,,
2013-10-15,136.74545288085938,18.65999984741211,18.40999984741211,46.19634246826172,71.86808776855469,72.65278625488281,2.66,2.38,
2013-10-16,138.6552276611328,14.710000038146973,16.260000228881836,46.4416389465332,72.40105438232422,73.5632095336914,2.66,2.35,
2013-10-17,139.5819549560547,13.479999542236328,15.4399995803833,46.666908264160156,72.93414306640625,74.23041534423828,2.66,2.28,
2013-10-18,140.524658203125,13.039999961853027,14.920000076293945,46.7619743347168,73.02933502197266,74.3902816772461,2.66,2.27,-0.736
2013-10-21,140.5327911376953,13.15999984741211,15.140000343322754,46.65688705444336,72.83893585205078,74.15394592285156,2.65,2.3,
2013-10-22,141.34661865234375,13.329999923706055,15.020000457763672,46.797019958496094,73.28318786621094,74.98101043701172,2.66,2.23,
2013-10-23,140.66973876953125,13.420000076293945,15.109999656677246,46.837100982666016,73.26416778564453,75.27287292480469,2.67,2.2,
2013-10-24,141.1370849609375,13.199999809265137,14.899999618530273,46.85210418701172,73.18795013427734,74.98101043701172,2.68,2.2,
2013-10-25,141.7817840576172,13.09000015258789,14.869999885559082,46.86711120605469,73.1816177368164,75.25899505615234,2.66,2.21,-0.749
2013-10-28,142.0074005126953,13.3100004196167,14.869999885559082,46.85710525512695,73.25144958496094,75.00181579589844,2.66,2.22,
2013-10-29,142.76483154296875,13.40999984741211,15.029999732971191,46.93218231201172,73.35293579101562,75.09910583496094,2.69,2.22,
2013-10-30,142.05572509765625,13.649999618530273,15.130000114440918,46.74200439453125,73.20702362060547,74.6473617553711,2.68,2.22,
2013-10-31,141.65283203125,13.75,15.25,46.76698303222656,73.10549926757812,74.80719757080078,2.65,2.26,
2013-11-01,141.99131774902344,13.279999732971191,15.0600004196167,46.6865234375,72.90811920166016,73.99754333496094,2.64,2.32,-0.761
2013-11-04,142.49087524414062,12.930000305175781,14.680000305175781,46.76698684692383,72.9272232055664,74.06720733642578,2.66,2.31,
2013-11-05,142.0396270751953,13.270000457763672,14.920000076293945,46.6412467956543,72.615234375,73.18217468261719,2.66,2.37,
2013-11-06,142.76483154296875,12.670000076293945,14.65999984741211,46.777042388916016,72.6980209350586,73.21701049804688,2.7,2.37,
2013-11-07,140.95982360839844,13.90999984741211,15.359999656677246,46.807247161865234,72.84445190429688,73.83721923828125,2.7,2.34,
2013-11-08,142.8614501953125,12.899999618530273,14.630000114440918,46.72675704956055,72.13130950927734,72.06026458740234,2.69,2.45,-0.771
2013-11-11,142.88571166992188,12.529999732971191,14.729999542236328,46.550724029541016,72.01038360595703,71.78852844238281,,,
2013-11-12,142.59564208984375,12.819999694824219,14.880000114440918,46.48529052734375,72.061279296875,72.1230239868164,2.67,2.46,
2013-11-13,143.7398681640625,12.520000457763672,14.829999923706055,46.661373138427734,72.22689056396484,72.3877944946289,2.69,2.43,
2013-11-14,144.45704650878906,12.369999885559082,14.880000114440918,46.79719543457031,72.62161254882812,72.83374786376953,2.72,2.4,
2013-11-15,145.08558654785156,12.1899995803833,14.800000190734863,46.86760330200195,72.62161254882812,72.98009490966797,2.7,2.4,-0.779
2013-11-18,144.5779266357422,13.100000381469727,14.930000305175781,46.7318115234375,72.94629669189453,73.41912078857422,2.66,2.36,
2013-11-19,144.263671875,13.390000343322754,15.25,46.711647033691406,72.69163513183594,72.86164093017578,2.66,2.42,
2013-11-20,143.8124237060547,13.399999618530273,14.989999771118164,46.66639709472656,72.37967681884766,71.62127685546875,2.67,2.52,
2013-11-21,144.9728240966797,12.65999984741211,14.520000457763672,46.827362060546875,72.51972961425781,71.73977661132812,2.65,2.5,
2013-11-22,145.69793701171875,12.260000228881836,14.149999618530273,46.86256408691406,72.77440643310547,72.40869903564453,2.65,2.44,-0.785
2013-11-25,145.55296325683594,12.789999961853027,14.430000305175781,46.932979583740234,72.9017333984375,72.61778259277344,2.65,2.44,
2013-11-26,145.5932159423828,12.8100004196167,14.550000190734863,46.968196868896484,73.04814910888672,72.88956451416016,2.63,2.42,
2013-11-27,145.94775390625,12.979999542236328,14.600000381469727,46.9379997253418,73.06089782714844,72.76412963867188,2.63,2.46,
2013-11-29,145.85107421875,13.699999809265137,15.029999732971191,46.98830795288086,73.00361633300781,72.78501892089844,2.61,2.47,-0.79
2013-12-02,145.4723358154297,14.229999542236328,15.1899995803833,47.00346374511719,72.65741729736328,72.21891021728516,2.6,2.51,
2013-12-03,144.84384155273438,14.550000190734863,15.489999771118164,46.95802307128906,72.84265899658203,72.4844970703125,2.6,2.51,
2013-12-04,144.8277587890625,14.699999809265137,15.569999694824219,46.83668518066406,72.6063461303711,71.79251098632812,2.62,2.54,
2013-12-05,144.19114685058594,15.079999923706055,15.779999732971191,46.80132293701172,72.4466323852539,71.5898208618164,2.59,2.58,
2013-12-06,145.8026580810547,13.789999961853027,14.949999809265137,46.9327278137207,72.59992218017578,71.93234252929688,2.58,2.58,-0.793
2013-12-09,146.17340087890625,13.489999771118164,14.930000305175781,47.104549407958984,72.70852661132812,72.10002136230469,2.57,2.56,
2013-12-10,145.64962768554688,13.90999984741211,15.220000267028809,47.104549407958984,73.0023422241211,72.6172866821289,2.56,2.51,
2013-12-11,144.0138702392578,15.420000076293945,15.989999771118164,46.96303939819336,72.79792785644531,72.05815124511719,2.55,2.55,
2013-12-12,143.53843688964844,15.539999961853027,16.1200008392334,46.87713623046875,72.67658233642578,71.78557586669922,2.53,2.55,
2013-12-13,143.5223388671875,15.760000228881836,16.270000457763672,46.95291519165039,72.87458038330078,72.13504028320312,2.5,2.54,-0.795
2013-12-16,144.41680908203125,16.030000686645508,16.389999389648438,46.99336242675781,72.93209075927734,71.86944580078125,2.5,2.55,
2013-12-17,143.95741271972656,16.209999084472656,16.5,46.99839401245117,73.14926147460938,72.19091033935547,2.5,2.51,
2013-12-18,146.41514587402344,13.800000190734863,14.989999771118164,47.07929229736328,73.14926147460938,71.82746887207031,2.5,2.57,
2013-12-19,146.24595642089844,14.149999618530273,15.279999732971191,47.02873611450195,73.0406723022461,71.75755310058594,2.42,2.59,
2013-12-20,147.09658813476562,13.789999961853027,15.010000228881836,47.05907440185547,73.37922668457031,72.86190795898438,2.38,2.52,-0.797
2013-12-23,147.88250732421875,13.039999961853027,14.520000457763672,47.09445571899414,73.26423645019531,72.44950866699219,2.35,2.56,
2013-12-24,148.20663452148438,12.479999542236328,14.239999771118164,47.069175720214844,73.24502563476562,71.86944580078125,2.36,2.61,
2013-12-26,148.96005249023438,12.329999923706055,14.029999732971191,47.11338806152344,73.19251251220703,71.59245300292969,2.37,2.58,
2013-12-27,148.95199584960938,12.460000038146973,13.979999542236328,47.1082763671875,73.12845611572266,71.38912200927734,2.37,2.62,-0.797
2013-12-30,148.92767333984375,13.5600004196167,14.770000457763672,47.148929595947266,73.34629821777344,71.87992095947266,2.35,2.6,
2013-12-31,149.6324920654297,13.720000267028809,14.770000457763672,47.17939758300781,73.16051483154297,71.42420196533203,2.33,2.66,
2014-01-02,148.19850158691406,14.229999542236328,15.260000228881836,47.26067352294922,73.30147552490234,71.64153289794922,2.34,2.61,
2014-01-03,148.1741485595703,13.760000228881836,15.09000015258789,47.24544143676758,73.41033935546875,71.64153289794922,2.34,2.6,-0.795
2014-01-06,147.74484252929688,13.550000190734863,14.819999694824219,47.34703826904297,73.57056427001953,71.94307708740234,2.32,2.58,
2014-01-07,148.6521759033203,12.920000076293945,14.40999984741211,47.34703826904297,73.51286315917969,72.12535858154297,2.32,2.56,
2014-01-08,148.68458557128906,12.869999885559082,14.289999961853027,47.31656265258789,73.19892120361328,71.92903137207031,2.31,2.58,
2014-01-09,148.7818145751953,12.890000343322754,14.289999961853027,47.387657165527344,73.36551666259766,72.3497543334961,2.31,2.53,
2014-01-10,149.1869354248047,12.140000343322754,13.9399995803833,47.52989959716797,73.76271057128906,73.21219635009766,2.32,2.49,-0.792
2014-01-13,147.20193481445312,13.279999732971191,14.979999542236328,47.47909927368164,73.90367126464844,73.57682800292969,2.34,2.45,
2014-01-14,148.8061065673828,12.279999732971191,14.489999771118164,47.55021286010742,73.68585205078125,73.24026489257812,2.34,2.49,
2014-01-15,149.60818481445312,12.279999732971191,14.460000038146973,47.646732330322266,73.70507049560547,73.16313171386719,2.32,2.49,
2014-01-16,149.4137725830078,12.529999732971191,14.6899995803833,47.62641143798828,73.87809753417969,73.65393829345703,2.32,2.45,
2014-01-17,148.7818145751953,12.4399995803833,14.630000114440918,47.63655471801758,73.96134185791016,73.9625244140625,2.33,2.44,-0.788
2014-01-21,149.21934509277344,12.869999885559082,14.619999885559082,47.69752502441406,73.85885620117188,74.01859283447266,2.3,2.45,
2014-01-22,149.31654357910156,12.84000015258789,14.470000267028809,47.62641143798828,73.67949676513672,73.83625793457031,2.3,2.43,
2014-01-23,148.09315490722656,13.770000457763672,14.979999542236328,47.5654296875,73.96134185791016,74.88105010986328,2.32,2.4,
2014-01-24,144.93345642089844,18.139999389648438,17.399999618530273,47.25052261352539,73.91011810302734,75.36491394042969,2.35,2.38,-0.784
2014-01-27,144.2205047607422,17.420000076293945,17.1299991607666,47.235260009765625,73.76912689208984,74.83898162841797,2.36,2.41,
2014-01-28,145.07925415039062,15.800000190734863,16.200000762939453,47.44354248046875,74.12794494628906,75.0213394165039,2.35,2.39,
2014-01-29,143.6857452392578,17.350000381469727,17.239999771118164,47.30131149291992,74.27532958984375,75.63838195800781,2.38,2.33,
2014-01-30,145.20889282226562,17.290000915527344,17.3700008392334,47.3825798034668,74.31375122070312,75.4209976196289,2.36,2.36,
2014-01-31,144.3582000732422,18.40999984741211,18.09000015258789,47.36735534667969,74.5379638671875,75.92585754394531,2.4,2.33,-0.782
2014-02-03,141.109375,21.440000534057617,20.139999389648438,47.225440979003906,75.01864624023438,76.85099029541016,2.39,2.31,
2014-02-04,142.09776306152344,19.110000610351562,19.079999923706055,47.2816162109375,74.6588134765625,76.03551483154297,2.41,2.33,
2014-02-05,141.91954040527344,19.950000762939453,19.670000076293945,47.2816162109375,74.4209976196289,75.33251190185547,2.42,2.38,
2014-02-06,143.79103088378906,17.229999542236328,17.790000915527344,47.45005416870117,74.35035705566406,75.00917053222656,2.4,2.4,
2014-02-07,145.57345581054688,15.289999961853027,16.34000015258789,47.68998718261719,74.5816650390625,75.07240295410156,2.42,2.41,-0.783
2014-02-10,145.8408203125,15.260000228881836,16.31999969482422,47.7205924987793,74.61383056640625,75.2833023071289,2.42,2.38,
2014-02-11,147.43692016601562,14.510000228881836,15.75,47.802268981933594,74.45960998535156,74.84746551513672,2.39,2.4,
2014-02-12,147.5098419189453,14.300000190734863,15.649999618530273,47.72571563720703,74.234619140625,74.46085357666016,2.36,2.45,
2014-02-13,148.2713623046875,14.140000343322754,15.5,47.86354064941406,74.54309844970703,74.88261413574219,2.39,2.41,
2014-02-14,149.08969116210938,13.569999694824219,15.170000076293945,47.94008255004883,74.68449401855469,74.92481231689453,2.38,2.43,-0.786
2014-02-18,149.2678985595703,13.869999885559082,15.220000267028809,48.00648498535156,74.8387451171875,75.09355926513672,2.4,2.4,
2014-02-19,148.27951049804688,15.5,16.290000915527344,47.883995056152344,74.75518035888672,74.77718353271484,2.41,2.4,
2014-02-20,149.1544647216797,14.789999961853027,15.720000267028809,48.03196716308594,74.6588134765625,74.59439086914062,2.39,2.42,
2014-02-21,148.9843292236328,14.680000305175781,15.640000343322754,48.072837829589844,74.73587036132812,74.9880599975586,2.38,2.4,-0.79
2014-02-24,149.81072998046875,14.229999542236328,15.5,48.180030822753906,74.77449798583984,74.79829406738281,2.38,2.4,
2014-02-25,149.7539825439453,13.670000076293945,15.5,48.236183166503906,75.06363677978516,75.46611785888672,2.38,2.36,
2014-02-26,149.76211547851562,14.350000381469727,15.90999984741211,48.31787872314453,75.30787658691406,75.8668212890625,2.38,2.34,
2014-02-27,150.54800415039062,14.039999961853027,15.630000114440918,48.40974426269531,75.43638610839844,76.28155517578125,2.36,2.32,
2014-02-28,150.92880249023438,14.0,15.800000190734863,48.46080780029297,75.39139556884766,76.32378387451172,2.35,2.33,-0.794
2014-03-03,149.86746215820312,16.0,16.920000076293945,48.41616439819336,75.58859252929688,76.83328247070312,2.37,2.28,
2014-03-04,151.9739227294922,14.100000381469727,15.6899995803833,48.590606689453125,75.18254852294922,75.67754364013672,2.35,2.37,
2014-03-05,152.1116485595703,13.890000343322754,15.770000457763672,48.50337600708008,75.14388275146484,75.83961486816406,2.36,2.37,
2014-03-06,152.46002197265625,14.210000038146973,15.829999923706055,48.43156814575195,74.91829681396484,75.09261322021484,2.37,2.37,
2014-03-07,152.52487182617188,14.109999656677246,15.869999885559082,48.24687957763672,74.6476058959961,74.62053680419922,2.34,2.42,-0.797
2014-03-10,152.44381713867188,14.199999809265137,15.970000267028809,48.252037048339844,74.53155517578125,74.72616577148438,2.36,2.42,
2014-03-11,151.69032287597656,14.800000190734863,16.350000381469727,48.200748443603516,74.5573959350586,74.92353820800781,2.37,2.4,
2014-03-12,151.73085021972656,14.470000267028809,16.079999923706055,48.282798767089844,74.8216323852539,75.44505310058594,2.38,2.36,
2014-03-13,150.02952575683594,16.219999313354492,17.1299991607666,48.15450668334961,75.08589935302734,76.45977020263672,2.39,2.32,
2014-03-14,149.60818481445312,17.81999969482422,17.93000030517578,48.118656158447266,75.00209045410156,76.47386169433594,2.4,2.29,-0.797
2014-03-17,150.9611358642578,15.640000343322754,16.690000534057617,48.185359954833984,74.90541076660156,75.903076171875,2.4,2.32,
2014-03-18,152.03875732421875,14.520000457763672,16.15999984741211,48.328956604003906,75.13738250732422,76.1778564453125,2.42,2.32,
2014-03-19,151.2285919189453,15.119999885559082,16.31999969482422,48.082759857177734,74.59605407714844,75.5859375,2.37,2.31,
2014-03-20,152.1116485595703,14.520000457763672,15.859999656677246,48.24687957763672,74.69917297363281,75.45199584960938,2.34,2.34,
2014-03-21,151.5216827392578,15.0,16.18000030517578,48.21614074707031,74.95697021484375,76.26947021484375,2.32,2.3,-0.796
2014-03-24,150.8950653076172,15.09000015258789,16.100000381469727,48.231510162353516,75.09876251220703,76.81210327148438,2.29,2.27,
2014-03-25,151.61122131347656,14.020000457763672,15.529999732971191,48.328956604003906,75.12454986572266,76.5231704711914,2.28,2.28,
2014-03-26,150.52078247070312,14.930000305175781,16.079999923706055,48.33924102783203,75.41454315185547,77.12217712402344,2.28,2.26,
2014-03-27,150.203369140625,14.619999885559082,15.869999885559082,48.267398834228516,75.43391418457031,77.50971984863281,2.26,2.24,
2014-03-28,150.94390869140625,14.40999984741211,15.460000038146973,48.3494987487793,75.37590026855469,77.07283782958984,2.25,2.28,-0.793
2014-03-31,152.18075561523438,13.880000114440918,15.079999923706055,48.42131423950195,75.36946868896484,76.882568359375,2.26,2.29,
2014-04-01,153.18984985351562,13.100000381469727,14.399999618530273,48.51148986816406,75.18199920654297,76.22554016113281,2.26,2.33,
2014-04-02,153.7025146484375,13.09000015258789,14.449999809265137,48.45997619628906,75.07855987548828,75.78748321533203,2.25,2.35,
2014-04-03,153.49911499023438,13.369999885559082,14.5,48.48056411743164,75.22081756591797,76.11956024169922,2.24,2.34,
2014-04-04,151.68438720703125,13.960000038146973,14.960000038146973,48.59397506713867,75.51814270019531,76.62825012207031,2.25,2.31,-0.79
2014-04-07,150.0081024169922,15.569999694824219,15.899999618530273,48.49089050292969,75.69913482666016,77.08744812011719,2.24,2.3,
2014-04-08,150.62655639648438,14.890000343322754,15.529999732971191,48.604286193847656,75.89949035644531,77.2711410522461,2.26,2.29,
2014-04-09,152.24594116210938,13.819999694824219,14.829999923706055,48.681610107421875,75.96415710449219,76.88963317871094,2.25,2.34,
2014-04-10,149.0478515625,15.890000343322754,16.06999969482422,48.54245376586914,76.06754302978516,77.60321044921875,2.24,2.28,
2014-04-11,147.70510864257812,17.030000686645508,16.790000915527344,48.33625030517578,76.11927032470703,78.23200225830078,2.23,2.26,-0.787
2014-04-14,148.8688201904297,16.110000610351562,16.3700008392334,48.49089050292969,76.17098236083984,78.02715301513672,2.22,2.28,
2014-04-15,149.8942108154297,15.609999656677246,15.989999771118164,48.54245376586914,76.33260345458984,78.5146255493164,2.2,2.25,
2014-04-16,151.46470642089844,14.180000305175781,15.229999542236328,48.56821823120117,76.36490631103516,78.61353302001953,2.19,2.26,
2014-04-17,151.67630004882812,13.359999656677246,14.84000015258789,48.51148986816406,75.92537689208984,77.7515869140625,2.16,2.3,
2014-04-21,152.2052001953125,13.25,14.75,48.51148986816406,76.02880096435547,77.68798828125,2.18,2.31,
2014-04-22,152.89697265625,13.1899995803833,14.609999656677246,48.563072204589844,76.06754302978516,77.94943237304688,2.15,2.28,
2014-04-23,152.538818359375,13.270000457763672,14.829999923706055,48.57851028442383,76.23561096191406,78.39454650878906,2.15,2.27,
2014-04-24,152.84811401367188,13.319999694824219,14.770000457763672,48.588844299316406,76.24857330322266,78.54286193847656,2.14,2.27,
2014-04-25,151.59494018554688,14.0600004196167,15.180000305175781,48.573368072509766,76.23561096191406,78.6559066772461,2.13,2.25,-0.784
2014-04-28,152.07505798339844,13.970000267028809,14.930000305175781,48.563072204589844,76.1451187133789,78.27442932128906,2.13,2.26,
2014-04-29,152.78298950195312,13.710000038146973,14.829999923706055,48.6352424621582,76.15804290771484,78.16842651367188,2.15,2.27,
2014-04-30,153.2387237548828,13.40999984741211,14.699999809265137,48.62490463256836,76.37137603759766,78.4934310913086,2.16,2.25,
2014-05-01,153.25494384765625,13.25,14.670000076293945,48.57469940185547,76.69161987304688,79.33549499511719,2.14,2.22,
2014-05-02,153.03526306152344,12.90999984741211,14.680000305175781,48.68859100341797,76.85366821289062,79.8241958618164,2.14,2.18,-0.785
2014-05-05,153.32821655273438,13.289999961853027,14.75,48.66787338256836,76.65917205810547,79.34259033203125,2.15,2.2,
2014-05-06,151.99366760253906,13.800000190734863,15.119999885559082,48.6782112121582,76.78886413574219,79.66129302978516,2.15,2.18,
2014-05-07,152.88880920410156,13.399999618530273,14.619999885559082,48.750728607177734,76.80184173583984,79.37800598144531,2.16,2.21,
2014-05-08,152.72604370117188,13.430000305175781,14.579999923706055,48.74034118652344,76.82128143310547,79.03804779052734,2.18,2.21,
2014-05-09,152.9539031982422,12.920000076293945,14.380000114440918,48.786956787109375,76.73700714111328,78.78309631347656,2.21,2.22,-0.788
2014-05-12,154.4430389404297,12.229999542236328,13.880000114440918,48.83876037597656,76.54248046875,78.46438598632812,2.2,2.25,
2014-05-13,154.5814208984375,12.130000114440918,14.039999961853027,48.91638946533203,76.82774353027344,79.14430236816406,2.21,2.22,
2014-05-14,153.84898376464844,12.170000076293945,14.180000305175781,48.94227981567383,77.21025848388672,80.00119018554688,2.2,2.15,
2014-05-15,152.49819946289062,13.170000076293945,14.859999656677246,48.89570236206055,77.3464126586914,80.63858795166016,2.22,2.12,
2014-05-16,153.0271453857422,12.4399995803833,14.329999923706055,48.994049072265625,77.255615234375,80.41203308105469,2.2,2.14,-0.792
2014-05-19,153.5885772705078,12.420000076293945,14.109999656677246,49.06652069091797,77.184326171875,79.81710052490234,2.22,2.18,
2014-05-20,152.62025451660156,12.960000038146973,14.40999984741211,49.00442886352539,77.184326171875,79.99418640136719,2.23,2.17,
2014-05-21,153.90602111816406,11.90999984741211,13.869999885559082,48.99925231933594,77.04169464111328,79.50547790527344,2.26,2.17,
2014-05-22,154.2803192138672,12.029999732971191,13.829999923706055,49.035465240478516,77.0157699584961,79.39214324951172,2.25,2.19,
2014-05-23,154.8987274169922,11.359999656677246,13.619999885559082,49.05099868774414,77.10001373291016,79.81710052490234,2.24,2.17,-0.798
2014-05-27,155.85086059570312,11.510000228881836,13.640000343322754,49.09758758544922,77.37229919433594,80.28453826904297,2.23,2.13,
2014-05-28,155.73696899414062,11.680000305175781,13.770000457763672,49.11314010620117,77.74183654785156,81.27604675292969,2.23,2.07,
2014-05-29,156.54258728027344,11.569999694824219,13.710000038146973,49.15972900390625,77.5149154663086,80.84403991699219,2.24,2.08,
2014-05-30,156.7948455810547,11.399999618530273,13.75,49.21148681640625,77.52787780761719,80.80862426757812,2.22,2.11,-0.804
2014-06-02,156.97381591796875,11.579999923706055,13.880000114440918,49.05497741699219,77.09745025634766,80.20792388916016,2.22,2.15,
2014-06-03,156.89248657226562,11.869999885559082,13.819999694824219,49.06017303466797,76.7464599609375,79.22093200683594,2.22,2.19,
2014-06-04,157.2098388671875,12.079999923706055,13.770000457763672,49.06017303466797,76.70745849609375,79.19959259033203,2.23,2.2,
2014-06-05,158.23516845703125,11.680000305175781,13.579999923706055,49.17980194091797,76.8699722290039,79.23514556884766,2.24,2.19,
2014-06-06,158.99200439453125,10.729999542236328,12.829999923706055,49.320213317871094,77.03247833251953,79.23514556884766,2.23,2.19,-0.807
2014-06-09,159.15472412109375,11.149999618530273,13.020000457763672,49.37742233276367,76.8764877319336,79.12157440185547,2.22,2.19,
2014-06-10,159.17100524902344,10.989999771118164,13.010000228881836,49.351409912109375,76.73345947265625,78.8304214477539,2.21,2.19,
2014-06-11,158.6175994873047,11.600000381469727,13.289999961853027,49.356597900390625,76.79197692871094,78.97240447998047,2.2,2.21,
2014-06-12,157.49464416503906,12.5600004196167,14.109999656677246,49.32539749145508,77.03902435302734,79.67533874511719,2.21,2.16,
2014-06-13,157.97474670410156,12.180000305175781,13.789999961853027,49.382606506347656,77.0260238647461,79.6327896118164,2.19,2.15,-0.807
2014-06-16,158.1049346923828,12.649999618530273,13.970000267028809,49.356597900390625,77.01952362060547,79.83158874511719,2.17,2.12,
2014-06-17,158.54440307617188,12.0600004196167,13.65999984741211,49.320213317871094,76.75941467285156,79.19959259033203,2.17,2.15,
2014-06-18,159.70809936523438,10.609999656677246,12.619999885559082,49.543853759765625,77.20154571533203,79.81024169921875,2.19,2.13,
2014-06-19,159.88710021972656,10.619999885559082,12.699999809265137,49.53345489501953,76.92847442626953,78.7878646850586,2.19,2.16,
2014-06-20,160.21168518066406,10.850000381469727,12.869999885559082,49.58024978637695,77.0780029296875,79.38427734375,2.2,2.13,-0.803
2014-06-23,160.1626739501953,10.979999542236328,12.920000076293945,49.575069427490234,77.07152557373047,79.13572692871094,2.19,2.15,
2014-06-24,159.1977996826172,12.130000114440918,13.380000114440918,49.53345489501953,77.39657592773438,79.93807220458984,2.18,2.1,
2014-06-25,159.91737365722656,11.59000015258789,13.109999656677246,49.606258392333984,77.47459411621094,80.14402770996094,2.18,2.09,
2014-06-26,159.80291748046875,11.630000114440918,13.069999694824219,49.55427932739258,77.61762237548828,80.52742767333984,2.18,2.07,
2014-06-27,160.11358642578125,11.260000228881836,12.819999694824219,49.55427932739258,77.60462188720703,80.40669250488281,2.2,2.09,-0.796
2014-06-30,160.03182983398438,11.569999694824219,13.010000228881836,49.51265335083008,77.53308868408203,80.60550689697266,2.18,2.06,
2014-07-01,161.1029815673828,11.149999618530273,12.739999771118164,49.52570724487305,77.23326873779297,79.93063354492188,2.19,2.11,
2014-07-02,161.26651000976562,10.819999694824219,12.489999771118164,49.557037353515625,76.95943450927734,79.07640838623047,2.2,2.15,
2014-07-03,162.05963134765625,10.319999694824219,12.239999771118164,49.4838752746582,76.88117980957031,78.79170989990234,2.21,2.13,
2014-07-07,161.49542236328125,11.329999923706055,12.869999885559082,49.44733428955078,77.01805114746094,79.3682861328125,2.18,2.11,
2014-07-08,160.45700073242188,11.979999542236328,13.210000038146973,49.457794189453125,77.30491638183594,80.25817108154297,2.18,2.07,
2014-07-09,161.1765594482422,11.649999618530273,12.989999771118164,49.421234130859375,77.42877960205078,80.32221984863281,2.17,2.06,
2014-07-10,160.53878784179688,12.59000015258789,13.649999618530273,49.26972198486328,77.3701171875,80.34355926513672,2.2,2.09,
2014-07-11,160.7595672607422,12.079999923706055,13.279999732971191,49.35331344604492,77.611328125,80.85617065429688,2.2,2.05,-0.775
2014-07-14,161.56907653808594,11.819999694824219,12.930000305175781,49.33766174316406,77.4483413696289,80.50729370117188,2.21,2.07,
2014-07-15,161.26651000976562,11.960000038146973,13.15999984741211,49.25930404663086,77.36359405517578,80.34355926513672,2.2,2.07,
2014-07-16,161.86338806152344,11.0,12.630000114440918,49.18094253540039,77.5461196899414,80.77072143554688,2.19,2.05,
2014-07-17,160.0236358642578,14.539999961853027,14.970000267028809,48.83615493774414,77.83955383300781,81.78874206542969,2.22,2.0,
2014-07-18,161.65895080566406,12.0600004196167,13.359999656677246,49.03988265991211,77.73519897460938,81.52531433105469,2.2,1.99,-0.763
2014-07-21,161.35643005371094,12.8100004196167,13.800000190734863,48.95631408691406,77.73519897460938,81.9311294555664,2.19,1.98,
2014-07-22,162.05963134765625,12.239999771118164,13.5,49.02424621582031,77.79383850097656,82.1019515991211,2.19,1.99,
2014-07-23,162.41940307617188,11.520000457763672,13.380000114440918,49.118255615234375,77.88516235351562,81.99514770507812,2.2,1.98,
2014-07-24,162.42758178710938,11.84000015258789,13.449999809265137,49.20703887939453,77.57872772216797,81.3829116821289,2.2,1.99,
2014-07-25,161.6671142578125,12.6899995803833,14.0,49.12349319458008,77.87858581542969,82.34394836425781,2.19,1.95,-0.753
2014-07-28,161.73255920410156,12.5600004196167,13.920000076293945,48.97722244262695,77.78739166259766,82.23011779785156,2.19,1.96,
2014-07-29,161.0375213623047,13.279999732971191,14.220000267028809,48.9093132019043,77.85904693603516,82.5290756225586,2.18,1.93,
2014-07-30,161.0620574951172,13.329999923706055,14.260000228881836,48.705570220947266,77.5005111694336,81.3829116821289,2.17,2.01,
2014-07-31,157.88140869140625,16.950000762939453,16.3799991607666,48.30857849121094,77.2853775024414,81.14083862304688,2.17,2.05,
2014-08-01,157.39898681640625,17.030000686645508,16.780000686645508,48.303863525390625,77.68352508544922,81.76897430419922,2.23,2.05,-0.745
2014-08-04,158.53550720214844,15.119999885559082,15.8100004196167,48.59776306152344,77.70315551757812,81.55489349365234,2.24,2.04,
2014-08-05,156.99827575683594,16.8700008392334,17.139999389648438,48.50328826904297,77.78162384033203,81.81895446777344,2.25,2.02,
2014-08-06,157.04736328125,16.3700008392334,16.93000030517578,48.61874008178711,77.64432525634766,81.86895751953125,2.26,2.01,
2014-08-07,156.197021484375,16.65999984741211,17.219999313354492,48.65024185180664,77.84699249267578,82.63259887695312,2.28,1.99,
2014-08-08,158.00399780273438,15.770000457763672,16.690000534057617,48.80241775512695,77.8273696899414,82.4542007446289,2.27,1.99,-0.74
2014-08-11,158.46197509765625,14.229999542236328,15.760000228881836,49.03336715698242,77.8600845336914,82.44711303710938,2.28,1.97,
2014-08-12,158.2411651611328,14.130000114440918,15.699999809265137,49.022865295410156,77.82085418701172,81.91175079345703,2.29,2.01,
2014-08-13,159.31228637695312,12.899999618530273,14.850000381469727,49.16455078125,77.97770690917969,82.44711303710938,2.31,2.0,
2014-08-14,160.06451416015625,12.420000076293945,14.430000305175781,49.25902557373047,78.06272888183594,83.11087036132812,2.29,1.98,
2014-08-15,160.03182983398438,13.149999618530273,14.420000076293945,49.3587646484375,78.33736419677734,84.017333984375,2.29,1.92,-0.739
2014-08-18,161.37281799316406,12.319999694824219,13.90999984741211,49.50044250488281,78.16078186035156,83.18224334716797,2.31,1.95,
2014-08-19,162.21498107910156,12.210000038146973,13.789999961853027,49.48467254638672,78.1084976196289,82.92524719238281,2.33,1.94,
2014-08-20,162.6483612060547,11.779999732971191,13.760000228881836,49.52143096923828,77.93199157714844,82.78966522216797,2.3,1.94,
2014-08-21,163.1225128173828,11.760000228881836,13.529999732971191,49.52143096923828,78.20000457763672,83.2536849975586,2.28,1.92,
2014-08-22,162.86907958984375,11.470000267028809,13.510000228881836,49.400718688964844,78.29811096191406,83.71759033203125,2.26,1.87,-0.738
2014-08-25,163.69493103027344,11.699999809265137,13.569999694824219,49.505680084228516,78.42231750488281,84.0316162109375,2.25,1.86,
2014-08-26,163.80123901367188,11.630000114440918,13.710000038146973,49.54243469238281,78.47464752197266,83.76038360595703,2.26,1.87,
2014-08-27,163.7357940673828,11.779999732971191,13.920000076293945,49.49518585205078,78.60540008544922,84.47415924072266,2.24,1.86,
2014-08-28,163.64588928222656,12.050000190734863,14.130000114440918,49.42170333862305,78.77538299560547,84.9167251586914,2.23,1.84,
2014-08-29,164.11192321777344,12.09000015258789,14.260000228881836,49.458438873291016,78.83419036865234,84.97378540039062,2.23,1.87,-0.735
2014-09-02,164.0301971435547,12.25,14.460000038146973,49.516441345214844,78.45919799804688,83.50796508789062,2.25,1.89,
2014-09-03,163.940185546875,12.359999656677246,14.390000343322754,49.389923095703125,78.56407165527344,83.97298431396484,2.24,1.89,
2014-09-04,163.70310974121094,12.640000343322754,14.539999961853027,49.22648620605469,78.0068130493164,82.949951171875,2.25,1.91,
2014-09-05,164.43896484375,12.09000015258789,14.079999923706055,49.16847610473633,78.0198974609375,82.7925796508789,2.29,1.94,-0.729
2014-09-08,164.01377868652344,12.65999984741211,14.390000343322754,49.121028900146484,77.88880920410156,82.82831573486328,2.26,1.94,
2014-09-09,162.9753875732422,13.5,14.84000015258789,48.89433670043945,77.67896270751953,82.76396942138672,2.25,1.94,
2014-09-10,163.588623046875,12.880000114440918,14.630000114440918,48.915409088134766,77.55441284179688,82.24169921875,2.26,1.96,
2014-09-11,163.7766876220703,12.800000190734863,14.680000305175781,48.915409088134766,77.49539184570312,81.96985626220703,2.25,1.96,
2014-09-12,162.8200225830078,13.3100004196167,15.039999961853027,48.857391357421875,77.12165069580078,81.11138153076172,2.27,2.04,-0.718
2014-09-15,162.69737243652344,14.119999885559082,15.579999923706055,48.76780319213867,77.14139556884766,81.23296356201172,2.28,2.02,
2014-09-16,163.92388916015625,12.729999542236328,14.850000381469727,48.867950439453125,77.12825775146484,80.9039535522461,2.3,2.05,
2014-09-17,164.1446075439453,12.649999618530273,14.619999885559082,49.026126861572266,76.9184799194336,80.69644165039062,2.29,2.03,
2014-09-18,165.01953125,12.029999732971191,14.229999542236328,49.04194641113281,77.05613708496094,80.95401000976562,2.28,2.04,
2014-09-19,164.87081909179688,12.109999656677246,14.380000114440918,49.115779876708984,77.35772705078125,81.98416137695312,2.26,2.0,-0.702
2014-09-22,163.59756469726562,13.6899995803833,15.260000228881836,49.026126861572266,77.4298324584961,82.0843276977539,2.27,1.99,
2014-09-23,162.6610565185547,14.930000305175781,16.06999969482422,48.7783317565918,77.55441284179688,82.59221649169922,2.26,1.97,
2014-09-24,163.9343719482422,13.270000457763672,15.220000267028809,48.63070297241211,77.370849609375,82.13440704345703,2.27,1.98,
2014-09-25,161.28916931152344,15.640000343322754,16.59000015258789,48.298545837402344,77.6003189086914,83.10735321044922,2.27,1.96,
2014-09-26,162.5707244873047,14.850000381469727,16.020000457763672,48.26692199707031,77.4298324584961,82.98570251464844,2.27,1.95,-0.685
2014-09-29,162.27496337890625,15.979999542236328,16.81999969482422,48.16679382324219,77.39706420898438,83.65101623535156,2.27,1.92,
2014-09-30,161.84779357910156,16.309999465942383,17.079999923706055,48.47780990600586,77.50852966308594,83.17884826660156,2.29,1.94,
2014-10-01,159.65444946289062,16.709999084472656,17.6200008392334,48.53132629394531,77.9786376953125,84.7918472290039,2.31,1.89,
2014-10-02,159.67913818359375,16.15999984741211,17.239999771118164,48.6265754699707,77.9720458984375,84.05309295654297,2.32,1.91,
2014-10-03,161.43711853027344,14.550000190734863,16.040000915527344,48.79075241088867,78.19560241699219,84.41171264648438,2.29,1.88,-0.669
2014-10-06,161.24813842773438,15.460000038146973,16.549999237060547,48.84366989135742,78.23507690429688,84.46194458007812,2.3,1.89,
2014-10-07,158.759033203125,17.200000762939453,17.68000030517578,48.65837860107422,78.51778411865234,85.60215759277344,2.3,1.84,
2014-10-08,161.53565979003906,15.109999656677246,16.280000686645508,48.89134216308594,78.91883850097656,85.62373352050781,2.32,1.89,
2014-10-09,158.33184814453125,18.760000228881836,18.09000015258789,48.37248229980469,78.59012603759766,85.25082397460938,2.34,1.88,
2014-10-10,156.5246124267578,21.239999771118164,19.93000030517578,47.98067092895508,78.65584564208984,86.0970687866211,2.36,1.86,-0.657
2014-10-13,153.95343017578125,24.639999389648438,22.1200008392334,47.74235916137695,78.85968017578125,86.62062072753906,,,
2014-10-14,154.19161987304688,22.790000915527344,21.3700008392334,47.901222229003906,79.03717803955078,87.18720245361328,2.39,1.82,
2014-10-15,153.14834594726562,25.270000457763672,22.770000457763672,47.91181945800781,79.09642028808594,87.87565612792969,2.44,1.81,
2014-10-16,153.0168914794922,25.200000762939453,22.850000381469727,48.18185806274414,78.91883850097656,87.3162612915039,2.47,1.82,
2014-10-17,154.82412719726562,21.989999771118164,21.25,48.58954620361328,78.88597106933594,86.82860565185547,2.44,1.83,-0.649
2014-10-20,156.3274688720703,18.56999969482422,19.670000076293945,48.93900680541992,79.03059387207031,87.1441421508789,2.45,1.83,
2014-10-21,159.4244384765625,16.079999923706055,17.8700008392334,49.33608627319336,78.98457336425781,86.4484634399414,2.43,1.85,
2014-10-22,158.29080200195312,17.8700008392334,19.059999465942383,49.01313400268555,78.85306549072266,86.5417709350586,2.42,1.84,
2014-10-23,160.1309051513672,16.530000686645508,18.219999313354492,48.99191665649414,78.7018814086914,85.77433013916016,2.42,1.88,
2014-10-24,161.36317443847656,16.110000610351562,17.920000076293945,49.129608154296875,78.73475646972656,85.86038970947266,2.43,1.88,-0.65
2014-10-27,161.14134216308594,16.040000915527344,17.860000610351562,48.928409576416016,78.83341979980469,86.01811981201172,2.44,1.86,
2014-10-28,162.9897003173828,14.390000343322754,16.459999084472656,49.0078125,78.57037353515625,85.48028564453125,2.43,1.88,
2014-10-29,162.7432403564453,15.149999618530273,16.889999389648438,48.97076416015625,78.42569732666016,85.67393493652344,2.36,1.86,
2014-10-30,163.78646850585938,14.520000457763672,16.739999771118164,48.9495735168457,78.47832489013672,85.74565887451172,2.39,1.84,
2014-10-31,165.65945434570312,14.029999732971191,16.510000228881836,48.99191665649414,78.46520233154297,85.52330017089844,2.39,1.85,-0.655
2014-11-03,165.74981689453125,14.729999542236328,16.809999465942383,49.095123291015625,78.31024169921875,85.5233154296875,2.39,1.84,
2014-11-04,165.17478942871094,14.890000343322754,16.93000030517578,48.94089126586914,78.42234802246094,85.78933715820312,2.39,1.83,
2014-11-05,166.21804809570312,14.170000076293945,16.56999969482422,48.93022918701172,78.27723693847656,85.6671371459961,2.39,1.84,
2014-11-06,166.88348388671875,13.670000076293945,16.260000228881836,49.0578727722168,78.03985595703125,85.1135482788086,2.4,1.85,
2014-11-07,167.03952026367188,13.119999885559082,15.829999923706055,49.1057243347168,78.53439331054688,86.09131622314453,2.43,1.81,-0.662
2014-11-10,167.56532287597656,12.670000076293945,15.039999961853027,49.12701416015625,78.13877868652344,85.30044555664062,2.41,1.83,
2014-11-11,167.7296142578125,12.920000076293945,15.359999656677246,49.23868179321289,78.1321792602539,85.35795593261719,,,
2014-11-12,167.54885864257812,13.020000457763672,15.739999771118164,49.07916259765625,78.12560272216797,85.28607177734375,2.43,1.82,
2014-11-13,167.73777770996094,13.789999961853027,15.890000343322754,48.877071380615234,78.03985595703125,85.4874267578125,2.47,1.82,
2014-11-14,167.77891540527344,13.3100004196167,15.960000038146973,48.6324577331543,78.13877868652344,85.90432739257812,2.48,1.78,-0.666
2014-11-17,167.88571166992188,13.989999771118164,15.930000305175781,48.627140045166016,77.95416259765625,85.68870544433594,2.49,1.8,
2014-11-18,168.8550262451172,13.859999656677246,15.699999809265137,48.5313835144043,78.0201416015625,85.92594146728516,2.52,1.79,
2014-11-19,168.58396911621094,13.960000038146973,15.970000267028809,48.52080154418945,77.604736328125,85.37955474853516,2.51,1.82,
2014-11-20,168.87962341308594,13.579999923706055,16.010000228881836,48.52608871459961,77.90144348144531,85.82527923583984,2.52,1.81,
2014-11-21,169.7832794189453,12.899999618530273,15.789999961853027,48.79196548461914,78.23771667480469,86.34292602539062,2.49,1.78,-0.666
2014-11-24,170.2597198486328,12.619999885559082,15.550000190734863,48.786651611328125,78.36298370361328,86.4147720336914,2.5,1.77,
2014-11-25,170.1365509033203,12.25,15.40999984741211,48.8664436340332,78.69925689697266,87.1337890625,2.46,1.76,
2014-11-26,170.57192993164062,12.069999694824219,15.319999694824219,48.93022918701172,78.96956634521484,87.37095642089844,2.47,1.71,
2014-11-28,170.21044921875,13.329999923706055,15.930000305175781,48.46226501464844,79.18054962158203,88.06111145019531,2.52,1.71,-0.659
2014-12-01,169.02749633789062,14.15999984741211,16.65999984741211,47.97453689575195,78.90613555908203,87.54740905761719,2.54,1.73,
2014-12-02,170.12010192871094,12.850000381469727,15.960000038146973,48.23630905151367,78.37723541259766,86.69711303710938,2.54,1.73,
2014-12-03,170.77732849121094,12.5,15.529999732971191,48.31645202636719,78.4565658569336,87.03575134277344,2.52,1.72,
2014-12-04,170.58834838867188,12.380000114440918,15.640000343322754,48.28437042236328,78.58220672607422,87.7635498046875,2.53,1.7,
2014-12-05,170.86766052246094,11.890000343322754,15.300000190734863,48.246978759765625,78.25820922851562,87.2519302368164,2.48,1.66,-0.646
2014-12-08,169.72581481933594,14.210000038146973,16.780000686645508,48.0012092590332,78.62849426269531,88.31830596923828,2.48,1.62,
2014-12-09,169.6107940673828,15.350000381469727,17.229999542236328,47.97453689575195,78.69458770751953,88.77232360839844,2.51,1.58,
2014-12-10,166.8917236328125,18.530000686645508,19.139999389648438,47.42424011230469,78.66816711425781,89.42083740234375,2.53,1.59,
2014-12-11,167.73777770996094,20.079999923706055,20.719999313354492,47.2532844543457,78.58881378173828,89.78831481933594,2.53,1.57,
2014-12-12,165.02696228027344,21.079999923706055,21.0,46.612220764160156,78.71444702148438,91.00604248046875,2.58,1.54,-0.626
2014-12-15,163.8932647705078,20.420000076293945,21.059999465942383,46.585487365722656,78.89955139160156,90.81868743896484,2.56,1.52,
2014-12-16,162.5789337158203,23.56999969482422,23.09000015258789,46.419891357421875,78.87312316894531,91.94276428222656,2.6,1.49,
2014-12-17,165.76625061035156,19.440000534057617,20.43000030517578,47.36547088623047,78.89293670654297,91.11408233642578,2.6,1.52,
2014-12-18,169.86544799804688,16.809999465942383,18.479999542236328,47.74480056762695,78.97228240966797,89.49288177490234,2.56,1.55,
2014-12-19,170.5882110595703,16.489999771118164,18.469999313354492,48.204227447509766,78.9325942993164,90.69619750976562,2.56,1.5,-0.603
2014-12-22,171.37290954589844,15.25,17.59000015258789,48.08671188354492,79.18387603759766,90.81868743896484,2.53,1.46,
2014-12-23,171.60421752929688,14.800000190734863,17.940000534057617,48.257659912109375,78.58220672607422,89.01730346679688,2.53,1.53,
2014-12-24,171.62074279785156,14.369999885559082,17.260000228881836,48.421844482421875,78.83547973632812,89.5018081665039,2.5,1.54,
2014-12-26,172.17416381835938,14.5,17.15999984741211,48.271610260009766,78.89514923095703,89.83402252197266,2.5,1.52,-0.581
2014-12-29,172.40542602539062,15.0600004196167,17.270000457763672,48.298439025878906,79.04761505126953,90.50548553466797,2.49,1.5,
2014-12-30,171.48028564453125,15.920000076293945,18.020000457763672,48.20183563232422,79.11390686035156,90.75100708007812,2.49,1.51,
2014-12-31,169.77870178222656,19.200000762939453,19.739999771118164,48.07310485839844,79.16693878173828,90.92431640625,2.51,1.5,
2015-01-02,169.68783569335938,17.790000915527344,19.459999084472656,48.07310485839844,79.44540405273438,91.93522644042969,2.51,1.46,-0.559
2015-01-05,166.62335205078125,19.920000076293945,20.790000915527344,47.62776184082031,79.7702407836914,93.37942504882812,2.52,1.36,
2015-01-06,165.05393981933594,21.1200008392334,21.420000076293945,47.44536590576172,80.09512329101562,95.06185150146484,2.52,1.32,
2015-01-07,167.11070251464844,19.309999465942383,20.079999923706055,47.74042892456055,80.20117950439453,94.87411499023438,2.53,1.34,
2015-01-08,170.07608032226562,17.010000228881836,18.65999984741211,48.09994125366211,79.942626953125,93.61769104003906,2.54,1.41,
2015-01-09,168.713134765625,17.549999237060547,19.31999969482422,48.341373443603516,80.15478515625,94.6430435180664,2.55,1.39,-0.541
2015-01-12,167.3915557861328,19.600000381469727,20.479999542236328,48.28232192993164,80.30728149414062,95.18457794189453,2.55,1.36,
2015-01-13,166.92068481445312,20.559999465942383,21.270000457763672,48.28232192993164,80.38021087646484,95.18457794189453,2.55,1.37,
2015-01-14,165.91299438476562,21.479999542236328,20.93000030517578,48.16966247558594,80.51946258544922,95.90668487548828,2.58,1.35,
2015-01-15,164.3931121826172,22.389999389648438,22.110000610351562,47.87458801269531,80.93711853027344,97.415771484375,2.65,1.33,
2015-01-16,166.54901123046875,20.950000762939453,21.149999618530273,48.05699157714844,80.48627471923828,96.17382049560547,2.62,1.34,-0.526
2015-01-20,166.90414428710938,19.889999389648438,20.8700008392334,47.97116470336914,80.67194366455078,97.45194244384766,2.61,1.29,
2015-01-21,167.74667358398438,18.850000381469727,20.040000915527344,48.22867965698242,80.63878631591797,96.32547760009766,2.59,1.34,
2015-01-22,170.24130249023438,16.399999618530273,18.600000381469727,48.2930908203125,80.5989761352539,95.97888946533203,2.59,1.37,
2015-01-23,169.30787658691406,16.65999984741211,19.0,48.2930908203125,81.06968688964844,97.31471252441406,2.6,1.29,-0.517
2015-01-26,169.70433044433594,15.520000457763672,18.030000686645508,48.51302719116211,81.04981994628906,97.01863861083984,2.58,1.29,
2015-01-27,167.46583557128906,17.219999313354492,19.110000610351562,48.47549819946289,81.10950469970703,97.17029571533203,2.59,1.29,
2015-01-28,165.31826782226562,20.440000534057617,21.440000534057617,48.37355422973633,81.65975952148438,98.75885772705078,2.59,1.23,
2015-01-29,166.84634399414062,18.760000228881836,20.0,48.545257568359375,81.467529296875,98.1089859008789,2.58,1.26,
2015-01-30,164.748291015625,20.969999313354492,21.81999969482422,48.41111373901367,82.13713073730469,99.84920501708984,2.61,1.21,-0.514
2015-02-02,166.7885284423828,19.43000030517578,20.90999984741211,48.59695816040039,82.21355438232422,99.47228240966797,2.61,1.19,
2015-02-03,169.2004852294922,17.329999923706055,19.489999771118164,48.87172317504883,81.54876708984375,97.36672973632812,2.61,1.27,
2015-02-04,168.55616760253906,18.329999923706055,20.43000030517578,48.666996002197266,81.66178894042969,97.53319549560547,2.6,1.29,
2015-02-05,170.2577667236328,16.850000381469727,19.270000457763672,48.9525032043457,81.40252685546875,96.46235656738281,2.6,1.31,
2015-02-06,169.7869873046875,17.290000915527344,19.8799991607666,48.99021530151367,80.55158996582031,94.75481414794922,2.55,1.3,-0.515
2015-02-09,169.0270233154297,18.549999237060547,20.670000076293945,48.87172317504883,80.60478973388672,94.60282897949219,2.53,1.31,
2015-02-10,170.82774353027344,17.229999542236328,19.729999542236328,49.038692474365234,80.38543701171875,93.85034942626953,2.53,1.34,
2015-02-11,170.92684936523438,16.959999084472656,19.709999084472656,49.02252960205078,80.43854522705078,94.02400970458984,2.53,1.33,
2015-02-12,172.57061767578125,15.34000015258789,18.34000015258789,49.01715850830078,80.64466857910156,93.71292114257812,2.54,1.38,
2015-02-13,173.2809600830078,14.6899995803833,18.1299991607666,49.087188720703125,80.3255615234375,92.75061798095703,2.55,1.36,-0.519
2015-02-17,173.55360412597656,15.800000190734863,18.3799991607666,49.05485916137695,79.95330810546875,91.35415649414062,2.53,1.44,
2015-02-18,173.57008361816406,15.449999809265137,18.65999984741211,49.22187423706055,80.23915100097656,91.89680480957031,2.53,1.45,
2015-02-19,173.44619750976562,15.289999961853027,18.010000228881836,49.10872268676758,80.22586822509766,91.2890396118164,2.53,1.44,
2015-02-20,174.4869842529297,14.300000190734863,17.290000915527344,49.243446350097656,80.3455810546875,91.55670928955078,2.5,1.46,-0.525
2015-02-23,174.4622039794922,14.5600004196167,17.540000915527344,49.281124114990234,80.61808776855469,92.6058578491211,2.48,1.42,
2015-02-24,174.9578094482422,13.6899995803833,16.709999084472656,49.329627990722656,81.14325714111328,93.8214111328125,2.49,1.39,
2015-02-25,174.80917358398438,13.84000015258789,16.8700008392334,49.4912223815918,81.21639251708984,94.22657775878906,2.49,1.35,
2015-02-26,174.6026611328125,13.90999984741211,16.850000381469727,49.4804573059082,80.77763366699219,92.93866729736328,2.44,1.37,
2015-02-27,174.00791931152344,13.34000015258789,16.889999389648438,49.4912223815918,80.97039794921875,93.7200927734375,2.46,1.37,-0.532
2015-03-02,175.10650634765625,13.039999961853027,16.459999084472656,49.48202133178711,80.26856231689453,91.97444152832031,2.48,1.42,
2015-03-03,174.38790893554688,13.859999656677246,16.780000686645508,49.341373443603516,80.22187042236328,91.64096069335938,2.46,1.44,
2015-03-04,173.6527099609375,14.229999542236328,16.90999984741211,49.24935531616211,80.16853332519531,91.66997528076172,2.46,1.46,
2015-03-05,173.8427276611328,14.039999961853027,16.639999389648438,49.341373443603516,80.27519989013672,91.5539779663086,2.47,1.46,
2015-03-06,171.3977508544922,15.199999809265137,17.510000228881836,49.027557373046875,79.4219970703125,89.53136444091797,2.45,1.51,-0.537
2015-03-09,172.10806274414062,15.0600004196167,17.309999465942383,48.92477035522461,79.74188995361328,90.3578109741211,2.46,1.5,
2015-03-10,169.31614685058594,16.690000534057617,18.260000228881836,48.735408782958984,79.86857604980469,91.5467300415039,2.45,1.44,
2015-03-11,168.9196319580078,16.8700008392334,18.530000686645508,48.87068176269531,80.27519989013672,92.21370697021484,2.45,1.41,
2015-03-12,171.0673065185547,15.420000076293945,17.389999389648438,48.968048095703125,80.1952133178711,92.14845275878906,2.46,1.43,
2015-03-13,170.01828002929688,16.0,17.889999389648438,48.80033493041992,79.96855926513672,91.86572265625,2.47,1.45,-0.541
2015-03-16,172.28976440429688,15.609999656677246,17.399999618530273,48.75164794921875,80.04853820800781,92.7501449584961,2.48,1.44,
2015-03-17,171.77769470214844,15.65999984741211,17.479999542236328,48.50820541381836,80.18186950683594,93.51860809326172,2.49,1.36,
2015-03-18,173.8427276611328,13.970000267028809,16.43000030517578,48.94099426269531,81.16842651367188,95.32372283935547,2.55,1.36,
2015-03-19,173.04977416992188,14.069999694824219,16.969999313354492,48.55146789550781,80.755126953125,94.8380126953125,2.5,1.35,
2015-03-20,174.57717895507812,13.020000457763672,16.709999084472656,48.930152893066406,80.98173522949219,95.3382568359375,2.51,1.33,-0.544
2015-03-23,174.2370147705078,13.40999984741211,16.530000686645508,48.968048095703125,81.16842651367188,95.22224426269531,2.54,1.32,
2015-03-24,173.25796508789062,13.619999885559082,16.59000015258789,49.043800354003906,81.288330078125,96.14291381835938,2.53,1.3,
2015-03-25,170.71908569335938,15.4399995803833,17.56999969482422,48.91393280029297,81.02172088623047,95.33098602294922,2.53,1.34,
2015-03-26,170.31256103515625,15.800000190734863,17.56999969482422,48.90855026245117,80.5218276977539,93.84479522705078,2.55,1.4,
2015-03-27,170.7024688720703,15.069999694824219,17.389999389648438,48.9463996887207,80.84178161621094,95.01195526123047,2.53,1.37,-0.546
2015-03-30,172.78500366210938,14.510000228881836,16.920000076293945,49.08165740966797,80.98173522949219,94.54076385498047,2.55,1.38,
2015-03-31,171.27499389648438,15.289999961853027,17.540000915527344,49.022178649902344,81.12837219238281,94.74372100830078,2.55,1.38,
2015-04-01,170.66934204101562,15.109999656677246,17.34000015258789,49.12325668334961,81.36163330078125,95.9881820678711,2.55,1.32,
2015-04-02,171.2832489013672,14.670000076293945,17.219999313354492,49.16126251220703,81.22795104980469,94.97115325927734,2.55,1.37,
2015-04-06,172.43658447265625,14.739999771118164,16.81999969482422,49.28626251220703,81.33494567871094,94.44081115722656,2.58,1.41,
2015-04-07,171.98023986816406,14.779999732971191,16.799999237060547,49.547142028808594,81.62902069091797,95.23262023925781,2.56,1.37,
2015-04-08,172.56100463867188,13.979999542236328,16.399999618530273,49.536251068115234,81.60227966308594,95.26172637939453,2.51,1.38,
2015-04-09,173.3243865966797,13.09000015258789,16.020000457763672,49.48735427856445,81.18790435791016,94.02674102783203,2.53,1.41,
2015-04-10,174.27017211914062,12.579999923706055,15.460000038146973,49.60149383544922,81.3014907836914,94.16471099853516,2.53,1.39,-0.55
2015-04-13,173.48196411132812,13.9399995803833,16.31999969482422,49.50909423828125,81.27476501464844,94.29551696777344,2.54,1.4,
2015-04-14,173.8138885498047,13.670000076293945,15.850000381469727,49.53084945678711,81.46192169189453,94.96388244628906,2.54,1.37,
2015-04-15,174.59384155273438,12.84000015258789,15.6899995803833,49.726478576660156,81.51539611816406,94.88397216796875,2.54,1.4,
2015-04-16,174.54403686523438,12.600000381469727,15.329999923706055,49.62321853637695,81.46857452392578,94.41179656982422,2.55,1.4,
2015-04-17,172.5361328125,13.890000343322754,16.139999389648438,49.47101593017578,81.68914031982422,95.4941635131836,2.53,1.36,-0.551
2015-04-20,174.11253356933594,13.300000190734863,15.579999923706055,49.57976150512695,81.495361328125,94.65149688720703,2.55,1.35,
2015-04-21,173.90516662597656,13.25,15.520000457763672,49.61232376098633,81.47532653808594,94.22288513183594,2.54,1.37,
2015-04-22,174.75975036621094,12.710000038146973,15.460000038146973,49.563446044921875,80.94728088378906,92.78446960449219,2.53,1.42,
2015-04-23,175.19943237304688,12.479999542236328,15.170000076293945,49.547142028808594,81.15442657470703,93.18401336669922,2.54,1.41,
2015-04-24,175.6060028076172,12.289999961853027,15.260000228881836,49.62864303588867,81.30819702148438,93.76519775390625,2.56,1.39,-0.553
2015-04-27,174.87594604492188,13.119999885559082,15.930000305175781,49.64494323730469,81.24803924560547,93.76519775390625,2.54,1.4,
2015-04-28,175.43173217773438,12.40999984741211,15.3100004196167,49.56888961791992,80.7668228149414,92.47210693359375,2.55,1.44,
2015-04-29,174.7099609375,13.390000343322754,15.970000267028809,49.47649383544922,80.09844970703125,91.33880615234375,2.58,1.5,
2015-04-30,172.95928955078125,14.550000190734863,16.479999542236328,49.449310302734375,80.16523742675781,91.49862670898438,2.6,1.47,
2015-05-01,174.83444213867188,12.699999809265137,15.380000114440918,49.55957794189453,79.72290802001953,90.2669677734375,2.61,1.52,-0.554
2015-05-04,175.33226013183594,12.850000381469727,15.430000305175781,49.548641204833984,79.4682846069336,89.41522979736328,2.61,1.56,
2015-05-05,173.3243865966797,14.3100004196167,16.31999969482422,49.483150482177734,79.33418273925781,89.29149627685547,2.62,1.57,
2015-05-06,172.6107635498047,15.149999618530273,16.719999313354492,49.33576583862305,78.99235534667969,87.76274108886719,2.64,1.6,
2015-05-07,173.29949951171875,15.130000114440918,16.739999771118164,49.33030700683594,79.30738067626953,88.9420394897461,2.64,1.55,
2015-05-08,175.5811309814453,12.859999656677246,15.5600004196167,49.71788787841797,79.76310729980469,89.18224334716797,2.65,1.57,-0.553
2015-05-11,174.7431182861328,13.850000381469727,16.100000381469727,49.40671920776367,78.95884704589844,87.01300048828125,2.66,1.66,
2015-05-12,174.22044372558594,13.859999656677246,16.399999618530273,49.40128707885742,78.84493255615234,87.23860931396484,2.65,1.67,
2015-05-13,174.25363159179688,13.760000228881836,16.290000915527344,49.33030700683594,78.77118682861328,86.53974914550781,2.71,1.68,
2015-05-14,176.07066345214844,12.739999771118164,15.90999984741211,49.57048034667969,79.03926849365234,86.77268981933594,2.74,1.67,
2015-05-15,176.26150512695312,12.380000114440918,15.569999694824219,49.679649353027344,79.58883666992188,88.51251220703125,2.72,1.59,-0.554
2015-05-18,176.80909729003906,12.729999542236328,15.229999542236328,49.597801208496094,78.97894287109375,87.0274887084961,2.73,1.65,
2015-05-19,176.7510223388672,12.850000381469727,15.279999732971191,49.52135467529297,78.55670928955078,86.25584411621094,2.71,1.64,
2015-05-20,176.62655639648438,12.880000114440918,15.149999618530273,49.461334228515625,78.65058135986328,86.4013900756836,2.73,1.66,
2015-05-21,177.14102172851562,12.109999656677246,14.609999656677246,49.532264709472656,79.0259017944336,87.60983276367188,2.75,1.59,
2015-05-22,176.71780395507812,12.130000114440918,14.479999542236328,49.57048034667969,78.97225952148438,87.64627838134766,2.74,1.57,-0.554
2015-05-26,174.8178253173828,14.0600004196167,15.479999542236328,49.46677780151367,79.32075500488281,89.1458740234375,2.73,1.5,
2015-05-27,176.47720336914062,13.270000457763672,14.989999771118164,49.57596969604492,79.40119171142578,89.34966278076172,2.71,1.5,
2015-05-28,176.2781219482422,13.3100004196167,15.010000228881836,49.554115295410156,79.23365020751953,89.13134002685547,2.75,1.51,
2015-05-29,175.182861328125,13.84000015258789,15.380000114440918,49.625064849853516,79.26713562011719,89.32781982421875,2.72,1.51,-0.554
2015-06-01,175.53964233398438,13.970000267028809,15.40999984741211,49.70844650268555,78.82292938232422,88.36778259277344,2.75,1.55,
2015-06-02,175.36541748046875,14.239999771118164,15.710000038146973,49.615211486816406,78.41960906982422,87.13489532470703,2.75,1.63,
2015-06-03,175.830078125,13.65999984741211,15.359999656677246,49.34654998779297,77.91561126708984,85.73420715332031,2.72,1.69,
2015-06-04,174.34487915039062,14.710000038146973,16.280000686645508,49.187538146972656,78.31884002685547,86.8503646850586,2.72,1.65,
2015-06-05,174.04615783691406,14.210000038146973,15.960000038146973,49.03951644897461,77.92232513427734,85.79258728027344,2.69,1.68,-0.553
2015-06-08,172.9758758544922,15.289999961853027,16.600000381469727,49.03951644897461,77.8685073852539,85.69768524169922,2.7,1.69,
2015-06-09,172.95101928710938,14.470000267028809,16.25,48.95724105834961,77.5190200805664,85.0192642211914,2.73,1.7,
2015-06-10,175.02525329589844,13.220000267028809,15.329999923706055,49.023067474365234,77.31067657470703,84.27517700195312,2.7,1.75,
2015-06-11,175.58944702148438,12.850000381469727,15.100000381469727,49.12173080444336,77.9962158203125,86.0478515625,2.71,1.66,
2015-06-12,174.245361328125,13.779999732971191,15.609999656677246,48.940792083740234,77.86180114746094,86.0478515625,2.7,1.65,-0.552
2015-06-15,173.4986114501953,15.390000343322754,16.6200008392334,48.71054458618164,77.84844207763672,86.18649291992188,2.73,1.64,
2015-06-16,174.4444580078125,14.8100004196167,16.200000762939453,48.984676361083984,78.04325866699219,86.86495208740234,2.74,1.61,
2015-06-17,174.7265625,14.5,16.219999313354492,48.940792083740234,78.03659057617188,86.19378662109375,2.76,1.65,
2015-06-18,176.5435333251953,13.1899995803833,15.4399995803833,49.12173080444336,77.89541625976562,85.77069854736328,2.82,1.69,
2015-06-19,175.75985717773438,13.960000038146973,15.90999984741211,49.14914321899414,78.3121337890625,86.87224578857422,2.82,1.61,-0.549
2015-06-22,176.66033935546875,12.739999771118164,14.989999771118164,49.24782180786133,77.69385528564453,85.09950256347656,2.81,1.69,
2015-06-23,176.7853546142578,12.109999656677246,14.539999961853027,49.2149658203125,77.5190200805664,84.5887680053711,2.82,1.72,
2015-06-24,175.5014190673828,13.260000228881836,15.180000305175781,49.08334732055664,77.73411560058594,85.318359375,2.81,1.7,
2015-06-25,174.9678497314453,14.010000228881836,15.520000457763672,48.93532180786133,77.60645294189453,85.0192642211914,2.8,1.72,
2015-06-26,174.9345245361328,14.020000457763672,15.460000038146973,48.792789459228516,77.2502212524414,84.06354522705078,2.81,1.77,-0.547
2015-06-29,171.26605224609375,18.850000381469727,18.719999313354492,48.458309173583984,77.92232513427734,86.28865051269531,2.84,1.69,
2015-06-30,171.62454223632812,18.229999542236328,18.469999313354492,48.688575744628906,77.77445983886719,85.69038391113281,2.83,1.71,
2015-07-01,173.00027465820312,16.09000015258789,16.790000915527344,48.69682312011719,77.52505493164062,84.53375244140625,2.83,1.74,
2015-07-02,172.8418426513672,16.790000915527344,17.68000030517578,48.878604888916016,77.82159423828125,84.81160736083984,2.86,1.76,
2015-07-06,172.34988403320312,17.010000228881836,18.040000915527344,48.71889114379883,78.13167572021484,86.38352966308594,2.84,1.7,
2015-07-07,173.4337615966797,16.09000015258789,17.020000457763672,48.757450103759766,78.45520782470703,87.19507598876953,2.84,1.69,
2015-07-08,170.5240020751953,19.65999984741211,19.25,48.515140533447266,78.56304931640625,87.94819641113281,2.87,1.67,
2015-07-09,170.8324737548828,19.969999313354492,19.780000686645508,48.625274658203125,78.04407501220703,86.21536254882812,2.88,1.72,
2015-07-10,172.98353576660156,16.829999923706055,17.729999542236328,48.9061164855957,77.5453109741211,84.84814453125,2.9,1.77,-0.537
2015-07-13,174.89276123046875,13.899999618530273,15.9399995803833,48.9502067565918,77.37676239013672,84.58499908447266,2.88,1.75,
2015-07-14,175.65147399902344,13.369999885559082,15.460000038146973,48.90061950683594,77.44417572021484,84.86275482177734,2.91,1.75,
2015-07-15,175.59312438964844,13.229999542236328,15.600000381469727,48.90061950683594,77.64640808105469,85.7620849609375,2.91,1.72,
2015-07-16,177.00216674804688,12.109999656677246,14.729999542236328,48.97771453857422,77.7677230834961,86.3542709350586,2.88,1.69,
2015-07-17,177.15216064453125,11.949999809265137,14.609999656677246,48.84558868408203,77.82159423828125,86.80024719238281,2.87,1.66,-0.531
2015-07-20,177.24392700195312,12.25,14.850000381469727,48.6197509765625,77.63963317871094,86.43472290039062,2.86,1.67,
2015-07-21,176.54351806640625,12.220000267028809,14.75,48.531639099121094,77.80140686035156,86.90263366699219,2.87,1.64,
2015-07-22,176.2267303466797,12.119999885559082,14.8100004196167,48.21769714355469,77.90252685546875,87.4437026977539,2.85,1.58,
2015-07-23,175.23460388183594,12.640000343322754,14.920000076293945,48.190155029296875,78.13167572021484,88.53306579589844,2.85,1.57,
2015-07-24,173.41708374023438,13.739999771118164,15.649999618530273,48.05249786376953,78.0979995727539,88.75239562988281,2.87,1.57,-0.521
2015-07-27,172.40823364257812,15.600000381469727,16.780000686645508,47.84872055053711,78.1047134399414,89.22769165039062,2.9,1.55,
2015-07-28,174.5259552001953,13.4399995803833,15.430000305175781,48.107574462890625,78.04407501220703,88.57691192626953,2.91,1.57,
2015-07-29,175.72657775878906,12.5,14.920000076293945,48.388458251953125,77.9766616821289,88.24791717529297,2.9,1.59,
2015-07-30,175.76817321777344,12.130000114440918,14.710000038146973,48.531639099121094,78.01708221435547,88.92789459228516,2.88,1.56,
2015-07-31,175.5014190673828,12.119999885559082,14.899999618530273,48.44904327392578,78.42149353027344,89.58590698242188,2.94,1.53,-0.506
2015-08-03,174.90943908691406,12.5600004196167,14.84000015258789,48.35826873779297,78.60399627685547,90.52894592285156,2.92,1.48,
2015-08-04,174.56765747070312,13.0,15.130000114440918,48.385955810546875,78.20521545410156,89.81085205078125,2.88,1.49,
2015-08-05,175.1429443359375,12.510000228881836,14.880000114440918,48.319583892822266,77.90101623535156,89.1367416381836,2.9,1.55,
2015-08-06,173.70883178710938,13.770000457763672,15.550000190734863,48.12040328979492,78.04972839355469,89.9281005859375,2.92,1.52,
2015-08-07,173.3753662109375,13.390000343322754,15.420000076293945,47.97102737426758,78.32012176513672,91.10781860351562,2.91,1.45,-0.487
2015-08-10,175.5597686767578,12.229999542236328,14.989999771118164,48.10932159423828,78.00918579101562,89.9793701171875,2.93,1.51,
2015-08-11,173.9757080078125,13.710000038146973,15.9399995803833,47.88803482055664,78.3336181640625,91.40819549560547,2.94,1.47,
2015-08-12,174.1841278076172,13.609999656677246,15.869999885559082,47.82168197631836,78.21194458007812,90.9099349975586,2.97,1.47,
2015-08-13,173.96734619140625,13.489999771118164,15.75,47.760799407958984,77.94157409667969,90.61685943603516,2.98,1.47,
2015-08-14,174.60096740722656,12.829999923706055,15.510000228881836,47.78842544555664,78.01595306396484,90.82933044433594,2.97,1.47,-0.466
2015-08-17,175.57652282714844,13.020000457763672,15.210000038146973,47.78842544555664,78.26605987548828,91.23963928222656,2.97,1.44,
2015-08-18,175.06788635253906,13.789999961853027,15.609999656677246,47.72761154174805,77.96863555908203,90.52162170410156,3.01,1.46,
2015-08-19,173.6839141845703,15.25,16.5,47.68334197998047,78.34716033935547,91.41551971435547,3.06,1.45,
2015-08-20,170.05712890625,19.139999389648438,18.829999923706055,47.450984954833984,78.39445495605469,92.33879089355469,3.04,1.4,
2015-08-21,164.9380340576172,28.030000686645508,23.469999313354492,47.279449462890625,78.41474914550781,92.6172103881836,3.1,1.41,-0.443
2015-08-24,157.99298095703125,40.7400016784668,31.139999389648438,46.892215728759766,78.19844055175781,92.58787536621094,3.14,1.42,
2015-08-25,156.13372802734375,36.02000045776367,29.579999923706055,46.98625564575195,77.79961395263672,91.10047912597656,3.17,1.45,
2015-08-26,162.12832641601562,30.31999969482422,25.649999618530273,47.37908935546875,77.7523193359375,89.34190368652344,3.2,1.51,
2015-08-27,166.1385955810547,26.100000381469727,24.860000610351562,47.73312759399414,77.82671356201172,89.39319610595703,3.15,1.5,
2015-08-28,166.1468963623047,26.049999237060547,25.34000015258789,47.77737808227539,77.96863555908203,89.65701293945312,3.13,1.47,-0.423
2015-08-31,164.80459594726562,28.43000030517578,26.530000686645508,47.71100616455078,77.77259063720703,88.96822357177734,3.15,1.47,
2015-09-01,159.88552856445312,31.399999618530273,29.530000686645508,47.55708312988281,78.2437515258789,89.60929870605469,3.18,1.47,
2015-09-02,162.92034912109375,26.09000015258789,26.190000534057617,47.751564025878906,78.12849426269531,88.83822631835938,3.17,1.48,
2015-09-03,163.03707885742188,25.610000610351562,26.200000762939453,47.818241119384766,78.50133514404297,89.271484375,3.17,1.47,
2015-09-04,160.5692138671875,27.799999237060547,28.06999969482422,47.768245697021484,78.67761993408203,90.0865707397461,3.15,1.42,-0.41
2015-09-08,164.60447692871094,24.899999618530273,25.690000534057617,48.02941131591797,78.31151580810547,88.75749206542969,3.16,1.46,
2015-09-09,162.40342712402344,26.229999542236328,26.309999465942383,47.96829605102539,78.48100280761719,89.18336486816406,3.1,1.46,
2015-09-10,163.28720092773438,24.3700008392334,25.649999618530273,48.084991455078125,78.32511901855469,88.58121490478516,3.12,1.48,
2015-09-11,164.02920532226562,23.200000762939453,24.68000030517578,48.068328857421875,78.37930297851562,89.13932037353516,3.11,1.49,-0.405
2015-09-14,163.4206085205078,24.25,23.700000762939453,47.984954833984375,78.37252807617188,89.27880859375,3.13,1.45,
2015-09-15,165.4632110595703,22.540000915527344,23.1200008392334,47.97383499145508,77.78274536132812,87.56786346435547,3.16,1.46,
2015-09-16,166.8972625732422,21.350000381469727,22.329999923706055,47.801551818847656,77.92513275146484,87.23741912841797,3.15,1.48,
2015-09-17,166.52210998535156,21.139999389648438,21.139999389648438,47.84046173095703,78.56912231445312,88.30216979980469,3.18,1.51,
2015-09-18,163.8009033203125,22.280000686645508,23.200000762939453,47.70709228515625,78.8064193725586,89.66071319580078,3.15,1.44,-0.405
2015-09-21,164.64735412597656,20.139999389648438,21.59000015258789,47.61819839477539,78.40644836425781,88.1993637084961,3.19,1.48,
2015-09-22,162.51026916503906,22.440000534057617,23.280000686645508,47.273681640625,78.74539184570312,89.42570495605469,3.15,1.45,
2015-09-23,162.25042724609375,22.1299991607666,22.8799991607666,47.190311431884766,78.69795227050781,89.41835021972656,3.15,1.46,
2015-09-24,161.66378784179688,23.469999313354492,23.459999084472656,46.95692825317383,78.71151733398438,90.02786254882812,3.16,1.46,
2015-09-25,161.62191772460938,23.6200008392334,24.399999618530273,46.71796417236328,78.47423553466797,89.24948120117188,3.19,1.47,-0.411
2015-09-28,157.565673828125,27.6299991607666,26.3799991607666,46.00110626220703,78.60981750488281,90.7768325805664,3.21,1.43,
2015-09-29,157.65777587890625,26.829999923706055,26.0,45.995567321777344,78.71151733398438,91.03388214111328,3.26,1.41,
2015-09-30,160.5994110107422,24.5,24.75,46.28451919555664,78.69795227050781,90.71808624267578,3.29,1.42,
2015-10-01,161.01849365234375,22.549999237060547,23.829999923706055,45.98744583129883,78.6802749633789,91.10517883300781,3.31,1.41,
2015-10-02,163.42373657226562,20.940000534057617,22.600000381469727,46.032135009765625,79.02702331542969,91.65702819824219,3.34,1.41,-0.42
2015-10-05,166.3318634033203,19.540000915527344,21.329999923706055,46.58489990234375,78.81625366210938,90.41343688964844,3.33,1.46,
2015-10-06,165.76194763183594,19.399999618530273,21.59000015258789,46.841773986816406,78.97261810302734,90.80341339111328,3.32,1.44,
2015-10-07,167.11961364746094,18.399999618530273,20.709999084472656,47.321956634521484,79.25135040283203,90.50176239013672,3.27,1.43,
2015-10-08,168.628173828125,17.420000076293945,20.09000015258789,47.51740264892578,78.93860626220703,89.74388885498047,3.28,1.47,
2015-10-09,168.72874450683594,17.079999923706055,19.850000381469727,47.52296447753906,78.97261810302734,89.9792709350586,3.26,1.47,-0.436
2015-10-12,168.8879852294922,16.170000076293945,19.260000228881836,47.43362808227539,79.29208374023438,90.66362762451172,,,
2015-10-13,167.82359313964844,17.670000076293945,20.5,47.321956634521484,79.23094940185547,90.81816864013672,3.28,1.42,
2015-10-14,167.01907348632812,18.030000686645508,20.809999465942383,47.288455963134766,79.54366302490234,91.61293029785156,3.31,1.42,
2015-10-15,169.58358764648438,16.049999237060547,19.43000030517578,47.400146484375,79.50967407226562,91.16400146484375,3.29,1.43,
2015-10-16,170.35458374023438,15.050000190734863,18.670000076293945,47.617923736572266,79.536865234375,91.19345092773438,3.28,1.43,-0.45
2015-10-19,170.43838500976562,14.979999542236328,17.860000610351562,47.746337890625,79.53009796142578,90.94326782226562,3.3,1.43,
2015-10-20,170.22052001953125,15.75,18.600000381469727,47.791015625,79.38052368164062,90.384033203125,3.29,1.42,
2015-10-21,169.1645050048828,16.700000762939453,19.459999084472656,47.740745544433594,79.7748794555664,91.28175354003906,3.28,1.4,
2015-10-22,172.0223846435547,14.449999809265137,17.15999984741211,47.75748062133789,79.94482421875,91.43631744384766,3.26,1.43,
2015-10-23,173.9080352783203,14.460000038146973,17.479999542236328,47.925025939941406,79.65249633789062,90.65630340576172,3.23,1.43,-0.462
2015-10-26,173.48056030273438,15.289999961853027,17.989999771118164,47.87477493286133,79.79524993896484,91.25968170166016,3.22,1.41,
2015-10-27,173.14529418945312,15.430000305175781,18.139999389648438,47.7183952331543,79.81563568115234,91.48783111572266,3.25,1.4,
2015-10-28,175.11480712890625,14.329999923706055,17.489999771118164,47.846832275390625,79.5029067993164,91.11990356445312,3.2,1.37,
2015-10-29,175.01426696777344,14.609999656677246,17.809999465942383,47.72399139404297,78.94544219970703,89.67024230957031,3.21,1.44,
2015-10-30,174.2599334716797,15.069999694824219,18.399999618530273,47.77985763549805,79.1493911743164,90.34721374511719,3.19,1.41,-0.471
2015-11-02,176.32164001464844,14.149999618530273,17.420000076293945,47.927921295166016,78.80917358398438,89.93206024169922,3.18,1.43,
2015-11-03,176.8328399658203,14.539999961853027,17.469999313354492,47.978424072265625,78.81597900390625,89.194580078125,3.19,1.43,
2015-11-04,176.2965087890625,15.510000228881836,18.309999465942383,47.83818817138672,78.72733306884766,89.29783630371094,3.16,1.41,
2015-11-05,176.12046813964844,15.050000190734863,17.809999465942383,47.65303421020508,78.74774932861328,89.06183624267578,3.18,1.41,
2015-11-06,176.0282745361328,14.329999923706055,17.450000762939453,47.42308044433594,78.2364501953125,87.7566146850586,3.17,1.44,-0.474
2015-11-09,174.38565063476562,16.520000457763672,18.850000381469727,47.226722717285156,78.10691833496094,87.26251983642578,3.15,1.47,
2015-11-10,174.78799438476562,15.289999961853027,18.020000457763672,47.120147705078125,78.30460357666016,87.52059936523438,3.18,1.45,
2015-11-11,174.10076904296875,16.059999465942383,18.450000762939453,47.007972717285156,78.29779815673828,87.33622741699219,,,
2015-11-12,171.67034912109375,18.3700008392334,20.170000076293945,46.693817138671875,78.27051544189453,87.7566146850586,3.19,1.43,
2015-11-13,169.7427520751953,20.079999923706055,21.579999923706055,46.5592155456543,78.50234985351562,88.25804901123047,3.2,1.42,-0.47
2015-11-16,172.3240509033203,18.15999984741211,19.979999542236328,46.77797317504883,78.51598358154297,88.17692565917969,3.24,1.39,
2015-11-17,172.19837951660156,18.84000015258789,20.43000030517578,46.81165313720703,78.59776306152344,88.32438659667969,3.23,1.39,
2015-11-18,174.93043518066406,16.850000381469727,19.219999313354492,46.9013786315918,78.61820220947266,88.50878143310547,3.21,1.37,
2015-11-19,174.77957153320312,16.989999771118164,19.639999389648438,46.48068618774414,78.85009002685547,89.0987548828125,3.2,1.33,
2015-11-20,175.41647338867188,15.470000267028809,18.940000534057617,46.469444274902344,78.8364028930664,88.82586669921875,3.2,1.33,-0.461
2015-11-23,175.21542358398438,15.619999885559082,18.6299991607666,46.43019485473633,78.86369323730469,89.0987548828125,3.19,1.31,
2015-11-24,175.45004272460938,15.930000305175781,18.709999084472656,46.49188232421875,78.89095306396484,89.09133911132812,3.2,1.31,
2015-11-25,175.4249267578125,15.1899995803833,18.190000534057617,46.5423469543457,78.96595764160156,89.29783630371094,3.21,1.3,
2015-11-27,175.6260528564453,15.119999885559082,17.350000381469727,46.61530685424805,78.99323272705078,89.2093505859375,3.22,1.3,-0.446
2015-11-30,174.89691162109375,16.1299991607666,18.489999771118164,46.587257385253906,79.02729797363281,89.56330108642578,3.2,1.27,
2015-12-01,176.564697265625,14.670000076293945,17.579999923706055,46.91868591308594,79.62149810791016,90.77311706542969,3.21,1.24,
2015-12-02,174.76280212402344,15.90999984741211,18.329999923706055,46.82286834716797,79.43001556396484,90.80266571044922,3.17,1.24,
2015-12-03,172.315673828125,18.110000610351562,20.110000610351562,46.698848724365234,78.3770751953125,88.3343734741211,3.18,1.37,
2015-12-04,175.6763916015625,14.8100004196167,18.170000076293945,46.591758728027344,78.80105590820312,89.11028289794922,3.15,1.32,-0.427
2015-12-07,174.6119842529297,15.84000015258789,18.649999618530273,46.26481628417969,78.93775939941406,89.97496032714844,3.15,1.29,
2015-12-08,173.4386749267578,17.600000381469727,20.059999465942383,45.68989562988281,78.8351821899414,90.01925659179688,3.19,1.3,
2015-12-09,172.08935546875,19.610000610351562,21.049999237060547,45.9266471862793,78.81468200683594,89.9232177734375,3.18,1.29,
2015-12-10,172.53353881835938,19.34000015258789,20.760000228881836,45.73500442504883,78.63009643554688,90.0414810180664,3.19,1.29,
2015-12-11,169.18966674804688,24.389999389648438,24.3799991607666,44.82186508178711,78.76681518554688,91.46038055419922,3.24,1.25,-0.405
2015-12-14,170.04452514648438,22.729999542236328,23.299999237060547,44.432960510253906,78.18566131591797,90.27793884277344,3.23,1.26,
2015-12-15,171.82958984375,20.950000762939453,21.860000610351562,45.160057067871094,78.19245147705078,89.74583435058594,3.21,1.3,
2015-12-16,174.34384155273438,17.860000610351562,19.56999969482422,45.5038948059082,78.17880249023438,89.55374145507812,3.21,1.28,
2015-12-17,171.68710327148438,18.940000534057617,20.3700008392334,44.9965934753418,78.26771545410156,90.56619262695312,3.21,1.24,
2015-12-18,168.6284637451172,20.700000762939453,21.260000228881836,44.8275032043457,78.26771545410156,91.06869506835938,3.25,1.22,-0.383
2015-12-21,170.01954650878906,18.700000762939453,21.110000610351562,44.686607360839844,78.32238006591797,91.04652404785156,3.27,1.24,
2015-12-22,171.56236267089844,16.600000381469727,19.84000015258789,45.22770309448242,78.21987915039062,90.3888168334961,3.26,1.25,
2015-12-23,173.6868438720703,15.569999694824219,19.329999923706055,45.515167236328125,78.28820037841797,89.7088851928711,3.26,1.26,
2015-12-24,173.4001922607422,15.739999771118164,19.690000534057617,45.60810470581055,78.54324340820312,90.2228775024414,3.22,1.22,
2015-12-28,173.0039520263672,16.90999984741211,19.68000030517578,45.33610153198242,78.44727325439453,90.48944091796875,3.21,1.19,
2015-12-29,174.85025024414062,16.079999923706055,19.100000381469727,45.59678268432617,78.042724609375,88.98609924316406,3.22,1.23,
2015-12-30,173.61094665527344,17.290000915527344,19.59000015258789,45.630775451660156,78.042724609375,88.89726257324219,3.23,1.23,
2015-12-31,171.87425231933594,18.209999084472656,19.799999237060547,45.65910720825195,78.1729965209961,89.29716491699219,3.23,1.21,
2016-01-04,169.47154235839844,20.700000762939453,22.010000228881836,45.387107849121094,78.13185119628906,89.94141387939453,3.24,1.22,
2016-01-05,169.7581787109375,19.34000015258789,20.520000457763672,45.47209548950195,78.1729965209961,89.57855987548828,3.25,1.21,
2016-01-06,167.61683654785156,20.59000015258789,21.270000457763672,45.47209548950195,78.48151397705078,90.78570556640625,3.26,1.19,
2016-01-07,163.59544372558594,24.989999771118164,24.6200008392334,45.177459716796875,78.54324340820312,90.94861602783203,3.28,1.2,
2016-01-08,161.7997589111328,27.010000228881836,26.229999542236328,45.05846405029297,78.60499572753906,91.35591125488281,3.31,1.19,-0.331
2016-01-11,161.9598846435547,24.299999237060547,24.729999542236328,44.990478515625,78.35125732421875,90.35617065429688,3.3,1.23,
2016-01-12,163.26658630371094,22.469999313354492,22.530000686645508,45.035797119140625,78.52957916259766,91.6595458984375,3.29,1.19,
2016-01-13,159.1947021484375,25.219999313354492,24.889999389648438,44.53716278076172,78.76953887939453,92.5630111694336,3.28,1.17,
2016-01-14,161.80816650390625,23.950000762939453,23.530000686645508,44.73548889160156,78.37865447998047,91.696533203125,3.36,1.2,
2016-01-15,158.33473205566406,27.020000457763672,26.8799991607666,44.14617919921875,78.26212310791016,93.12591552734375,3.38,1.18,-0.318
2016-01-19,158.5455322265625,26.049999237060547,26.440000534057617,43.993202209472656,77.9124755859375,92.83706665039062,3.35,1.18,
2016-01-20,156.5137481689453,27.59000015258789,27.809999465942383,43.698543548583984,78.02901458740234,93.81458282470703,3.4,1.16,
2016-01-21,157.39051818847656,26.690000534057617,26.709999084472656,43.993202209472656,77.80274200439453,93.17772674560547,3.45,1.18,
2016-01-22,160.61941528320312,22.34000015258789,24.280000686645508,44.6674919128418,77.85074615478516,92.82218933105469,3.42,1.19,-0.309
2016-01-25,158.19143676757812,24.149999618530273,25.25,44.22551345825195,77.76846313476562,93.32585144042969,3.44,1.15,
2016-01-26,160.34962463378906,22.5,23.290000915527344,44.62213134765625,77.98785400390625,93.37025451660156,3.46,1.16,
2016-01-27,158.60452270507812,23.110000610351562,24.469999313354492,44.55414962768555,77.77536010742188,93.34803771972656,3.46,1.18,
2016-01-28,159.4307098388672,22.420000076293945,24.020000457763672,44.78080368041992,77.86446380615234,93.48133850097656,3.48,1.17,
2016-01-29,163.31719970703125,20.200000762939453,22.65999984741211,44.928157806396484,78.26901245117188,94.27373504638672,3.48,1.18,-0.304
2016-02-01,163.2582550048828,19.979999542236328,22.010000228881836,44.661075592041016,78.01937866210938,93.9851303100586,3.49,1.16,
2016-02-02,160.31594848632812,21.979999542236328,23.40999984741211,44.342193603515625,78.16381072998047,95.72869110107422,3.49,1.12,
2016-02-03,161.2769775390625,21.649999618530273,23.200000762939453,44.55856704711914,77.9712142944336,94.934814453125,3.52,1.16,
2016-02-04,161.5299530029297,21.84000015258789,23.65999984741211,44.41618728637695,78.0056381225586,95.39486694335938,3.53,1.17,
2016-02-05,158.4527587890625,23.3799991607666,24.479999542236328,44.074546813964844,77.99186706542969,95.50613403320312,3.52,1.12,-0.302
2016-02-08,156.31983947753906,26.0,25.979999542236328,43.56208801269531,78.39759063720703,97.56137084960938,3.53,1.09,
2016-02-09,156.3282928466797,26.540000915527344,26.799999237060547,43.39693069458008,78.12938690185547,97.66531372070312,3.54,1.05,
2016-02-10,156.193359375,26.290000915527344,26.719999313354492,43.33427429199219,78.22566223144531,98.52592468261719,3.56,1.0,
2016-02-11,154.16160583496094,28.139999389648438,27.719999313354492,43.043853759765625,78.48699951171875,99.21601867675781,3.63,0.99,
2016-02-12,157.33995056152344,25.399999618530273,26.229999542236328,43.687339782714844,78.04685974121094,97.5688247680664,3.6,1.03,-0.304
2016-02-16,159.99554443359375,24.110000610351562,25.010000228881836,43.72718048095703,77.67549896240234,96.5374755859375,3.59,1.04,
2016-02-17,162.60903930664062,22.309999465942383,23.549999237060547,44.08591842651367,77.6549072265625,95.94393920898438,3.62,1.07,
2016-02-18,161.94305419921875,21.639999389648438,23.200000762939453,44.12581253051758,78.28756713867188,97.12362670898438,3.62,1.04,
2016-02-19,161.86715698242188,20.530000686645508,22.799999237060547,44.211219787597656,78.2325210571289,97.20521545410156,3.56,1.0,-0.313
2016-02-22,164.2108612060547,19.3799991607666,21.6200008392334,44.592735290527344,78.3907241821289,97.15333557128906,3.57,0.99,
2016-02-23,162.13694763183594,20.979999542236328,22.440000534057617,44.50163269042969,78.54888153076172,97.54653930664062,3.58,0.98,
2016-02-24,162.87884521484375,20.719999313354492,22.34000015258789,44.57565689086914,78.62454223632812,97.35370635986328,3.56,1.0,
2016-02-25,164.85157775878906,19.110000610351562,21.239999771118164,44.814796447753906,79.06465148925781,97.70232391357422,3.56,0.99,
2016-02-26,164.4722137451172,19.809999465942383,21.860000610351562,45.11661148071289,79.03714752197266,96.76009368896484,3.56,0.96,-0.326
2016-02-29,163.1822967529297,20.549999237060547,22.389999389648438,45.600624084472656,79.0921859741211,97.18301391601562,3.55,0.96,
2016-03-01,167.01828002929688,17.700000762939453,20.280000686645508,46.32133865356445,78.66108703613281,95.47169494628906,3.54,0.98,
2016-03-02,167.76861572265625,17.09000015258789,19.920000076293945,46.00651168823242,78.8197250366211,95.86571502685547,3.5,0.99,
2016-03-03,168.42613220214844,16.700000762939453,19.489999771118164,46.161041259765625,79.19219970703125,96.21513366699219,3.47,0.98,
2016-03-04,168.97412109375,16.860000610351562,19.6299991607666,46.292720794677734,79.17842102050781,95.59812927246094,3.43,1.0,-0.341
2016-03-07,169.10903930664062,17.350000381469727,19.899999618530273,46.34994125366211,79.26802062988281,95.5683822631836,3.39,1.0,
2016-03-08,167.26271057128906,18.670000076293945,21.040000915527344,46.023677825927734,79.68880462646484,96.62398529052734,3.38,0.95,
2016-03-09,168.08888244628906,18.34000015258789,20.75,46.13818359375,79.59911346435547,96.0367202758789,3.36,1.0,
2016-03-10,168.22378540039062,18.049999237060547,20.709999084472656,46.45874786376953,79.93016052246094,95.64273071289062,3.3,1.0,
2016-03-11,170.9384765625,16.5,19.469999313354492,47.01970291137695,80.15777587890625,94.67631530761719,3.26,1.01,-0.356
2016-03-14,170.7192840576172,16.920000076293945,19.420000076293945,46.88804244995117,80.39225006103516,94.97368621826172,3.22,1.0,
2016-03-15,170.4410858154297,16.84000015258789,19.329999923706055,46.45299530029297,80.36467742919922,95.0628890991211,3.19,0.99,
2016-03-16,171.42742919921875,14.989999771118164,18.479999542236328,46.76213836669922,80.75093841552734,95.34537506103516,3.22,1.07,
2016-03-17,172.5150604248047,14.4399995803833,18.139999389648438,47.059791564941406,80.99923706054688,95.73934173583984,3.2,1.04,
2016-03-18,173.19288635253906,14.020000457763672,17.93000030517578,47.16855239868164,81.18545532226562,95.94010925292969,3.17,1.04,-0.37
2016-03-21,173.43861389160156,13.789999961853027,17.59000015258789,47.117027282714844,81.0888900756836,95.20410919189453,3.15,1.05,
2016-03-22,173.34547424316406,14.170000076293945,17.75,46.991085052490234,80.9371337890625,95.18182373046875,3.1,1.03,
2016-03-23,172.2014617919922,14.9399995803833,18.299999237060547,46.773582458496094,81.34408569335938,96.25970458984375,3.07,1.01,
2016-03-24,172.12518310546875,14.739999771118164,18.270000457763672,46.56749725341797,81.30962371826172,96.2968978881836,3.06,1.02,
2016-03-28,172.2268524169922,15.239999771118164,18.299999237060547,46.355690002441406,81.35789489746094,96.42327117919922,3.05,1.0,
2016-03-29,173.81997680664062,13.819999694824219,17.239999771118164,46.53315353393555,81.72337341308594,97.43423461914062,3.09,1.03,
2016-03-30,174.5826416015625,13.5600004196167,16.920000076293945,46.69912338256836,81.62687683105469,96.40841674804688,3.11,1.07,
2016-03-31,174.15896606445312,13.949999809265137,17.079999923706055,46.76213836669922,81.95101928710938,97.09232330322266,3.12,1.05,
2016-04-01,175.3452911376953,13.100000381469727,16.5,46.79603958129883,82.2152099609375,97.3455581665039,3.1,1.03,-0.386
2016-04-04,174.77757263183594,14.119999885559082,17.229999542236328,46.68102264404297,82.2221450805664,97.40512084960938,3.1,1.03,
2016-04-05,173.03189086914062,15.420000076293945,18.3799991607666,46.508506774902344,82.48500061035156,98.47042846679688,3.08,1.01,
2016-04-06,174.92161560058594,14.09000015258789,17.280000686645508,46.899566650390625,82.41580200195312,97.75526428222656,3.08,1.03,
2016-04-07,172.8285369873047,16.15999984741211,18.860000610351562,46.66953659057617,82.63707733154297,98.9620132446289,3.06,1.0,
2016-04-08,173.29458618164062,15.359999656677246,18.31999969482422,46.8823127746582,82.45037841796875,98.33628845214844,3.07,1.02,-0.389
2016-04-11,172.88784790039062,16.260000228881836,18.889999389648438,46.94557189941406,82.4434585571289,98.20964050292969,3.05,1.03,
2016-04-12,174.4979248046875,14.850000381469727,17.969999313354492,47.221614837646484,82.11842346191406,97.53179931640625,3.03,1.05,
2016-04-13,176.26055908203125,13.84000015258789,17.260000228881836,47.53218460083008,82.4019775390625,97.87445068359375,3.01,1.02,
2016-04-14,176.26901245117188,13.720000267028809,17.239999771118164,47.51491165161133,82.34664916992188,97.40512084960938,2.99,1.03,
2016-04-15,176.07408142089844,13.619999885559082,17.15999984741211,47.440128326416016,82.69247436523438,98.23947143554688,2.99,1.02,-0.392
2016-04-18,177.311279296875,13.350000381469727,16.510000228881836,47.71046829223633,82.7823715209961,97.81488800048828,2.99,1.03,
2016-04-19,177.87054443359375,13.239999771118164,16.469999313354492,47.911746978759766,82.93450927734375,97.50942993164062,2.96,1.02,
2016-04-20,178.04006958007812,13.279999732971191,16.600000381469727,48.003780364990234,82.70628356933594,96.43677520751953,2.93,1.05,
2016-04-21,177.08251953125,13.949999809265137,17.139999389648438,47.854217529296875,82.67172241210938,95.86319732666016,2.91,1.06,
2016-04-22,177.08251953125,13.220000267028809,16.639999389648438,47.96348190307617,82.76164245605469,95.61737823486328,2.89,1.05,-0.393
2016-04-25,176.77745056152344,14.079999923706055,17.219999313354492,47.77949905395508,82.5679702758789,95.22256469726562,2.88,1.06,
2016-04-26,177.0401153564453,13.960000038146973,16.920000076293945,47.94049835205078,82.53338623046875,94.79051208496094,2.85,1.08,
2016-04-27,177.404541015625,13.770000457763672,16.770000457763672,48.22229766845703,83.05902099609375,95.73655700683594,2.86,1.04,
2016-04-28,175.7945098876953,15.220000267028809,17.780000686645508,48.14179229736328,83.13511657714844,96.13134765625,2.89,1.06,
2016-04-29,174.8453369140625,15.699999809265137,18.450000762939453,48.22229766845703,83.22502899169922,96.37720489501953,2.86,1.06,-0.392
2016-05-02,176.235107421875,14.680000305175781,17.780000686645508,48.240787506103516,83.11751556396484,95.40687561035156,2.86,1.08,
2016-05-03,174.70132446289062,15.600000381469727,18.56999969482422,47.92881774902344,83.26317596435547,96.60858154296875,2.85,1.06,
2016-05-04,173.72677612304688,16.049999237060547,18.90999984741211,47.749725341796875,83.12446594238281,97.13856506347656,2.85,1.04,
2016-05-05,173.69285583496094,15.90999984741211,18.920000076293945,47.709266662597656,83.2909164428711,97.78785705566406,2.86,1.04,
2016-05-06,174.32847595214844,14.720000267028809,18.270000457763672,47.68039321899414,83.11060333251953,97.36992645263672,2.87,1.05,-0.391
2016-05-09,174.47244262695312,14.569999694824219,18.049999237060547,47.59371566772461,83.0273666381836,97.67596435546875,2.89,1.05,
2016-05-10,176.6418914794922,13.630000114440918,17.18000030517578,47.998165130615234,83.16608428955078,97.6834487915039,2.89,1.05,
2016-05-11,174.9894256591797,14.6899995803833,18.020000457763672,47.963462829589844,83.25625610351562,98.23573303222656,2.9,0.99,
2016-05-12,175.04025268554688,14.40999984741211,17.75,48.03861618041992,83.08283996582031,97.78785705566406,2.91,0.99,
2016-05-13,173.5149383544922,15.039999961853027,18.25,47.82481002807617,83.23540496826172,98.73585510253906,2.9,0.95,-0.389
2016-05-16,175.22666931152344,14.680000305175781,17.700000762939453,48.090553283691406,82.95801544189453,97.88493347167969,2.9,0.96,
2016-05-17,173.59117126464844,15.569999694824219,18.43000030517578,47.992347717285156,82.93026733398438,98.04915618896484,2.89,0.94,
2016-05-18,173.64202880859375,15.949999809265137,18.540000915527344,47.998165130615234,82.22290802001953,96.6533432006836,2.87,0.97,
2016-05-19,173.0404052734375,16.329999923706055,18.770000457763672,47.86526870727539,82.41706085205078,97.07132720947266,2.85,0.96,
2016-05-20,174.13356018066406,15.199999809265137,18.049999237060547,48.032814025878906,82.47254943847656,97.14598083496094,2.86,0.96,-0.386
2016-05-23,173.8961944580078,15.819999694824219,18.149999618530273,48.04434585571289,82.47254943847656,97.36246490478516,2.86,0.93,
2016-05-24,176.15037536621094,14.420000076293945,17.079999923706055,48.333221435546875,82.3338851928711,96.9295425415039,2.85,0.94,
2016-05-25,177.34518432617188,13.899999618530273,16.770000457763672,48.408329010009766,82.47950744628906,96.56380462646484,2.87,0.95,
2016-05-26,177.39599609375,13.430000305175781,16.559999465942383,48.2696647644043,82.71527099609375,97.06389617919922,2.86,0.96,
2016-05-27,178.1587371826172,13.119999885559082,16.309999465942383,48.350563049316406,82.65286254882812,96.9220962524414,2.85,0.95,-0.381
2016-05-31,177.8197784423828,14.1899995803833,16.6299991607666,48.30435562133789,82.7984619140625,97.1534423828125,2.84,0.97,
2016-06-01,178.18414306640625,14.199999809265137,16.700000762939453,48.380950927734375,82.8569107055664,97.5476303100586,2.82,0.94,
2016-06-02,178.72645568847656,13.630000114440918,16.3700008392334,48.392601013183594,83.02384185791016,98.25068664550781,2.83,0.92,
2016-06-03,178.19261169433594,13.470000267028809,16.489999771118164,48.47965621948242,83.69149017333984,99.64933013916016,2.86,0.93,-0.375
2016-06-06,179.09930419921875,13.649999618530273,16.440000534057617,48.694454193115234,83.48980712890625,98.90885925292969,2.86,0.93,
2016-06-07,179.37896728515625,14.050000190734863,16.6299991607666,48.909244537353516,83.61498260498047,99.14825439453125,2.86,0.94,
2016-06-08,179.9636688232422,14.079999923706055,16.790000915527344,49.09497833251953,83.89312744140625,99.67933654785156,2.85,0.93,
2016-06-09,179.7178955078125,14.640000343322754,17.31999969482422,48.903419494628906,84.01138305664062,100.32254791259766,2.85,0.91,
2016-06-10,178.01463317871094,17.030000686645508,18.940000534057617,48.665428161621094,84.10873413085938,100.80867767333984,2.86,0.91,-0.369
2016-06-13,176.6418914794922,20.969999313354492,21.8700008392334,48.34031295776367,83.98358154296875,101.25746154785156,2.86,0.89,
2016-06-14,176.2943572998047,20.5,21.940000534057617,48.177764892578125,83.79581451416016,101.18267059326172,2.88,0.88,
2016-06-15,176.04869079589844,20.139999389648438,21.809999465942383,48.201011657714844,84.10873413085938,101.57157897949219,2.9,0.91,
2016-06-16,176.57408142089844,19.3700008392334,21.15999984741211,48.23004150390625,84.23394775390625,102.06525421142578,2.9,0.87,
2016-06-17,175.9164276123047,19.40999984741211,21.309999465942383,48.2590446472168,83.98358154296875,101.4294204711914,2.89,0.92,-0.362
2016-06-20,177.04934692382812,18.3700008392334,19.809999465942383,48.54351806640625,83.87922668457031,100.344970703125,2.87,0.93,
2016-06-21,177.5519561767578,18.479999542236328,19.690000534057617,48.72927474975586,83.80278015136719,99.88125610351562,2.86,0.95,
2016-06-22,177.2623291015625,21.170000076293945,21.079999923706055,48.775726318359375,83.95574951171875,100.04574584960938,2.86,0.94,
2016-06-23,179.5707550048828,17.25,18.420000076293945,49.13564682006836,83.872314453125,98.90139770507812,2.86,0.96,
2016-06-24,173.12249755859375,25.760000228881836,23.93000030517578,48.32869338989258,84.26872253417969,101.55661010742188,2.98,0.93,-0.357
2016-06-27,170.02188110351562,23.850000381469727,23.68000030517578,47.632049560546875,84.62338256835938,104.09217834472656,2.96,0.85,
2016-06-28,173.0884246826172,18.75,20.260000228881836,48.23004150390625,85.0893783569336,104.30908203125,2.95,0.85,
2016-06-29,176.0356903076172,16.639999389648438,18.729999542236328,48.839561462402344,85.06150817871094,103.50883483886719,2.9,0.88,
2016-06-30,178.4378662109375,15.630000114440918,18.09000015258789,49.17047119140625,85.36058807373047,103.89018249511719,2.92,0.91,
2016-07-01,178.81263732910156,14.770000457763672,17.649999618530273,49.26788330078125,85.80756378173828,105.33271789550781,2.86,0.87,-0.354
2016-07-05,177.52638244628906,15.579999923706055,18.239999771118164,48.9879035949707,86.1004409790039,106.65151977539062,2.83,0.81,
2016-07-06,178.59121704101562,14.960000038146973,17.739999771118164,49.20372009277344,86.25385284423828,106.82389831542969,2.83,0.8,
2016-07-07,178.48043823242188,14.760000228881836,17.760000228881836,49.26788330078125,86.2677993774414,106.81635284423828,2.79,0.82,
2016-07-08,181.1381072998047,13.199999809265137,16.489999771118164,49.9211311340332,86.74898529052734,107.60314178466797,2.78,0.76,-0.356
2016-07-11,181.7769317626953,13.539999961853027,16.489999771118164,49.9503059387207,86.52586364746094,106.65899658203125,2.75,0.77,
2016-07-12,183.09725952148438,13.550000190734863,16.170000076293945,50.090301513671875,86.03765869140625,104.90552520751953,2.7,0.84,
2016-07-13,183.0717010498047,13.039999961853027,15.970000267028809,49.94444274902344,86.37237548828125,106.14195251464844,2.69,0.8,
2016-07-14,184.0938262939453,12.819999694824219,15.859999656677246,50.04361343383789,86.16325378417969,104.59838104248047,2.7,0.85,
2016-07-15,183.8468780517578,12.670000076293945,15.989999771118164,49.94444274902344,85.83545684814453,103.6991958618164,2.66,0.89,-0.359
2016-07-18,184.34095764160156,12.4399995803833,15.770000457763672,50.11360549926758,85.83545684814453,103.60176086425781,2.67,0.91,
2016-07-19,184.15353393554688,11.970000267028809,15.739999771118164,49.97947311401367,85.98888397216797,104.18624114990234,2.67,0.86,
2016-07-20,184.92015075683594,11.770000457763672,15.4399995803833,50.10778045654297,85.96099090576172,103.61673736572266,2.66,0.86,
2016-07-21,184.2216033935547,12.739999771118164,16.100000381469727,50.03776550292969,86.0586166381836,103.82654571533203,2.68,0.87,
2016-07-22,185.04786682128906,12.020000457763672,15.800000190734863,50.25940704345703,86.00979614257812,104.00637817382812,2.66,0.86,-0.363
2016-07-25,184.5453338623047,12.869999885559082,16.270000457763672,50.02027893066406,85.96099090576172,103.93144226074219,2.65,0.86,
2016-07-26,184.63046264648438,13.050000190734863,16.31999969482422,49.82784652709961,85.8773193359375,104.0962905883789,2.65,0.82,
2016-07-27,184.43458557128906,12.829999923706055,16.100000381469727,49.97947311401367,86.23294067382812,105.39261627197266,2.67,0.79,
2016-07-28,184.64756774902344,12.720000267028809,16.0,49.76948165893555,86.14926147460938,105.19786071777344,2.68,0.8,
2016-07-29,184.94569396972656,11.869999885559082,15.420000076293945,49.81615447998047,86.46305084228516,106.07454681396484,2.71,0.79,-0.367
2016-08-01,184.7923583984375,12.4399995803833,15.699999809265137,49.53667068481445,85.97581481933594,104.92449188232422,2.73,0.84,
2016-08-02,183.60836791992188,13.369999885559082,16.389999389648438,49.466392517089844,85.49336242675781,103.84342193603516,2.75,0.88,
2016-08-03,184.14498901367188,12.859999656677246,16.079999923706055,49.68900680541992,85.60523223876953,103.90351867675781,2.76,0.88,
2016-08-04,184.34095764160156,12.420000076293945,15.710000038146973,50.00541305541992,85.96874237060547,104.68424987792969,2.76,0.87,
2016-08-05,185.84860229492188,11.390000343322754,15.140000343322754,50.116722106933594,85.61920166015625,103.59574127197266,2.73,0.87,-0.368
2016-08-08,185.73788452148438,11.5,15.15999984741211,50.32178497314453,85.67515563964844,103.79093933105469,2.71,0.85,
2016-08-09,185.84860229492188,11.65999984741211,15.109999656677246,50.49752426147461,86.17851257324219,104.81188201904297,2.7,0.84,
2016-08-10,185.3886260986328,12.050000190734863,15.40999984741211,50.40378189086914,86.42324829101562,105.21723175048828,2.71,0.81,
2016-08-11,186.2489776611328,11.680000305175781,15.300000190734863,50.526824951171875,86.13655090332031,104.27888488769531,2.7,0.81,
2016-08-12,186.0871124267578,11.550000190734863,15.260000228881836,50.56782150268555,86.528076171875,105.15713500976562,2.71,0.8,-0.368
2016-08-15,186.62374877929688,11.8100004196167,15.380000114440918,50.720184326171875,86.26238250732422,104.1662368774414,2.7,0.83,
2016-08-16,185.66127014160156,12.640000343322754,16.020000457763672,50.61467742919922,86.10858917236328,103.88853454589844,2.7,0.81,
2016-08-17,186.0104217529297,12.1899995803833,15.520000457763672,50.68500518798828,86.34627532958984,104.51158142089844,2.69,0.82,
2016-08-18,186.42784118652344,11.430000305175781,15.15999984741211,50.88421630859375,86.55601501464844,104.67678833007812,2.7,0.82,
2016-08-19,186.15528869628906,11.34000015258789,15.130000114440918,50.73189926147461,86.29737091064453,104.12873840332031,2.67,0.82,-0.365
2016-08-22,186.14671325683594,12.270000457763672,15.5,50.64986801147461,86.59100341796875,105.0070571899414,2.65,0.79,
2016-08-23,186.52154541015625,12.380000114440918,15.420000076293945,50.81977462768555,86.68888854980469,105.1196517944336,2.64,0.81,
2016-08-24,185.56753540039062,13.449999809265137,16.0,50.67916488647461,86.6329574584961,104.87196350097656,2.64,0.8,
2016-08-25,185.4397430419922,13.630000114440918,16.1299991607666,50.77289581298828,86.549072265625,104.47403717041016,2.63,0.8,
2016-08-26,185.09048461914062,13.649999618530273,16.239999771118164,50.71430206298828,86.27632904052734,103.8659896850586,2.63,0.78,-0.36
2016-08-29,186.00193786621094,12.9399995803833,15.930000305175781,50.96623229980469,86.76582336425781,105.25479125976562,2.59,0.76,
2016-08-30,185.69529724121094,13.119999885559082,16.030000686645508,50.99555969238281,86.6539535522461,104.84933471679688,2.62,0.77,
2016-08-31,185.1671600341797,13.420000076293945,16.139999389648438,50.79633331298828,86.61894989013672,104.99955749511719,2.61,0.78,
2016-09-01,185.17568969726562,13.479999542236328,16.309999465942383,50.896942138671875,86.61903381347656,105.1153793334961,2.62,0.79,
2016-09-02,186.0104217529297,11.979999542236328,15.649999618530273,51.1323356628418,86.46479797363281,104.25800323486328,2.63,0.8,-0.353
2016-09-06,186.57260131835938,12.020000457763672,15.5600004196167,51.191139221191406,86.76619720458984,105.017578125,2.64,0.81,
2016-09-07,186.5555419921875,11.9399995803833,15.489999771118164,51.0499267578125,86.64703369140625,104.94232940673828,2.65,0.8,
2016-09-08,186.12966918945312,12.510000228881836,15.8100004196167,50.95575714111328,86.03717803955078,103.62626647949219,2.67,0.83,
2016-09-09,181.6747283935547,17.5,18.829999923706055,50.4674186706543,85.39231872558594,101.9190902709961,2.67,0.88,-0.347
2016-09-12,184.28128051757812,15.15999984741211,17.270000457763672,50.643943786621094,85.39930725097656,101.97174835205078,2.68,0.89,
2016-09-13,181.6321563720703,17.850000381469727,19.049999237060547,50.25560760498047,85.11892700195312,100.81354522705078,2.7,0.93,
2016-09-14,181.56396484375,18.139999389648438,19.350000381469727,50.24382019042969,85.17501068115234,100.96401977539062,2.7,0.93,
2016-09-15,183.37840270996094,16.299999237060547,18.190000534057617,50.53803253173828,85.23107147216797,100.52774810791016,2.72,0.97,
2016-09-16,182.66949462890625,15.369999885559082,17.8799991607666,50.54977798461914,85.32915496826172,101.34004211425781,2.71,0.93,-0.343
2016-09-19,182.70367431640625,15.529999732971191,17.780000686645508,50.5792121887207,85.3011703491211,101.00909423828125,2.7,0.91,
2016-09-20,182.7122344970703,15.920000076293945,17.989999771118164,50.520362854003906,85.41329193115234,101.3625717163086,2.7,0.9,
2016-09-21,184.7669677734375,13.300000190734863,16.65999984741211,50.93814468383789,85.84793853759766,102.18231201171875,2.7,0.87,
2016-09-22,185.93128967285156,12.020000457763672,15.9399995803833,51.1087646484375,86.19841003417969,102.99455261230469,2.69,0.84,
2016-09-23,184.91253662109375,12.289999961853027,16.049999237060547,51.0499267578125,86.13533020019531,102.89675903320312,2.68,0.85,-0.342
2016-09-26,183.414306640625,14.5,17.280000686645508,50.826351165771484,86.2685317993164,103.55107116699219,2.7,0.83,
2016-09-27,184.55291748046875,13.100000381469727,16.450000762939453,50.973426818847656,86.4787826538086,104.3106460571289,2.69,0.81,
2016-09-28,185.468994140625,12.390000343322754,16.010000228881836,51.31472396850586,86.53484344482422,104.08499908447266,2.69,0.82,
2016-09-29,183.79100036621094,14.020000457763672,16.8700008392334,51.12055969238281,86.49976348876953,104.3482666015625,2.67,0.83,
2016-09-30,185.17788696289062,13.289999961853027,16.3700008392334,51.34415817260742,86.34562683105469,103.41569519042969,2.69,0.83,-0.346
2016-10-03,184.73272705078125,13.569999694824219,16.399999618530273,51.312252044677734,86.10099792480469,103.07443237304688,2.66,0.83,
2016-10-04,183.79100036621094,13.630000114440918,16.469999313354492,51.22356033325195,85.70044708251953,101.86893463134766,2.66,0.87,
2016-10-05,184.60427856445312,12.989999771118164,16.219999313354492,51.35951614379883,85.60903930664062,101.3942642211914,2.64,0.87,
2016-10-06,184.73272705078125,12.84000015258789,16.06999969482422,51.389041900634766,85.61611938476562,100.82921600341797,2.61,0.89,
2016-10-07,184.09925842285156,13.479999542236328,16.440000534057617,51.50725173950195,85.8199234008789,100.89706420898438,2.63,0.9,-0.353
2016-10-10,185.05801391601562,13.380000114440918,15.949999809265137,51.65501022338867,85.8199234008789,100.30187225341797,,,
2016-10-11,182.72079467773438,15.359999656677246,16.940000534057617,51.36540985107422,85.55279541015625,100.07577514648438,2.6,0.9,
2016-10-12,182.96054077148438,15.90999984741211,17.020000457763672,51.347713470458984,85.66526794433594,100.17374420166016,2.6,0.92,
2016-10-13,182.361328125,16.690000534057617,17.59000015258789,51.217647552490234,85.87610626220703,100.55046081542969,2.59,0.9,
2016-10-14,182.4554443359375,16.1200008392334,17.420000076293945,51.335845947265625,85.47550964355469,99.14161682128906,2.63,0.96,-0.363
2016-10-17,181.82196044921875,16.209999084472656,17.469999313354492,51.264949798583984,85.75662231445312,99.7744369506836,2.62,0.96,
2016-10-18,182.96054077148438,15.279999732971191,16.920000076293945,51.47177505493164,85.96749877929688,100.09839630126953,2.62,0.93,
2016-10-19,183.448486328125,14.40999984741211,16.459999084472656,51.61956787109375,86.07994842529297,100.18131256103516,2.62,0.95,
2016-10-20,183.10614013671875,13.75,16.229999542236328,51.62546920776367,86.05184173583984,100.28675842285156,2.59,0.92,
2016-10-21,183.19171142578125,13.34000015258789,16.040000915527344,51.63727569580078,86.10099792480469,100.4375,2.6,0.9,-0.374
2016-10-24,183.97073364257812,13.020000457763672,15.609999656677246,51.66682434082031,85.85504150390625,100.00048828125,2.59,0.93,
2016-10-25,183.3543701171875,13.460000038146973,15.8100004196167,51.63727569580078,85.7917709350586,100.26416778564453,2.58,0.91,
2016-10-26,182.98626708984375,14.239999771118164,16.25,51.43042755126953,85.43335723876953,99.58609771728516,2.6,0.93,
2016-10-27,182.49822998046875,15.359999656677246,16.93000030517578,51.24129104614258,85.04681396484375,98.50120544433594,2.59,0.98,
2016-10-28,181.9588623046875,16.190000534057617,17.3700008392334,50.99308395385742,84.94841766357422,98.28272247314453,2.6,1.0,-0.387
2016-10-31,181.9674835205078,17.059999465942383,17.850000381469727,50.83939743041992,85.02572631835938,98.88542175292969,2.61,0.98,
2016-11-01,180.64903259277344,18.559999465942383,18.739999771118164,50.64113235473633,84.91864013671875,98.89298248291016,2.61,1.0,
2016-11-02,179.56173706054688,19.31999969482422,19.18000030517578,50.415504455566406,85.04544830322266,99.32317352294922,2.63,1.0,
2016-11-03,178.73992919921875,22.079999923706055,20.700000762939453,50.427391052246094,84.87632751464844,98.56082916259766,2.67,1.01,
2016-11-04,178.54299926757812,22.510000228881836,21.1299991607666,50.45115280151367,85.13003540039062,99.44404602050781,2.67,0.99,-0.399
2016-11-07,182.48110961914062,18.709999084472656,18.149999618530273,51.15760803222656,85.07362365722656,98.5986099243164,2.66,1.01,
2016-11-08,183.30299377441406,18.739999771118164,18.100000381469727,51.044803619384766,84.88340759277344,98.19851684570312,2.62,1.01,
2016-11-09,185.24636840820312,14.380000114440918,16.280000686645508,50.68859100341797,83.63614654541016,94.03174591064453,2.66,1.17,
2016-11-10,185.70867919921875,14.739999771118164,16.75,50.023704528808594,83.56568145751953,92.64279174804688,2.6,1.23,
2016-11-11,185.28065490722656,14.170000076293945,16.489999771118164,49.55467224121094,83.206298828125,92.12195587158203,,,-0.412
2016-11-14,185.42613220214844,14.479999542236328,16.700000762939453,49.922794342041016,82.7765121459961,91.57093048095703,2.6,1.23,
2016-11-15,186.8729705810547,13.369999885559082,15.75,50.58175277709961,83.03012084960938,92.02381896972656,2.59,1.21,
2016-11-16,186.52203369140625,13.720000267028809,16.06999969482422,50.37989044189453,83.14990234375,92.85417938232422,2.55,1.22,
2016-11-17,187.48085021972656,13.350000381469727,15.640000343322754,50.24335861206055,82.62142181396484,91.48790740966797,2.54,1.25,
2016-11-18,187.0613555908203,12.850000381469727,15.520000457763672,50.24335861206055,82.15634155273438,91.2236557006836,2.52,1.27,-0.425
2016-11-21,188.47396850585938,12.420000076293945,15.319999694824219,50.64705276489258,82.24089813232422,91.45014953613281,2.52,1.25,
2016-11-22,188.8420867919922,12.40999984741211,15.350000381469727,51.02109146118164,82.45231628417969,91.41996765136719,2.53,1.24,
2016-11-23,188.94480895996094,12.430000305175781,15.430000305175781,50.83109664916992,82.14928436279297,91.06517028808594,2.49,1.24,
2016-11-25,189.64678955078125,12.34000015258789,15.510000228881836,50.89641571044922,82.15634155273438,91.20104217529297,2.48,1.24,-0.436
2016-11-28,188.7564697265625,13.149999618530273,16.020000457763672,50.890464782714844,82.52981567382812,91.87287139892578,2.47,1.21,
2016-11-29,189.1246337890625,12.899999618530273,15.899999618530273,50.825172424316406,82.642578125,92.25782775878906,2.46,1.21,
2016-11-30,188.67083740234375,13.329999923706055,16.100000381469727,50.848899841308594,82.33248138427734,90.76321411132812,2.45,1.26,
2016-12-01,187.9774169921875,14.069999694824219,16.670000076293945,50.61096954345703,81.8711166381836,89.80490112304688,2.42,1.31,
2016-12-02,188.07156372070312,14.119999885559082,16.780000686645508,50.91508102416992,82.24557495117188,90.46295166015625,2.42,1.29,-0.446
2016-12-05,189.20169067382812,12.140000343322754,15.770000457763672,51.04629898071289,82.42220306396484,90.36466217041016,2.42,1.26,
2016-12-06,189.80093383789062,11.789999961853027,15.479999542236328,51.302730560302734,82.41519165039062,90.29653930664062,2.44,1.27,
2016-12-07,192.28366088867188,12.220000267028809,15.479999542236328,51.559146881103516,82.76139831542969,91.06805419921875,2.44,1.24,
2016-12-08,192.7545166015625,12.640000343322754,15.720000267028809,51.55316925048828,82.42220306396484,89.99397277832031,2.43,1.28,
2016-12-09,193.91885375976562,11.75,15.220000267028809,51.577030181884766,82.10432434082031,88.87454223632812,2.43,1.32,-0.454
2016-12-12,193.69625854492188,12.640000343322754,15.729999542236328,51.50545883178711,82.02658081054688,89.04094696044922,2.41,1.34,
2016-12-13,194.98895263671875,12.720000267028809,15.699999809265137,51.63071060180664,82.21028900146484,89.35865783691406,2.39,1.31,
2016-12-14,193.3794708251953,13.1899995803833,15.869999885559082,51.243072509765625,81.68738555908203,88.36021423339844,2.32,1.27,
2016-12-15,194.17568969726562,12.789999961853027,15.75,51.26692581176758,81.74394989013672,88.80645751953125,2.24,1.31,
2016-12-16,193.7958984375,12.199999809265137,15.569999694824219,51.314632415771484,81.68034362792969,88.60227966308594,2.28,1.32,-0.461
2016-12-19,194.21788024902344,11.710000038146973,15.3100004196167,51.44580078125,82.07603454589844,89.5552978515625,2.28,1.3,
2016-12-20,194.96707153320312,11.449999809265137,15.140000343322754,51.517391204833984,82.02658081054688,89.10902404785156,2.28,1.32,
2016-12-21,194.424560546875,11.270000457763672,15.09000015258789,51.60686492919922,82.28802490234375,89.50236511230469,2.26,1.34,
2016-12-22,194.08868408203125,11.430000305175781,15.289999961853027,51.7181282043457,82.29371643066406,89.34233856201172,2.27,1.33,
2016-12-23,194.3728790283203,11.4399995803833,15.25,51.81386184692383,82.42122650146484,89.5243148803711,2.25,1.33,-0.466
2016-12-27,194.85511779785156,11.989999771118164,15.359999656677246,51.7659912109375,82.2724380493164,89.23615264892578,2.25,1.29,
2016-12-28,193.2447509765625,12.949999809265137,15.930000305175781,51.69419860839844,82.57708740234375,89.88838958740234,2.26,1.25,
2016-12-29,193.2017059326172,13.369999885559082,16.15999984741211,51.7659912109375,82.89590454101562,90.20686340332031,2.27,1.27,
2016-12-30,192.49559020996094,14.039999961853027,16.540000915527344,51.783958435058594,83.02345275878906,90.34334564208984,2.28,1.25,-0.473
2017-01-03,193.96815490722656,12.850000381469727,15.5600004196167,51.99932098388672,83.09432983398438,90.73014068603516,2.27,1.23,
2017-01-04,195.1221160888672,11.850000381469727,14.84000015258789,52.28053665161133,83.37770080566406,91.0790023803711,2.25,1.22,
2017-01-05,194.96707153320312,11.670000076293945,14.699999809265137,52.202781677246094,83.82405853271484,92.50469207763672,2.25,1.2,
2017-01-06,195.6646270751953,11.319999694824219,14.5600004196167,52.190799713134766,83.38475036621094,91.65534210205078,2.24,1.2,-0.478
2017-01-09,195.01873779296875,11.5600004196167,14.630000114440918,52.17884826660156,83.54771423339844,92.39096069335938,2.24,1.17,
2017-01-10,195.01873779296875,11.489999771118164,14.65999984741211,52.18482971191406,83.49813842773438,92.33030700683594,2.24,1.19,
2017-01-11,195.56993103027344,11.260000228881836,14.470000267028809,52.214752197265625,83.6257095336914,92.64118957519531,2.22,1.18,
2017-01-12,195.07904052734375,11.539999961853027,14.579999923706055,52.226707458496094,83.61858367919922,92.43645477294922,2.25,1.18,
2017-01-13,195.52687072753906,11.229999542236328,14.539999961853027,52.24466323852539,83.44852447509766,91.99659729003906,2.23,1.19,-0.484
2017-01-17,194.8379364013672,11.869999885559082,14.890000343322754,52.190799713134766,83.80989074707031,92.95972442626953,2.26,1.16,
2017-01-18,195.26846313476562,12.479999542236328,14.9399995803833,52.238677978515625,83.25728607177734,91.76905059814453,2.22,1.19,
2017-01-19,194.54519653320312,12.779999732971191,15.020000457763672,52.07111740112305,82.9738540649414,91.1396484375,2.21,1.22,
2017-01-20,195.25990295410156,11.539999961853027,14.489999771118164,52.1728515625,83.12262725830078,90.95761108398438,2.21,1.28,-0.488
2017-01-23,194.75180053710938,11.770000457763672,14.539999961853027,52.1728515625,83.5052261352539,91.86767578125,2.21,1.25,
2017-01-24,196.00045776367188,11.069999694824219,13.869999885559082,52.20874786376953,83.25728607177734,91.23825073242188,2.22,1.26,
2017-01-25,197.6969757080078,10.8100004196167,13.609999656677246,52.39423370361328,82.9384536743164,90.09312438964844,2.21,1.3,
2017-01-26,197.49034118652344,10.630000114440918,13.630000114440918,52.37030029296875,83.03761291503906,90.39640045166016,2.2,1.3,
2017-01-27,197.18028259277344,10.579999923706055,13.680000305175781,52.41819763183594,83.13680267333984,90.72251892089844,2.19,1.27,-0.492
2017-01-30,195.95742797851562,11.880000114440918,14.40999984741211,52.31047058105469,82.99510955810547,90.44950866699219,2.21,1.27,
2017-01-31,195.94020080566406,11.989999771118164,14.479999542236328,52.25662612915039,83.14387512207031,91.0790023803711,2.23,1.26,
2017-02-01,196.01768493652344,11.8100004196167,14.289999961853027,52.450111389160156,83.0416030883789,90.51581573486328,2.23,1.26,
2017-02-02,196.14688110351562,11.930000305175781,14.59000015258789,52.48017501831055,83.06287384033203,90.47781372070312,2.23,1.27,
2017-02-03,197.49888610839844,10.970000267028809,14.050000190734863,52.57029342651367,83.15526580810547,90.43986511230469,2.24,1.28,-0.494
2017-02-06,197.1457977294922,11.369999885559082,14.239999771118164,52.53426742553711,83.41815185546875,90.9870376586914,2.25,1.26,
2017-02-07,197.1544647216797,11.289999961853027,14.350000381469727,52.45612716674805,83.56021881103516,91.65580749511719,2.24,1.24,
2017-02-08,197.41281127929688,11.449999809265137,14.5600004196167,52.4921989440918,83.85150146484375,92.90225219726562,2.25,1.19,
2017-02-09,198.58395385742188,10.880000114440918,14.170000076293945,52.564300537109375,83.51758575439453,91.83062744140625,2.24,1.2,
2017-02-10,199.36766052246094,10.850000381469727,13.90999984741211,52.600364685058594,83.49620819091797,91.77743530273438,2.23,1.21,-0.495
2017-02-13,200.4526824951172,11.069999694824219,13.680000305175781,52.67848587036133,83.46072387695312,91.48863220214844,2.23,1.23,
2017-02-14,201.2535400390625,10.739999771118164,13.1899995803833,52.71453857421875,83.26183319091797,90.82745361328125,2.21,1.22,
2017-02-15,202.3041534423828,11.970000267028809,13.40999984741211,52.732582092285156,83.19788360595703,90.40943908691406,2.19,1.24,
2017-02-16,202.13197326660156,11.760000228881836,13.630000114440918,52.69050979614258,83.43230438232422,90.9034194946289,2.2,1.23,
2017-02-17,202.4506378173828,11.489999771118164,13.720000267028809,52.74457931518555,83.64543914794922,91.44305419921875,2.21,1.21,-0.495
2017-02-21,203.65623474121094,11.569999694824219,14.039999961853027,52.9188346862793,83.68095397949219,91.28343963623047,2.2,1.21,
2017-02-22,203.4754180908203,11.739999771118164,14.390000343322754,52.942867279052734,83.744873046875,91.43540954589844,2.21,1.2,
2017-02-23,203.61317443847656,11.710000038146973,14.739999771118164,52.99097442626953,83.95801544189453,91.70899963378906,2.23,1.2,
2017-02-24,203.8715362548828,11.470000267028809,14.760000228881836,53.03304672241211,84.38423156738281,92.72737884521484,2.23,1.19,-0.493
2017-02-27,204.1901092529297,12.09000015258789,14.90999984741211,53.09914016723633,84.18538665771484,92.18022918701172,2.21,1.16,
2017-02-28,203.63902282714844,12.920000076293945,15.279999732971191,53.05706787109375,84.2422103881836,92.52220916748047,2.19,1.14,
2017-03-01,206.4893798828125,12.539999961853027,14.859999656677246,53.25263595581055,83.74427032470703,90.97191619873047,2.18,1.17,
2017-03-02,205.1890869140625,11.8100004196167,14.770000457763672,53.083641052246094,83.61604309082031,90.64444732666016,2.16,1.17,
2017-03-03,205.31826782226562,10.960000038146973,14.260000228881836,53.10776901245117,83.70152282714844,90.88053131103516,2.16,1.17,-0.491
2017-03-06,204.7068328857422,11.239999771118164,14.34000015258789,52.93874740600586,83.55192565917969,90.44649505615234,2.17,1.18,
2017-03-07,204.0954132080078,11.449999809265137,14.40999984741211,52.59474563598633,83.13875579833984,90.17237854003906,2.15,1.2,
2017-03-08,203.7165069580078,11.859999656677246,14.539999961853027,52.24467086791992,82.88230895996094,89.68500518798828,2.15,1.21,
2017-03-09,203.97482299804688,12.300000190734863,14.779999732971191,52.10586166381836,82.43350982666016,88.96925354003906,2.17,1.23,
2017-03-10,204.68959045410156,11.65999984741211,14.380000114440918,52.08772659301758,82.64015197753906,89.28144836425781,2.18,1.22,-0.488
2017-03-13,204.7929229736328,11.350000381469727,14.359999656677246,52.1299934387207,82.36226654052734,88.7179183959961,2.17,1.22,
2017-03-14,204.00927734375,12.300000190734863,14.630000114440918,51.97307205200195,82.43350982666016,89.14442443847656,2.18,1.2,
2017-03-15,205.774658203125,11.630000114440918,14.199999809265137,52.69131851196289,83.1458740234375,90.23326110839844,2.2,1.18,
2017-03-16,205.36996459960938,11.210000038146973,13.779999732971191,52.540428161621094,83.0248031616211,89.7763671875,2.21,1.18,
2017-03-17,205.00926208496094,11.279999732971191,13.920000076293945,52.55852508544922,83.21707916259766,90.33987426757812,2.22,1.17,-0.486
2017-03-20,204.7843780517578,11.34000015258789,13.899999618530273,52.4559326171875,83.40946197509766,90.72821807861328,2.23,1.17,
2017-03-21,202.15504455566406,12.470000267028809,14.619999885559082,52.081722259521484,83.61604309082031,91.4820556640625,2.23,1.16,
2017-03-22,202.63070678710938,12.8100004196167,14.680000305175781,52.20844650268555,83.8297119140625,91.84757995605469,2.23,1.13,
2017-03-23,202.41456604003906,13.119999885559082,14.90999984741211,52.2265510559082,83.77275848388672,91.71813201904297,2.24,1.15,
2017-03-24,202.2675323486328,12.960000038146973,14.550000190734863,52.407649993896484,83.85823059082031,92.04554748535156,2.22,1.14,-0.485
2017-03-27,202.0599365234375,12.5,14.229999542236328,52.353328704833984,84.03630065917969,92.4643325805664,2.23,1.11,
2017-03-28,203.53024291992188,11.529999732971191,13.680000305175781,52.643035888671875,83.85823059082031,91.84757995605469,2.22,1.12,
2017-03-29,203.72052001953125,11.420000076293945,13.430000305175781,52.75164794921875,84.12892150878906,92.39579772949219,2.23,1.13,
2017-03-30,204.36924743652344,11.539999961853027,13.369999885559082,52.99913024902344,83.90807342529297,91.64957427978516,2.23,1.14,
2017-03-31,203.89352416992188,12.369999885559082,13.600000381469727,52.98100662231445,83.99356842041016,91.91610717773438,2.24,1.13,-0.486
2017-04-03,203.5389404296875,12.380000114440918,13.670000076293945,52.9525146484375,84.37074279785156,92.84320068359375,2.26,1.11,
2017-04-04,203.66864013671875,11.789999961853027,13.369999885559082,52.97072982788086,84.14929962158203,92.339599609375,2.26,1.11,
2017-04-05,203.06320190429688,12.890000343322754,14.119999885559082,52.92828369140625,84.25643157958984,92.6219253540039,2.29,1.1,
2017-04-06,203.634033203125,12.390000343322754,13.65999984741211,52.99497985839844,84.33504486083984,92.4845962524414,2.27,1.1,
2017-04-07,203.426513671875,12.869999885559082,14.0600004196167,52.97072982788086,84.12785339355469,92.11068725585938,2.24,1.09,-0.489
2017-04-10,203.54757690429688,14.050000190734863,14.579999923706055,53.04343795776367,84.2850341796875,92.53797912597656,2.24,1.08,
2017-04-11,203.30535888671875,15.069999694824219,15.15999984741211,52.9404182434082,84.67787170410156,93.41553497314453,2.24,1.08,
2017-04-12,202.41456604003906,15.770000457763672,15.279999732971191,52.97675704956055,84.95645904541016,93.92679595947266,2.28,1.04,
2017-04-13,201.09988403320312,15.960000038146973,15.75,52.867698669433594,85.09927368164062,94.21678924560547,2.28,1.03,
2017-04-17,202.881591796875,14.65999984741211,14.859999656677246,53.02530288696289,84.93504333496094,93.92679595947266,2.29,1.05,
2017-04-18,202.27613830566406,14.420000076293945,14.760000228881836,53.01313018798828,85.43501281738281,95.15531921386719,2.29,1.0,
2017-04-19,201.9042510986328,14.930000305175781,15.079999923706055,52.96466827392578,85.17784881591797,94.63642120361328,2.29,1.02,
2017-04-20,203.54757690429688,14.149999618530273,14.529999732971191,53.140419006347656,85.056396484375,94.27015686035156,2.28,1.03,
2017-04-21,202.89892578125,14.630000114440918,14.75,53.09801483154297,85.056396484375,94.27015686035156,2.29,1.04,-0.503
2017-04-24,205.13037109375,10.84000015258789,12.899999618530273,53.346492767333984,84.94212341308594,93.80473327636719,2.28,1.03,
2017-04-25,206.32395935058594,10.760000228881836,12.850000381469727,53.44349670410156,84.60643005371094,92.67538452148438,2.26,1.06,
2017-04-26,206.19415283203125,10.850000381469727,12.979999542236328,53.395015716552734,84.81359100341797,93.18660736083984,2.27,1.04,
2017-04-27,206.36717224121094,10.359999656677246,12.800000190734863,53.43141555786133,84.89214324951172,93.15611267089844,2.28,1.05,
2017-04-28,205.9174041748047,10.819999694824219,12.930000305175781,53.41319274902344,84.99213409423828,93.36209869384766,2.28,1.01,-0.512
2017-05-01,206.43637084960938,10.109999656677246,12.630000114440918,53.44060134887695,84.72859954833984,92.5859603881836,2.29,1.05,
2017-05-02,206.51426696777344,10.59000015258789,12.829999923706055,53.45885467529297,84.97923278808594,93.06011962890625,2.3,1.02,
2017-05-03,206.26341247558594,10.680000305175781,13.09000015258789,53.507564544677734,84.93628692626953,93.12125396728516,2.23,1.03,
2017-05-04,206.50552368164062,10.460000038146973,12.829999923706055,53.22147750854492,84.77156066894531,92.66244506835938,2.25,1.04,
2017-05-05,207.318603515625,10.569999694824219,12.850000381469727,53.31275177001953,84.8001937866211,92.74658203125,2.24,1.04,-0.522
2017-05-08,207.28396606445312,9.770000457763672,12.59000015258789,53.37361145019531,84.64978790283203,92.24186706542969,2.23,1.06,
2017-05-09,207.0937042236328,9.960000038146973,12.710000038146973,53.33708953857422,84.66413116455078,92.23421478271484,2.22,1.05,
2017-05-10,207.46560668945312,10.210000038146973,12.90999984741211,53.56844711303711,84.7786865234375,92.12721252441406,2.22,1.06,
2017-05-11,207.04180908203125,10.600000381469727,13.010000228881836,53.574493408203125,84.82167053222656,92.12721252441406,2.24,1.04,
2017-05-12,206.69589233398438,10.399999618530273,12.970000267028809,53.55626678466797,85.25139617919922,92.82306671142578,2.25,1.04,-0.532
2017-05-15,207.8375244140625,10.420000076293945,12.779999732971191,53.678001403808594,85.24424743652344,92.5706787109375,2.25,1.03,
2017-05-16,207.64723205566406,10.649999618530273,12.649999618530273,53.75712203979492,85.3660659790039,92.91477966308594,2.24,1.04,
2017-05-17,203.9627227783203,15.59000015258789,15.600000381469727,53.51972961425781,85.88886260986328,94.26824188232422,2.26,0.96,
2017-05-18,204.7843780517578,14.65999984741211,14.970000267028809,53.58058547973633,85.8745346069336,94.37531280517578,2.26,0.96,
2017-05-19,206.11631774902344,12.039999961853027,13.489999771118164,53.678001403808594,85.92467498779297,94.59701538085938,2.26,0.95,-0.541
2017-05-22,207.16290283203125,10.930000305175781,12.960000038146973,53.84234619140625,85.85308074951172,94.33708190917969,2.24,0.96,
2017-05-23,207.6212615966797,10.720000267028809,12.899999618530273,53.83628463745117,85.58805847167969,93.70243835449219,2.22,0.98,
2017-05-24,208.10565185546875,10.020000457763672,12.59000015258789,53.92759323120117,85.7241439819336,94.2300033569336,2.25,0.97,
2017-05-25,209.1002960205078,9.989999771118164,12.510000228881836,53.884986877441406,85.75996398925781,94.26058959960938,2.24,0.95,
2017-05-26,209.0570831298828,9.8100004196167,12.4399995803833,53.915409088134766,85.82440185546875,94.42119598388672,2.24,0.95,-0.549
2017-05-30,208.87539672851562,10.380000114440918,12.739999771118164,53.97018051147461,86.02493286132812,94.88763427734375,2.25,0.93,
2017-05-31,208.82357788085938,10.40999984741211,12.630000114440918,53.964107513427734,86.12521362304688,95.12469482421875,2.23,0.93,
2017-06-01,210.48416137695312,9.890000343322754,12.420000076293945,54.121212005615234,86.1438980102539,95.13462829589844,2.24,0.93,
2017-06-02,211.18467712402344,9.75,12.460000038146973,54.15178680419922,86.5459976196289,96.26109313964844,2.24,0.87,-0.556
2017-06-05,211.02903747558594,10.069999694824219,12.850000381469727,54.10289764404297,86.30184173583984,95.66338348388672,2.24,0.86,
2017-06-06,210.35440063476562,10.449999809265137,13.079999923706055,54.01728057861328,86.55323028564453,96.18445587158203,2.25,0.84,
2017-06-07,210.74359130859375,10.390000343322754,13.09000015258789,53.907249450683594,86.44546508789062,95.72470092773438,2.23,0.86,
2017-06-08,210.84739685058594,10.15999984741211,12.760000228881836,53.95003890991211,86.29468536376953,95.47178649902344,2.23,0.86,
2017-06-09,210.5273895263672,10.699999809265137,12.960000038146973,53.99285125732422,86.20851135253906,95.32621002197266,2.21,0.86,-0.561
2017-06-12,210.48416137695312,11.460000038146973,13.300000190734863,54.08454132080078,86.23006439208984,95.29557037353516,2.22,0.86,
2017-06-13,211.5133514404297,10.420000076293945,12.729999542236328,54.18236541748047,86.32341003417969,95.31092071533203,2.21,0.83,
2017-06-14,211.2452392578125,10.640000343322754,12.770000457763672,54.188446044921875,86.91224670410156,96.78216552734375,2.19,0.8,
2017-06-15,210.8387451171875,10.899999618530273,12.90999984741211,53.980613708496094,86.70398712158203,96.62887573242188,2.18,0.81,
2017-06-16,210.88479614257812,10.380000114440918,12.710000038146973,53.88893508911133,86.77582550048828,96.82048034667969,2.19,0.84,-0.565
2017-06-19,212.64044189453125,10.369999885559082,12.399999618530273,54.05393981933594,86.66814422607422,96.68250274658203,2.17,0.83,
2017-06-20,211.2063751220703,10.859999656677246,12.6899995803833,53.86445617675781,86.86195373535156,97.5484619140625,2.16,0.8,
2017-06-21,211.15420532226562,10.75,12.760000228881836,53.55269241333008,86.905029296875,97.74764251708984,2.15,0.8,
2017-06-22,211.0586395263672,10.479999542236328,12.619999885559082,53.699371337890625,86.97689819335938,97.9622802734375,2.16,0.81,
2017-06-23,211.31068420410156,10.020000457763672,12.359999656677246,53.91948699951172,87.01995086669922,97.91626739501953,2.15,0.81,-0.568
2017-06-26,211.4497528076172,9.899999618530273,12.270000457763672,53.99285125732422,87.17794036865234,98.28411865234375,2.15,0.78,
2017-06-27,209.7462615966797,11.0600004196167,12.960000038146973,53.82168960571289,86.78300476074219,97.23426818847656,2.12,0.83,
2017-06-28,211.6235809326172,10.029999732971191,12.399999618530273,54.04174041748047,86.87635040283203,96.91241455078125,2.14,0.88,
2017-06-29,209.763671875,11.4399995803833,13.149999618530273,53.907249450683594,86.61064147949219,96.10018920898438,2.11,0.89,
2017-06-30,210.15480041503906,11.180000305175781,13.140000343322754,54.03559875488281,86.53882598876953,95.87794494628906,2.09,0.93,-0.571
2017-07-03,210.51112365722656,11.220000267028809,13.3100004196167,54.00922393798828,86.35163879394531,95.56925201416016,2.07,0.94,
2017-07-05,210.99783325195312,11.069999694824219,13.3100004196167,53.96623611450195,86.49559020996094,95.59233856201172,2.08,0.92,
2017-07-06,209.0683135986328,12.539999961853027,14.109999656677246,53.83119583129883,86.27242279052734,94.80139923095703,2.07,0.97,
2017-07-07,210.4241485595703,11.1899995803833,13.520000457763672,53.7820930480957,86.20042419433594,94.2331771850586,2.08,0.99,-0.574
2017-07-10,210.65013122558594,11.109999656677246,13.350000381469727,53.843475341796875,86.34440612792969,94.37141418457031,2.08,0.98,
2017-07-11,210.49368286132812,10.890000343322754,13.15999984741211,53.80665969848633,86.38043975830078,94.5326156616211,2.08,1.0,
2017-07-12,212.07550048828125,10.300000190734863,12.779999732971191,54.156585693359375,86.76203155517578,95.18531036376953,2.09,0.98,
2017-07-13,212.43186950683594,9.899999618530273,12.550000190734863,54.199554443359375,86.61087036132812,94.58638000488281,2.09,0.98,
2017-07-14,213.42263793945312,9.510000228881836,12.229999542236328,54.35304260253906,86.81246948242188,94.7015609741211,2.09,0.98,-0.577
2017-07-17,213.3965606689453,9.819999694824219,12.279999732971191,54.3714714050293,86.89161682128906,94.96266174316406,2.09,0.95,
2017-07-18,213.5095977783203,9.890000343322754,12.25,54.396026611328125,87.2660140991211,95.79194641113281,2.08,0.91,
2017-07-19,214.66551208496094,9.789999961853027,12.0,54.4881477355957,87.23723602294922,95.83031463623047,2.07,0.9,
2017-07-20,214.76112365722656,9.579999923706055,12.039999961853027,54.518821716308594,87.31647491455078,96.10678100585938,2.05,0.9,
2017-07-21,214.56991577148438,9.359999656677246,12.0600004196167,54.4758186340332,87.51805114746094,96.51373291015625,2.05,0.88,-0.579
2017-07-24,214.51776123046875,9.430000305175781,12.039999961853027,54.518821716308594,87.41729736328125,96.13751983642578,2.06,0.89,
2017-07-25,215.0392303466797,9.430000305175781,12.050000190734863,54.543373107910156,86.89886474609375,94.88585662841797,2.05,0.93,
2017-07-26,215.04788208007812,9.600000381469727,12.109999656677246,54.62321472167969,87.18680572509766,95.03945922851562,2.07,0.93,
2017-07-27,214.84808349609375,10.109999656677246,12.420000076293945,54.58021926879883,86.97087097167969,94.57102966308594,2.07,0.96,
2017-07-28,214.5959930419922,10.289999961853027,12.579999923706055,54.586326599121094,87.20124053955078,95.13157653808594,2.05,0.96,-0.579
2017-07-31,214.47433471679688,10.260000228881836,12.470000267028809,54.586326599121094,87.20124053955078,95.24674224853516,2.06,0.96,
2017-08-01,214.9522705078125,10.09000015258789,12.399999618530273,54.640602111816406,87.51746368408203,95.91548156738281,2.06,0.92,
2017-08-02,215.05657958984375,10.279999732971191,12.5600004196167,54.65292739868164,87.38023376464844,95.9693374633789,2.05,0.91,
2017-08-03,214.6394500732422,10.4399995803833,12.739999771118164,54.54811096191406,87.50298309326172,96.96207427978516,2.05,0.9,
2017-08-04,215.0305633544922,10.029999732971191,12.75,54.560447692871094,87.16371154785156,96.13865661621094,2.05,0.91,-0.576
2017-08-07,215.43035888671875,9.930000305175781,12.65999984741211,54.53577423095703,87.18537902832031,96.24636840820312,2.06,0.9,
2017-08-08,214.90017700195312,10.960000038146973,13.199999809265137,54.30152893066406,86.76663970947266,95.90010833740234,2.07,0.93,
2017-08-09,214.89146423339844,11.109999656677246,13.489999771118164,54.091922760009766,86.853271484375,96.42339324951172,2.09,0.91,
2017-08-10,211.8582305908203,16.040000915527344,16.209999084472656,53.746673583984375,86.82441711425781,97.24681854248047,2.11,0.87,
2017-08-11,212.17108154296875,15.510000228881836,16.389999389648438,53.83916091918945,86.98323059082031,97.29296875,2.12,0.89,-0.571
2017-08-14,214.27438354492188,12.329999923706055,13.920000076293945,54.12274932861328,86.92549133300781,96.79276275634766,2.11,0.89,
2017-08-15,214.2483367919922,12.039999961853027,13.899999618530273,54.141231536865234,86.82441711425781,96.38492584228516,2.09,0.92,
2017-08-16,214.62210083007812,11.739999771118164,13.579999923706055,54.14738845825195,87.06986236572266,96.73888397216797,2.09,0.9,
2017-08-17,211.2759246826172,15.550000190734863,16.139999389648438,53.84529113769531,87.1565170288086,97.4622573852539,2.11,0.87,
2017-08-18,210.9456787109375,14.260000228881836,15.649999618530273,53.925445556640625,87.09873962402344,97.43916320800781,2.12,0.86,-0.565
2017-08-21,211.1107635498047,13.1899995803833,14.989999771118164,53.98091125488281,87.2214584350586,97.6777114868164,2.12,0.86,
2017-08-22,213.31837463378906,11.350000381469727,13.630000114440918,54.20289993286133,87.13482666015625,97.30062866210938,2.1,0.89,
2017-08-23,212.55355834960938,12.25,14.329999923706055,54.20902633666992,87.46692657470703,97.96245574951172,2.12,0.85,
2017-08-24,212.05813598632812,12.229999542236328,14.390000343322754,54.289154052734375,87.30088806152344,97.6007308959961,2.12,0.86,
2017-08-25,212.55355834960938,11.279999732971191,13.989999771118164,54.38786315917969,87.50298309326172,97.97785186767578,2.12,0.82,-0.562
2017-08-28,212.56227111816406,11.319999694824219,13.989999771118164,54.394004821777344,87.50298309326172,97.9162826538086,2.13,0.83,
2017-08-29,212.8055877685547,11.699999809265137,14.119999885559082,54.32617950439453,87.56795501708984,98.2318344116211,2.15,0.8,
2017-08-30,213.8137664794922,11.220000267028809,14.140000343322754,54.47413635253906,87.64019012451172,98.20101165771484,2.14,0.82,
2017-08-31,215.10008239746094,10.59000015258789,13.800000190734863,54.62211227416992,87.79176330566406,98.49341583251953,2.14,0.79,
2017-09-01,215.404296875,10.130000114440918,13.59000015258789,54.67781066894531,87.4443130493164,97.74010467529297,2.15,0.81,-0.559
2017-09-05,213.85720825195312,12.229999542236328,14.579999923706055,54.55399703979492,87.98719024658203,99.2900161743164,2.16,0.77,
2017-09-06,214.58726501464844,11.630000114440918,14.399999618530273,54.51682662963867,87.67599487304688,98.68083190917969,2.17,0.8,
2017-09-07,214.5612030029297,11.550000190734863,14.319999694824219,54.523040771484375,88.0161361694336,99.69100189208984,2.17,0.78,
2017-09-08,214.3091583251953,12.119999885559082,14.6899995803833,54.34971618652344,87.75558471679688,99.47508239746094,2.17,0.79,-0.559
2017-09-11,216.594970703125,10.729999542236328,13.859999656677246,54.523040771484375,87.4877700805664,98.28755950927734,2.15,0.82,
2017-09-12,217.3250732421875,10.579999923706055,13.5600004196167,54.59115219116211,87.3936767578125,97.77091979980469,2.16,0.84,
2017-09-13,217.42938232421875,10.5,13.229999542236328,54.60970687866211,87.30681610107422,97.3853530883789,2.13,0.85,
2017-09-14,217.35980224609375,10.4399995803833,13.15999984741211,54.68403244018555,87.52397918701172,97.78634643554688,2.11,0.83,
2017-09-15,217.6523895263672,10.170000076293945,12.960000038146973,54.73354721069336,87.59634399414062,97.82489013671875,2.1,0.81,-0.562
2017-09-18,218.11532592773438,10.149999618530273,12.6899995803833,54.708778381347656,87.50950622558594,97.26195526123047,2.1,0.83,
2017-09-19,218.33370971679688,10.180000305175781,12.729999542236328,54.76448059082031,87.56019592285156,97.0229263305664,2.09,0.84,
2017-09-20,218.41229248046875,9.779999732971191,12.65999984741211,54.758296966552734,87.45158386230469,97.09234619140625,2.06,0.83,
2017-09-21,217.82711791992188,9.670000076293945,12.65999984741211,54.69020462036133,87.45158386230469,97.038330078125,2.05,0.82,
2017-09-22,217.87075805664062,9.59000015258789,12.850000381469727,54.74592590332031,87.5674057006836,97.31591033935547,2.05,0.8,-0.566
2017-09-25,217.42530822753906,10.210000038146973,13.0600004196167,54.77687454223633,87.89313507080078,97.92512512207031,2.06,0.78,
2017-09-26,217.5563507080078,10.170000076293945,13.020000457763672,54.844970703125,87.87860870361328,97.74777221679688,2.04,0.79,
2017-09-27,218.40357971191406,9.869999885559082,12.90999984741211,54.8697509765625,87.53845977783203,96.27494049072266,2.06,0.84,
2017-09-28,218.66561889648438,9.550000190734863,12.760000228881836,54.8697509765625,87.6687240600586,95.98960876464844,2.05,0.86,
2017-09-29,219.43423461914062,9.510000228881836,12.489999771118164,54.950225830078125,87.74835968017578,96.20552062988281,2.0,0.86,-0.572
2017-10-02,220.38621520996094,9.449999809265137,12.359999656677246,54.9222526550293,87.8303451538086,96.02935791015625,1.99,0.85,
2017-10-03,220.85791015625,9.510000228881836,12.3100004196167,55.0217170715332,88.02632141113281,96.12203216552734,2.0,0.86,
2017-10-04,221.11997985839844,9.630000114440918,12.380000114440918,54.96574401855469,87.97551727294922,96.12982940673828,2.01,0.86,
2017-10-05,222.43014526367188,9.1899995803833,12.180000305175781,55.03413391113281,87.8521499633789,95.76667022705078,2.0,0.86,
2017-10-06,222.1768035888672,9.649999618530273,12.4399995803833,54.953330993652344,87.77955627441406,95.4961929321289,1.98,0.83,-0.578
2017-10-09,221.8099822998047,10.329999923706055,12.729999542236328,54.95957946777344,87.8521499633789,95.79753112792969,,,
2017-10-10,222.3951416015625,10.079999923706055,12.470000267028809,55.00305938720703,87.91018676757812,95.95207977294922,1.97,0.84,
2017-10-11,222.74453735351562,9.850000381469727,12.239999771118164,54.94709396362305,87.86664581298828,96.13752746582031,1.97,0.84,
2017-10-12,222.4126739501953,9.90999984741211,12.260000228881836,54.884944915771484,87.8884506225586,96.54707336425781,1.97,0.82,
2017-10-13,222.68338012695312,9.609999656677246,11.979999542236328,54.90980911254883,88.23680877685547,97.24246978759766,1.97,0.77,-0.585
2017-10-16,222.9804229736328,9.90999984741211,11.9399995803833,54.94091796875,88.11344146728516,97.17292785644531,1.97,0.76,
2017-10-17,223.1376190185547,10.3100004196167,12.050000190734863,55.0217170715332,88.09886169433594,97.29654693603516,1.95,0.76,
2017-10-18,223.3560028076172,10.069999694824219,11.920000076293945,55.077667236328125,87.96826934814453,96.65519714355469,1.95,0.75,
2017-10-19,223.4171142578125,10.050000190734863,11.960000038146973,55.08385467529297,88.09886169433594,96.8252182006836,1.94,0.75,
2017-10-20,224.57000732421875,9.970000267028809,11.850000381469727,55.13361358642578,87.85935974121094,95.79753112792969,1.94,0.79,-0.592
2017-10-23,223.69659423828125,11.069999694824219,12.550000190734863,55.07142639160156,87.94647216796875,95.967529296875,1.94,0.8,
2017-10-24,224.08963012695312,11.15999984741211,12.670000076293945,55.07142639160156,87.72876739501953,95.37255859375,1.92,0.82,
2017-10-25,222.9804229736328,11.229999542236328,12.949999809265137,54.916038513183594,87.49652099609375,94.91667175292969,1.93,0.83,
2017-10-26,223.2686309814453,11.300000190734863,12.930000305175781,54.84763717651367,87.48925018310547,94.599853515625,1.91,0.83,
2017-10-27,225.09410095214844,9.800000190734863,12.229999542236328,54.996864318847656,87.75051879882812,95.22576904296875,1.93,0.83,-0.597
2017-10-30,224.255615234375,10.5,12.569999694824219,54.98440933227539,88.04081726074219,96.13752746582031,1.92,0.79,
2017-10-31,224.60499572753906,10.180000305175781,12.380000114440918,54.996864318847656,87.91742706298828,96.16842651367188,1.91,0.78,
2017-11-01,224.90194702148438,10.199999809265137,12.569999694824219,54.94438934326172,88.05645751953125,96.5967025756836,1.92,0.76,
2017-11-02,224.9893035888672,9.930000305175781,12.680000305175781,54.913169860839844,88.04187774658203,97.02253723144531,1.91,0.74,
2017-11-03,225.74049377441406,9.140000343322754,12.420000076293945,54.919429779052734,88.14374542236328,97.28580474853516,1.91,0.71,-0.601
2017-11-06,226.08984375,9.399999618530273,12.569999694824219,54.92570114135742,88.16558074951172,97.6496810913086,1.92,0.71,
2017-11-07,225.93264770507812,9.890000343322754,12.760000228881836,54.76963424682617,88.0927963256836,98.06006622314453,1.9,0.69,
2017-11-08,226.3169708251953,9.779999732971191,12.880000114440918,54.52620315551758,87.9763412475586,97.84329223632812,1.92,0.67,
2017-11-09,225.49591064453125,10.5,13.140000343322754,54.257747650146484,87.7435302734375,97.56453704833984,1.93,0.7,
2017-11-10,225.426025390625,11.289999961853027,13.609999656677246,54.3763542175293,87.24142456054688,96.09332275390625,,0.73,-0.603
2017-11-13,225.63568115234375,11.5,13.75,54.338890075683594,87.2560043334961,96.29460144042969,1.93,0.7,
2017-11-14,225.1116180419922,11.59000015258789,13.930000305175781,54.10794448852539,87.27777862548828,96.94509887695312,1.93,0.7,
2017-11-15,223.98483276367188,13.130000114440918,14.65999984741211,54.10794448852539,87.64894104003906,97.99813079833984,1.95,0.65,
2017-11-16,225.88893127441406,11.760000228881836,13.960000038146973,54.638511657714844,87.54705810546875,97.14637756347656,1.92,0.65,
2017-11-17,225.2251434326172,11.430000305175781,13.800000190734863,54.601104736328125,87.65618896484375,97.86651611328125,1.93,0.62,-0.604
2017-11-20,225.60948181152344,10.649999618530273,13.279999732971191,54.61358642578125,87.65618896484375,97.8277587890625,1.91,0.6,
2017-11-21,227.08555603027344,9.729999542236328,12.550000190734863,54.72594451904297,87.94732666015625,98.13753509521484,1.88,0.59,
2017-11-22,226.88465881347656,9.880000114440918,12.4399995803833,54.81330108642578,88.28926849365234,98.45500183105469,1.91,0.58,
2017-11-24,227.40872192382812,9.670000076293945,12.420000076293945,54.850772857666016,88.18740844726562,98.18400573730469,1.9,0.59,-0.604
2017-11-27,227.29518127441406,9.869999885559082,12.569999694824219,54.6822509765625,88.13645935058594,98.04461669921875,1.93,0.58,
2017-11-28,229.6009979248047,10.029999732971191,12.270000457763672,54.850772857666016,88.26017761230469,98.1762466430664,1.91,0.59,
2017-11-29,229.46136474609375,10.699999809265137,12.819999694824219,54.78211212158203,87.91087341308594,97.20832824707031,1.92,0.59,
2017-11-30,231.47024536132812,11.279999732971191,13.039999961853027,54.7945671081543,87.80903625488281,96.88311767578125,1.88,0.64,
2017-12-01,230.98980712890625,11.430000305175781,13.279999732971191,54.777015686035156,88.08042907714844,98.19053649902344,1.87,0.59,-0.605
2017-12-04,230.71034240722656,11.680000305175781,13.550000190734863,54.75823974609375,88.21907806396484,98.23711395263672,1.87,0.57,
2017-12-05,229.88059997558594,11.329999923706055,13.539999961853027,54.72688674926758,88.38687133789062,98.7258529663086,1.84,0.53,
2017-12-06,229.9242706298828,11.020000457763672,13.449999809265137,54.67673873901367,88.55469512939453,99.06730651855469,1.86,0.55,
2017-12-07,230.64920043945312,10.15999984741211,12.930000305175781,54.701805114746094,88.37959289550781,98.2913818359375,1.88,0.57,
2017-12-08,231.9069366455078,9.579999923706055,12.460000038146973,54.75823974609375,88.27017211914062,98.29915618896484,1.87,0.58,-0.606
2017-12-11,232.60565185546875,9.34000015258789,12.279999732971191,54.770782470703125,88.33578491210938,98.0974349975586,1.85,0.57,
2017-12-12,233.01617431640625,9.920000076293945,12.479999542236328,54.745697021484375,88.27017211914062,98.0586166381836,1.84,0.57,
2017-12-13,232.99002075195312,10.180000305175781,12.5,54.777015686035156,88.57659912109375,98.79573822021484,1.83,0.57,
2017-12-14,232.03797912597656,10.489999771118164,12.800000190734863,54.664180755615234,88.73712158203125,99.21475982666016,1.82,0.53,
2017-12-15,233.97021484375,9.420000076293945,12.079999923706055,54.67044448852539,88.86111450195312,99.58717346191406,1.8,0.51,-0.608
2017-12-18,235.45396423339844,9.529999732971191,12.069999694824219,54.72688674926758,88.59847259521484,98.67935943603516,1.81,0.55,
2017-12-19,234.54965209960938,10.029999732971191,12.510000228881836,54.61402893066406,88.14608764648438,97.39905548095703,1.81,0.59,
2017-12-20,234.42669677734375,9.720000267028809,12.369999885559082,54.65792465209961,87.91265106201172,96.32059478759766,1.82,0.62,
2017-12-21,234.9095458984375,9.619999885559082,12.350000381469727,54.715179443359375,88.14949798583984,96.88199615478516,1.79,0.59,
2017-12-22,234.8481903076172,9.899999618530273,12.489999771118164,54.76555633544922,88.21533203125,97.01416015625,1.79,0.57,-0.612
2017-12-26,234.5672149658203,10.25,12.619999885559082,54.847415924072266,88.33232879638672,97.30186462402344,1.78,0.55,
2017-12-27,234.6813507080078,10.470000267028809,12.649999618530273,54.87259292602539,88.82217407226562,98.56924438476562,1.76,0.53,
2017-12-28,235.16419982910156,10.180000305175781,12.760000228881836,54.847415924072266,88.7636947631836,98.4837417602539,1.76,0.52,
2017-12-29,234.27748107910156,11.039999961853027,13.09000015258789,54.92927932739258,88.88069152832031,98.63923645019531,1.77,0.51,-0.615
2018-01-02,235.95431518554688,9.770000457763672,12.609999656677246,54.979583740234375,88.28846740722656,97.57395935058594,1.78,0.54,
2018-01-03,237.44662475585938,9.149999618530273,12.319999694824219,55.24397659301758,88.44928741455078,98.04051971435547,1.77,0.5,
2018-01-04,238.44752502441406,9.220000267028809,12.239999771118164,55.33839797973633,88.42002868652344,98.02496337890625,1.75,0.5,
2018-01-05,240.0364990234375,9.220000267028809,12.0600004196167,55.376182556152344,88.39080047607422,97.74505615234375,1.76,0.51,-0.619
2018-01-08,240.47544860839844,9.520000457763672,12.149999618530273,55.33213806152344,88.38349914550781,97.68281555175781,1.74,0.53,
2018-01-09,241.01974487304688,10.079999923706055,12.40999984741211,55.16214370727539,88.061767578125,96.37655639648438,1.74,0.57,
2018-01-10,240.6510772705078,9.819999694824219,12.359999656677246,55.04256820678711,88.1202621459961,96.25997924804688,1.73,0.57,
2018-01-11,242.40689086914062,9.880000114440918,12.15999984741211,55.22509765625,88.33232879638672,96.656494140625,1.69,0.56,
2018-01-12,243.9871063232422,10.15999984741211,12.199999809265137,55.13065719604492,88.346923828125,96.81976318359375,1.68,0.56,-0.619
2018-01-16,243.1531219482422,11.65999984741211,13.229999542236328,55.09915542602539,88.4273910522461,97.22409057617188,1.66,0.51,
2018-01-17,245.47071838378906,11.90999984741211,13.25,55.10551071166992,88.18607330322266,97.09194946289062,1.66,0.52,
2018-01-18,245.05819702148438,12.220000267028809,13.579999923706055,55.048831939697266,87.84242248535156,96.18994903564453,1.64,0.57,
2018-01-19,246.1730499267578,11.270000457763672,13.039999961853027,55.10551071166992,87.5718994140625,95.6845703125,1.64,0.58,-0.614
2018-01-22,248.1747283935547,11.029999732971191,12.989999771118164,55.15583801269531,87.49147033691406,95.77787017822266,1.64,0.58,
2018-01-23,248.70135498046875,11.100000381469727,13.220000267028809,55.31951141357422,87.87167358398438,96.18994903564453,1.64,0.57,
2018-01-24,248.60487365722656,11.470000267028809,13.529999732971191,55.2376823425293,87.813232421875,95.66905212402344,1.65,0.57,
2018-01-25,248.71023559570312,11.579999923706055,13.680000305175781,55.199920654296875,88.25922393798828,96.45439147949219,1.61,0.55,
2018-01-26,251.58975219726562,11.079999923706055,13.460000038146973,55.24397659301758,88.14219665527344,96.0966796875,1.6,0.53,-0.606
2018-01-29,249.92173767089844,13.84000015258789,14.989999771118164,55.048831939697266,87.90824127197266,95.4279556274414,1.59,0.59,
2018-01-30,247.35833740234375,14.789999961853027,15.829999923706055,54.85999298095703,87.60845947265625,94.86815643310547,1.59,0.6,
2018-01-31,247.481201171875,13.539999961853027,14.899999618530273,54.95440673828125,87.791259765625,95.4279556274414,1.56,0.58,
2018-02-01,247.20025634765625,13.470000267028809,14.720000267028809,54.85076141357422,87.4034423828125,94.04495239257812,1.56,0.62,
2018-02-02,241.81875610351562,17.309999465942383,17.030000686645508,54.503082275390625,86.95621490478516,93.17232513427734,1.58,0.69,-0.592
2018-02-05,231.7052764892578,37.31999969482422,28.1299991607666,54.19966506958008,87.00755310058594,94.0527572631836,1.63,0.69,
2018-02-06,236.2703399658203,29.979999542236328,23.75,54.52836990356445,86.83158111572266,93.4683837890625,1.61,0.69,
2018-02-07,234.9885711669922,27.729999542236328,23.030000686645508,54.326072692871094,86.58967590332031,92.58010864257812,1.62,0.69,
2018-02-08,226.17445373535156,33.459999084472656,27.329999923706055,53.851966857910156,86.21575927734375,92.47884368896484,1.63,0.72,
2018-02-09,229.57192993164062,29.059999465942383,24.920000076293945,53.700233459472656,85.9372329711914,91.89447784423828,1.67,0.78,-0.575
2018-02-12,232.94309997558594,25.610000610351562,22.860000610351562,54.06687545776367,85.9372329711914,92.29966735839844,1.64,0.77,
2018-02-13,233.5224609375,24.969999313354492,22.649999618530273,53.89621353149414,85.90785217285156,92.71259307861328,1.69,0.73,
2018-02-14,236.67416381835938,19.260000228881836,19.34000015258789,53.991050720214844,85.59258270263672,91.6840591430664,1.66,0.74,
2018-02-15,239.6941680908203,19.1299991607666,19.079999923706055,54.427215576171875,85.99584197998047,91.99575805664062,1.63,0.71,
2018-02-16,239.76438903808594,19.459999084472656,19.170000076293945,54.648460388183594,86.25243377685547,92.49443054199219,1.66,0.66,-0.559
2018-02-20,238.26319885253906,20.600000381469727,20.010000228881836,54.45881271362305,85.88585662841797,92.08927917480469,1.67,0.63,
2018-02-21,237.07798767089844,20.020000457763672,20.030000686645508,54.2122688293457,85.41667175292969,90.95946502685547,1.67,0.68,
2018-02-22,237.38525390625,18.719999313354492,19.059999465942383,54.25022506713867,85.5339584350586,91.23221588134766,1.68,0.67,
2018-02-23,241.1690216064453,16.489999771118164,17.5,54.61051559448242,85.92986297607422,92.04252624511719,1.68,0.63,-0.544
2018-02-26,243.9696044921875,15.800000190734863,16.920000076293945,54.70536804199219,86.03982543945312,92.07367706298828,1.7,0.64,
2018-02-27,240.92327880859375,18.59000015258789,19.020000457763672,54.559993743896484,85.6659164428711,91.94123077392578,1.69,0.63,
2018-02-28,238.48269653320312,19.850000381469727,19.889999389648438,54.477779388427734,85.82720947265625,92.5256118774414,1.68,0.62,
2018-03-01,235.0149383544922,22.469999313354492,21.420000076293945,54.11666488647461,85.73899841308594,93.1572265625,1.72,0.59,
2018-03-02,236.2264404296875,19.59000015258789,19.860000610351562,54.42129898071289,85.46694946289062,92.39989471435547,1.72,0.61,-0.53
2018-03-05,238.95668029785156,18.729999542236328,19.209999084472656,54.42129898071289,85.43755340576172,92.15003967285156,1.72,0.64,
2018-03-06,239.56246948242188,18.360000610351562,19.239999771118164,54.497459411621094,85.51105499267578,92.23595428466797,1.75,0.63,
2018-03-07,239.4746856689453,17.760000228881836,18.84000015258789,54.364173889160156,85.48165130615234,92.13448333740234,1.77,0.64,
2018-03-08,240.6334991455078,16.540000915527344,18.18000030517578,54.42765426635742,85.6507339477539,92.66535949707031,1.78,0.61,
2018-03-09,244.82115173339844,14.640000343322754,17.010000228881836,54.62440490722656,85.3493423461914,92.05638122558594,1.77,0.63,-0.516
2018-03-12,244.51380920410156,15.779999732971191,17.799999237060547,54.53553009033203,85.45964050292969,92.58728790283203,1.79,0.6,
2018-03-13,242.93368530273438,16.350000381469727,18.049999237060547,54.364173889160156,85.46694946289062,93.05572509765625,1.8,0.58,
2018-03-14,241.68698120117188,17.229999542236328,18.780000686645508,54.300724029541016,85.65812683105469,93.87548065185547,1.8,0.55,
2018-03-15,241.423583984375,16.59000015258789,18.209999084472656,54.33877182006836,85.74632263183594,93.87548065185547,1.81,0.53,
2018-03-16,241.68540954589844,15.800000190734863,17.739999771118164,54.45304870605469,85.8418960571289,93.53977966308594,1.79,0.54,-0.506
2018-03-19,238.41537475585938,19.020000457763672,19.3799991607666,54.23091125488281,85.5551528930664,93.24310302734375,1.8,0.54,
2018-03-20,238.82081604003906,18.200000762939453,18.8799991607666,54.33877182006836,85.25376892089844,92.86834716796875,1.79,0.55,
2018-03-21,238.3625030517578,17.860000610351562,18.709999084472656,54.35783004760742,85.20228576660156,92.96983337402344,1.82,0.58,
2018-03-22,232.40411376953125,23.34000015258789,21.65999984741211,54.03416061401367,85.3493423461914,93.89108276367188,1.84,0.54,
2018-03-23,227.45046997070312,24.8700008392334,22.790000915527344,53.894535064697266,85.07730102539062,93.82083129882812,1.87,0.54,-0.499
2018-03-26,233.67330932617188,21.030000686645508,20.700000762939453,54.24360656738281,85.37875366210938,93.46171569824219,1.84,0.52,
2018-03-27,229.69808959960938,22.5,21.940000534057617,54.19282913208008,85.68751525878906,94.46100616455078,1.86,0.52,
2018-03-28,229.01934814453125,22.8700008392334,22.309999465942383,54.167449951171875,85.91539764404297,94.71086120605469,1.86,0.49,
2018-03-29,231.9457244873047,19.969999313354492,20.549999237060547,54.35150146484375,86.30508422851562,95.17152404785156,1.85,0.47,
2018-04-02,226.93930053710938,23.6200008392334,22.56999969482422,54.14056396484375,86.25865936279297,95.35926818847656,1.86,0.48,
2018-04-03,229.84796142578125,21.100000381469727,21.020000457763672,54.293495178222656,86.03009796142578,94.62382507324219,1.84,0.51,
2018-04-04,232.30709838867188,20.059999465942383,20.420000076293945,54.414581298828125,86.03009796142578,94.42822265625,1.85,0.51,
2018-04-05,234.1405487060547,18.940000534057617,19.610000610351562,54.45920181274414,86.0595932006836,93.72406768798828,1.84,0.53,
2018-04-06,228.92247009277344,21.489999771118164,21.200000762939453,54.33808898925781,86.31764221191406,94.74899291992188,1.84,0.5,-0.501
2018-04-09,230.0506591796875,21.770000457763672,21.229999542236328,54.54203414916992,86.36185455322266,94.9054946899414,1.83,0.49,
2018-04-10,233.7085418701172,20.469999313354492,20.399999618530273,54.739559173583984,86.3840103149414,94.73336791992188,1.8,0.48,
2018-04-11,232.48345947265625,20.239999771118164,20.3700008392334,54.758697509765625,86.44298553466797,95.06977081298828,1.8,0.47,
2018-04-12,234.39608764648438,18.489999771118164,19.280000686645508,54.95624542236328,86.20700073242188,94.3734359741211,1.79,0.49,
2018-04-13,233.7085418701172,17.40999984741211,18.549999237060547,54.98807907104492,86.23648834228516,94.592529296875,1.79,0.45,-0.512
2018-04-16,235.63002014160156,16.559999465942383,17.81999969482422,55.07093811035156,86.24388885498047,94.62382507324219,1.77,0.44,
2018-04-17,238.15086364746094,15.25,16.799999237060547,55.096412658691406,86.25127410888672,94.88199615478516,1.76,0.41,
2018-04-18,238.3272705078125,15.600000381469727,16.799999237060547,55.0390625,85.80887603759766,94.12311553955078,1.76,0.45,
2018-04-19,237.00514221191406,15.960000038146973,17.1200008392334,54.86701965332031,85.48442840576172,93.35637664794922,1.77,0.48,
2018-04-20,234.9954071044922,16.8799991607666,17.719999313354492,54.73320007324219,85.1379623413086,92.6834716796875,1.78,0.5,-0.526
2018-04-23,234.96022033691406,16.34000015258789,17.350000381469727,54.58662796020508,85.10103607177734,92.70695495605469,1.76,0.49,
2018-04-24,231.7958984375,18.020000457763672,18.229999542236328,54.47829055786133,84.8503646850586,92.28441619873047,1.77,0.52,
2018-04-25,232.36878967285156,17.84000015258789,18.229999542236328,54.484683990478516,84.58491516113281,91.66633605957031,1.8,0.54,
2018-04-26,234.73097229003906,16.239999771118164,17.290000915527344,54.67586898803711,84.8355941772461,92.30787658691406,1.8,0.51,
2018-04-27,234.95135498046875,15.40999984741211,17.079999923706055,54.65036392211914,85.0273208618164,93.0198745727539,1.8,0.47,-0.539
2018-04-30,233.1444549560547,15.930000305175781,17.34000015258789,54.612117767333984,84.95357513427734,93.18424987792969,1.79,0.46,
2018-05-01,233.5587158203125,15.489999771118164,16.90999984741211,54.652442932128906,84.72361755371094,92.84860229492188,1.82,0.47,
2018-05-02,231.9898223876953,15.970000267028809,17.260000228881836,54.633216857910156,84.6570816040039,92.7466812133789,1.83,0.48,
2018-05-03,231.4785614013672,15.899999618530273,17.030000686645508,54.62685012817383,84.67185974121094,93.16223907470703,1.86,0.45,
2018-05-04,234.47535705566406,14.770000457763672,16.649999618530273,54.665245056152344,84.7901611328125,93.30340576171875,1.86,0.44,-0.552
2018-05-07,235.26870727539062,14.75,16.649999618530273,54.716453552246094,84.69403839111328,93.15441131591797,1.87,0.46,
2018-05-08,235.26870727539062,14.710000038146973,16.479999542236328,54.633216857910156,84.66447448730469,93.06816101074219,1.87,0.46,
2018-05-09,237.54275512695312,13.420000076293945,15.779999732971191,54.722843170166016,84.64969635009766,92.51139831542969,1.86,0.46,
2018-05-10,239.7639923095703,13.229999542236328,15.239999771118164,54.8828239440918,85.07855987548828,93.25631713867188,1.84,0.43,
2018-05-11,240.4954833984375,12.649999618530273,14.819999694824219,54.86362838745117,85.2264404296875,93.49159240722656,1.82,0.43,-0.561
2018-05-14,240.61007690429688,12.930000305175781,14.529999732971191,54.87640380859375,85.0711669921875,92.99759674072266,1.81,0.45,
2018-05-15,238.95310974121094,14.630000114440918,15.789999961853027,54.60763931274414,84.4278564453125,91.93901062011719,1.81,0.5,
2018-05-16,239.9578399658203,13.420000076293945,15.140000343322754,54.678035736083984,84.31695556640625,91.586181640625,1.8,0.51,
2018-05-17,239.75509643554688,13.430000305175781,15.020000457763672,54.71004104614258,84.15428161621094,91.12353515625,1.82,0.54,
2018-05-18,239.15577697753906,13.420000076293945,15.1899995803833,54.652442932128906,84.5018081665039,91.90764617919922,1.83,0.51,-0.566
2018-05-21,240.953857421875,13.079999923706055,14.6899995803833,54.72922134399414,84.55355072021484,91.95469665527344,1.83,0.48,
2018-05-22,240.28396606445312,13.220000267028809,14.880000114440918,54.76765060424805,84.46482849121094,91.8135757446289,1.83,0.47,
2018-05-23,240.94503784179688,12.579999923706055,14.479999542236328,54.81241226196289,84.82717895507812,92.48006439208984,1.84,0.48,
2018-05-24,240.45143127441406,12.529999732971191,14.430000305175781,54.84443664550781,85.06378173828125,93.21713256835938,1.84,0.48,
2018-05-25,239.87852478027344,13.220000267028809,14.829999923706055,54.75484085083008,85.31514739990234,93.7973403930664,1.85,0.45,-0.567
2018-05-29,237.11962890625,17.020000457763672,17.1299991607666,54.524436950683594,85.76622009277344,95.85181427001953,1.96,0.45,
2018-05-30,240.28396606445312,14.9399995803833,16.0,54.69084167480469,85.4334716796875,95.20880126953125,1.91,0.42,
2018-05-31,238.81198120117188,15.430000305175781,16.329999923706055,54.639644622802734,85.39651489257812,95.05199432373047,1.89,0.43,
2018-06-01,241.1566162109375,13.460000038146973,15.270000457763672,54.764366149902344,85.23255157470703,94.5497817993164,1.9,0.42,-0.562
2018-06-04,242.30239868164062,12.739999771118164,14.899999618530273,54.880062103271484,85.03974914550781,93.86600494384766,1.88,0.42,
2018-06-05,242.47869873046875,12.399999618530273,14.720000267028809,54.9443359375,85.09907531738281,94.08606719970703,1.9,0.43,
2018-06-06,244.5059356689453,11.640000343322754,14.1899995803833,55.07933807373047,84.78752899169922,93.32369232177734,1.91,0.45,
2018-06-07,244.4795684814453,12.130000114440918,14.430000305175781,55.09861755371094,85.06941223144531,94.22750091552734,1.89,0.43,
2018-06-08,245.20233154296875,12.180000305175781,14.600000381469727,55.066497802734375,84.92848205566406,93.94461822509766,1.9,0.43,-0.557
2018-06-11,245.52835083007812,12.350000381469727,14.550000190734863,55.16934585571289,84.84683990478516,93.77166748046875,1.89,0.44,
2018-06-12,245.84571838378906,12.34000015258789,14.59000015258789,55.2143440246582,84.85432434082031,93.79527282714844,1.88,0.42,
2018-06-13,245.06126403808594,12.9399995803833,14.920000076293945,55.233604431152344,84.772705078125,93.74810028076172,1.87,0.39,
2018-06-14,245.67823791503906,12.119999885559082,14.399999618530273,55.39433288574219,85.15841674804688,94.52620697021484,1.88,0.35,
2018-06-15,245.36485290527344,11.979999542236328,14.420000076293945,55.362220764160156,85.03974914550781,94.6126708984375,1.87,0.38,-0.551
2018-06-18,244.86016845703125,12.3100004196167,14.479999542236328,55.35576248168945,84.95073699951172,94.52620697021484,1.9,0.36,
2018-06-19,243.92164611816406,13.350000381469727,15.170000076293945,55.27863311767578,84.9952392578125,95.07635498046875,1.91,0.35,
2018-06-20,244.33775329589844,12.789999961853027,14.789999961853027,55.33648681640625,84.52051544189453,94.2432632446289,1.92,0.37,
2018-06-21,242.80606079101562,14.640000343322754,15.869999885559082,55.22075653076172,84.45376586914062,94.73839569091797,1.95,0.34,
2018-06-22,243.24880981445312,13.770000457763672,15.5,55.22721481323242,84.55760192871094,94.73050689697266,1.97,0.34,-0.545
2018-06-25,239.93748474121094,17.329999923706055,17.520000457763672,55.09861755371094,84.47602844238281,94.9427719116211,1.99,0.33,
2018-06-26,240.46868896484375,15.920000076293945,16.8700008392334,55.09220886230469,84.75786590576172,95.07635498046875,1.99,0.35,
2018-06-27,238.47657775878906,17.90999984741211,18.049999237060547,54.97646713256836,85.04715728759766,95.9723129272461,1.98,0.31,
2018-06-28,239.84010314941406,16.850000381469727,17.520000457763672,54.822200775146484,84.93585968017578,95.99591827392578,2.0,0.32,
2018-06-29,240.18540954589844,16.09000015258789,17.139999389648438,54.69363784790039,84.98037719726562,95.66580200195312,1.99,0.33,-0.543
2018-07-02,240.6988983154297,15.600000381469727,16.950000762939453,54.74593734741211,84.9915542602539,95.59098052978516,1.97,0.3,
2018-07-03,239.8489990234375,16.139999389648438,17.350000381469727,54.75239562988281,85.30400848388672,96.10297393798828,1.99,0.3,
2018-07-05,241.8055877685547,14.970000267028809,16.530000686645508,54.959022521972656,85.57186889648438,96.37872314453125,1.95,0.29,
2018-07-06,243.8509063720703,13.369999885559082,15.710000038146973,55.10110092163086,85.69086456298828,96.69380187988281,1.96,0.29,-0.544
2018-07-09,246.04656982421875,12.6899995803833,14.869999885559082,55.18503952026367,85.75041198730469,96.07151794433594,1.93,0.29,
2018-07-10,246.93194580078125,12.640000343322754,14.710000038146973,55.191497802734375,85.65370178222656,96.06365203857422,1.91,0.28,
2018-07-11,245.12574768066406,13.630000114440918,15.380000114440918,55.1075553894043,85.8248062133789,96.43384552001953,1.91,0.27,
2018-07-12,247.3480224609375,12.579999923706055,14.760000228881836,55.28191375732422,86.01078033447266,96.42597961425781,1.9,0.25,
2018-07-13,247.5428466796875,12.180000305175781,14.539999961853027,55.28191375732422,86.0777587890625,96.67015838623047,1.9,0.24,-0.549
2018-07-16,247.32156372070312,12.829999923706055,14.850000381469727,55.24317932128906,85.9364013671875,96.26842498779297,1.91,0.26,
2018-07-17,248.322021484375,12.0600004196167,14.399999618530273,55.26253890991211,85.87689208984375,96.08724975585938,1.9,0.24,
2018-07-18,248.8443603515625,12.100000381469727,14.390000343322754,55.28834915161133,85.8620376586914,95.70127868652344,1.89,0.28,
2018-07-19,247.90585327148438,12.869999885559082,14.970000267028809,55.26253890991211,85.99588012695312,96.30778503417969,1.9,0.24,
2018-07-20,247.62254333496094,12.859999656677246,15.079999923706055,55.28834915161133,85.74295043945312,95.1262435913086,1.91,0.29,-0.557
2018-07-23,248.0830078125,12.619999885559082,14.859999656677246,55.26899719238281,85.40071105957031,93.95250701904297,1.91,0.32,
2018-07-24,249.3312530517578,12.40999984741211,14.699999809265137,55.385215759277344,85.6685791015625,94.27548217773438,1.88,0.32,
2018-07-25,251.4562225341797,12.289999961853027,14.550000190734863,55.488555908203125,85.78016662597656,94.12577056884766,1.87,0.28,
2018-07-26,250.863037109375,12.140000343322754,14.399999618530273,55.494991302490234,85.8620376586914,93.94464111328125,1.85,0.29,
2018-07-27,249.1631317138672,13.029999732971191,15.0,55.47563552856445,85.97360229492188,94.10212707519531,1.84,0.29,-0.566
2018-07-30,247.86166381835938,14.260000228881836,15.65999984741211,55.494991302490234,85.85453796386719,93.77922058105469,1.84,0.32,
2018-07-31,249.08340454101562,12.829999923706055,14.869999885559082,55.611263275146484,86.12239074707031,94.2912368774414,1.83,0.29,
2018-08-01,248.66726684570312,13.149999618530273,15.220000267028809,55.66115188598633,85.81871795654297,93.5230712890625,1.83,0.33,
2018-08-02,250.02191162109375,12.1899995803833,14.760000228881836,55.6935920715332,85.92315673828125,93.65725708007812,1.84,0.32,
2018-08-03,251.0932159423828,11.640000343322754,14.489999771118164,55.739013671875,86.1917953491211,94.12308502197266,1.84,0.32,-0.575
2018-08-06,252.01397705078125,11.270000457763672,14.229999542236328,55.84274673461914,86.2739028930664,94.17837524414062,1.82,0.3,
2018-08-07,252.84629821777344,10.930000305175781,13.930000305175781,55.86870193481445,86.00525665283203,93.68887329101562,1.82,0.3,
2018-08-08,252.7400665283203,10.850000381469727,13.960000038146973,55.83626937866211,85.87093353271484,93.78359985351562,1.84,0.28,
2018-08-09,252.39476013183594,11.270000457763672,14.130000114440918,55.79734802246094,85.93803405761719,94.57311248779297,1.85,0.29,
2018-08-10,250.7036895751953,13.15999984741211,15.220000267028809,55.7000732421875,86.07982635498047,95.25994873046875,1.87,0.26,-0.584
2018-08-13,249.76510620117188,14.779999732971191,16.209999084472656,55.66115188598633,86.05745697021484,95.06259155273438,1.91,0.27,
2018-08-14,251.35882568359375,13.3100004196167,15.350000381469727,55.758445739746094,86.16941833496094,94.84942626953125,1.9,0.26,
2018-08-15,249.48182678222656,14.640000343322754,16.190000534057617,55.66115188598633,86.34846496582031,95.40204620361328,1.9,0.25,
2018-08-16,251.50051879882812,13.449999809265137,15.510000228881836,55.73248291015625,86.46044921875,95.39414978027344,1.89,0.24,
2018-08-17,252.38584899902344,12.640000343322754,15.170000076293945,55.79734802246094,86.53501892089844,95.5125503540039,1.89,0.26,-0.591
2018-08-20,252.92599487304688,12.489999771118164,15.0,55.82329559326172,86.75888061523438,96.15204620361328,1.89,0.22,
2018-08-21,253.5191650390625,12.859999656677246,15.1899995803833,55.907569885253906,86.54248809814453,95.82836151123047,1.88,0.24,
2018-08-22,253.36863708496094,12.25,15.079999923706055,55.92708206176758,86.53501892089844,96.20734405517578,1.91,0.22,
2018-08-23,253.0321807861328,12.40999984741211,15.0600004196167,55.92059326171875,86.56488037109375,96.35734558105469,1.9,0.21,
2018-08-24,254.55499267578125,11.989999771118164,14.819999694824219,56.01785659790039,86.73648071289062,96.54684448242188,1.9,0.19,-0.596
2018-08-27,256.56488037109375,12.15999984741211,14.789999961853027,56.03730010986328,86.60220336914062,95.99415588378906,1.89,0.18,
2018-08-28,256.688720703125,12.5,15.109999656677246,56.0113639831543,86.2739028930664,95.41787719726562,1.9,0.21,
2018-08-29,258.0699768066406,12.25,14.949999809265137,55.97892761230469,86.18437957763672,95.54411315917969,1.88,0.22,
2018-08-30,257.02532958984375,13.529999732971191,15.539999961853027,55.933536529541016,86.2663803100586,95.74942779541016,1.9,0.22,
2018-08-31,257.0341491699219,12.859999656677246,15.149999618530273,56.00486373901367,86.13956451416016,95.52836608886719,1.92,0.24,-0.6
2018-09-04,256.5913391113281,13.15999984741211,15.449999809265137,55.88827896118164,85.98094177246094,94.97605895996094,1.94,0.24,
2018-09-05,255.90086364746094,13.90999984741211,15.920000076293945,55.8297004699707,85.92847442626953,94.72286224365234,1.95,0.24,
2018-09-06,255.13058471679688,14.649999618530273,16.34000015258789,55.875267028808594,86.16800689697266,95.07100677490234,1.93,0.24,
2018-09-07,254.634765625,14.880000114440918,16.59000015258789,55.81666946411133,85.80872344970703,94.263916015625,1.93,0.23,-0.602
2018-09-10,255.07740783691406,14.15999984741211,16.170000076293945,55.92738723754883,86.09314727783203,94.61209106445312,1.92,0.21,
2018-09-11,255.9185028076172,13.220000267028809,15.539999961853027,55.94041061401367,85.89852905273438,93.89202117919922,1.9,0.22,
2018-09-12,255.98060607910156,13.140000343322754,15.319999694824219,56.0706672668457,86.0706787109375,94.11357879638672,1.89,0.23,
2018-09-13,257.49444580078125,12.369999885559082,14.770000457763672,56.174896240234375,86.25033569335938,94.25598907470703,1.87,0.21,
2018-09-14,257.53875732421875,12.069999694824219,14.369999885559082,56.22700119018555,86.1455307006836,93.80501556396484,1.88,0.21,-0.603
2018-09-17,256.1753845214844,13.680000305175781,15.279999732971191,56.18789291381836,86.09314727783203,93.80501556396484,1.88,0.21,
2018-09-18,257.5653991699219,12.789999961853027,15.039999961853027,56.1813850402832,85.74139404296875,92.82380676269531,1.88,0.24,
2018-09-19,257.8397521972656,11.75,14.649999618530273,56.077171325683594,85.61412811279297,92.26988983154297,1.88,0.27,
2018-09-20,259.9292907714844,11.800000190734863,14.510000228881836,56.15532684326172,85.83868408203125,92.69722747802734,1.85,0.26,
2018-09-21,259.6917724609375,11.680000305175781,14.579999923706055,56.16835021972656,85.85367584228516,92.65766143798828,1.83,0.26,-0.6
2018-09-24,258.82916259765625,12.199999809265137,14.770000457763672,56.14228439331055,85.65901184082031,92.42027282714844,1.84,0.25,
2018-09-25,258.5889892578125,12.420000076293945,14.920000076293945,56.096710205078125,85.65901184082031,92.32530975341797,1.83,0.27,
2018-09-26,257.8152160644531,12.890000343322754,15.149999618530273,56.15532684326172,85.96592712402344,92.97415161132812,1.84,0.23,
2018-09-27,258.53558349609375,12.40999984741211,14.890000343322754,56.25952911376953,86.07820892333984,93.03742980957031,1.83,0.23,
2018-09-28,258.5622863769531,12.119999885559082,14.770000457763672,56.29860305786133,86.01830291748047,92.79212951660156,1.84,0.24,-0.596
2018-10-01,259.4605712890625,12.0,14.739999771118164,56.461509704589844,85.8996810913086,92.1109619140625,1.83,0.27,
2018-10-02,259.309326171875,12.050000190734863,14.84000015258789,56.41571044921875,85.97474670410156,92.67396545410156,1.84,0.23,
2018-10-03,259.4517517089844,11.609999656677246,14.680000305175781,56.265235900878906,85.47179412841797,91.06412506103516,1.83,0.3,
2018-10-04,257.4239196777344,14.220000267028809,15.84000015258789,56.05588150024414,85.11892700195312,90.42179107666016,1.84,0.32,
2018-10-05,255.98306274414062,14.819999694824219,16.25,55.80730438232422,84.78861236572266,89.64462280273438,1.85,0.35,-0.589
2018-10-08,255.98306274414062,15.6899995803833,16.510000228881836,55.68296813964844,84.69852447509766,89.34326934814453,,,
2018-10-09,255.6094970703125,15.949999809265137,16.6299991607666,55.768009185791016,84.93873596191406,90.24730682373047,1.84,0.33,
2018-10-10,247.51614379882812,22.959999084472656,20.700000762939453,55.368934631347656,84.70602416992188,90.00146484375,1.86,0.34,
2018-10-11,242.06423950195312,24.979999542236328,21.559999465942383,55.41472625732422,85.05886840820312,91.09585571289062,1.88,0.29,
2018-10-12,245.4261016845703,21.309999465942383,19.84000015258789,55.7091178894043,85.07384490966797,90.77862548828125,1.88,0.3,-0.58
2018-10-15,244.0474853515625,21.299999237060547,20.290000915527344,55.669891357421875,84.91620635986328,90.73899841308594,1.89,0.31,
2018-10-16,249.38385009765625,17.6200008392334,17.959999084472656,55.85956954956055,85.13394927978516,90.9451675415039,1.88,0.29,
2018-10-17,249.42835998535156,17.399999618530273,18.100000381469727,55.74839782714844,84.71351623535156,90.40589904785156,1.88,0.3,
2018-10-18,245.82627868652344,20.059999465942383,19.860000610351562,55.51285171508789,84.71351623535156,90.37419891357422,1.92,0.3,
2018-10-19,245.69290161132812,19.889999389648438,19.84000015258789,55.54558181762695,84.6083984375,90.17594909667969,1.92,0.28,-0.569
2018-10-22,244.5901336669922,19.639999389648438,19.81999969482422,55.571746826171875,84.50331115722656,90.05696868896484,1.92,0.28,
2018-10-23,243.34494018554688,20.709999084472656,20.280000686645508,55.51939392089844,84.62342834472656,90.34249877929688,1.96,0.28,
2018-10-24,235.97189331054688,25.229999542236328,22.6200008392334,55.24462890625,84.7435302734375,91.02449035644531,1.99,0.26,
2018-10-25,240.20538330078125,24.219999313354492,22.440000534057617,55.35581588745117,84.63845825195312,90.64382934570312,1.98,0.28,
2018-10-26,235.9807586669922,24.15999984741211,22.479999542236328,55.10722732543945,84.78108978271484,91.19102478027344,2.02,0.27,-0.555
2018-10-29,234.67337036132812,24.700000762939453,23.059999465942383,55.05488586425781,84.68348693847656,90.98482513427734,2.02,0.27,
2018-10-30,238.15089416503906,23.350000381469727,22.229999542236328,55.18571472167969,84.49581146240234,90.53282928466797,2.03,0.28,
2018-10-31,240.6945343017578,21.229999542236328,21.149999618530273,55.18571472167969,84.25560760498047,90.07286071777344,2.03,0.28,
2018-11-01,243.2559814453125,19.34000015258789,20.06999969482422,55.438873291015625,84.51091003417969,90.15633392333984,2.04,0.3,
2018-11-02,241.81512451171875,19.510000228881836,20.299999237060547,55.40598678588867,84.17194366455078,89.0354232788086,2.02,0.31,-0.54
2018-11-05,243.1492919921875,19.959999084472656,20.200000762939453,55.451995849609375,84.32261657714844,89.38522338867188,2.02,0.29,
2018-11-06,244.68789672851562,19.90999984741211,19.579999923706055,55.596683502197266,84.4657211303711,89.32953643798828,1.98,0.29,
2018-11-07,249.92640686035156,16.360000610351562,17.6200008392334,55.91887283325195,84.68415832519531,89.44879913330078,1.96,0.26,
2018-11-08,249.4728240966797,16.719999313354492,17.68000030517578,55.7807502746582,84.43557739257812,89.44084930419922,1.96,0.26,
2018-11-09,247.03587341308594,17.360000610351562,18.459999084472656,55.46517562866211,84.49584197998047,90.10860443115234,1.98,0.25,-0.525
2018-11-12,242.4199676513672,20.450000762939453,20.229999542236328,55.12326431274414,84.48831176757812,90.69689178466797,,,
2018-11-13,241.9663543701172,20.020000457763672,20.270000457763672,55.031246185302734,84.37532806396484,90.64124298095703,2.04,0.25,
2018-11-14,240.3122100830078,21.25,21.219999313354492,54.926025390625,84.14936828613281,90.69689178466797,2.09,0.26,
2018-11-15,242.82020568847656,19.979999542236328,20.309999465942383,54.912899017333984,83.99122619628906,90.65717315673828,2.13,0.25,
2018-11-16,243.45166015625,18.139999389648438,19.350000381469727,54.74846649169922,84.1568832397461,91.18174743652344,2.13,0.27,-0.506
2018-11-19,239.33377075195312,20.100000381469727,20.639999389648438,54.57756423950195,84.07405853271484,91.43620300292969,2.16,0.27,
2018-11-20,234.90460205078125,22.479999542236328,22.270000457763672,54.40665054321289,83.87065124511719,91.4679946899414,2.17,0.27,
2018-11-21,235.70506286621094,20.799999237060547,21.31999969482422,54.68277359008789,84.05144500732422,91.43620300292969,2.17,0.25,
2018-11-23,234.130859375,21.520000457763672,21.75,54.38031768798828,84.08912658691406,91.53162384033203,2.18,0.24,-0.485
2018-11-26,237.91082763671875,18.899999618530273,20.110000610351562,54.63675308227539,84.12677764892578,91.32486724853516,2.16,0.23,
2018-11-27,238.71115112304688,19.020000457763672,19.940000534057617,54.61042785644531,84.02131652832031,91.42825317382812,2.2,0.23,
2018-11-28,244.20765686035156,18.489999771118164,19.280000686645508,55.06413269042969,84.24727630615234,90.98306274414062,2.22,0.25,
2018-11-29,243.67393493652344,18.790000915527344,19.59000015258789,55.07727813720703,84.00623321533203,91.3407974243164,2.26,0.22,
2018-11-30,245.15924072265625,18.06999969482422,18.889999389648438,54.965511322021484,83.95352935791016,91.68257904052734,2.27,0.21,-0.466
2018-12-03,248.4055633544922,16.440000534057617,17.950000762939453,55.34591293334961,84.26557922363281,92.33362579345703,2.26,0.15,
2018-12-04,240.35650634765625,20.739999771118164,20.75,55.00248336791992,84.28068542480469,93.87939453125,2.25,0.11,
2018-12-06,239.99188232421875,21.190000534057617,21.059999465942383,54.810916900634766,84.53761291503906,94.17423248291016,2.29,0.12,
2018-12-07,234.41549682617188,23.229999542236328,22.440000534057617,54.70526123046875,84.545166015625,94.34952545166016,2.31,0.13,-0.447
2018-12-10,234.86013793945312,22.639999389648438,22.010000228881836,54.74489212036133,84.8021011352539,94.74002075195312,2.31,0.13,
2018-12-11,234.91355895996094,21.760000228881836,21.719999313354492,54.843929290771484,84.95320892333984,94.72402954101562,2.26,0.11,
2018-12-12,236.0963897705078,21.459999084472656,21.59000015258789,55.02227020263672,85.04388427734375,94.30175018310547,2.24,0.14,
2018-12-13,236.016357421875,20.649999618530273,21.350000381469727,55.15435791015625,85.27056884765625,94.0786361694336,2.25,0.16,
2018-12-14,231.65834045410156,21.6299991607666,21.959999084472656,54.92322540283203,85.17987823486328,94.40531158447266,2.25,0.16,-0.435
2018-12-17,227.1136016845703,24.520000457763672,23.40999984741211,54.566558837890625,85.27056884765625,94.95509338378906,2.25,0.16,
2018-12-18,226.86460876464844,25.579999923706055,23.899999618530273,54.467716217041016,85.57525634765625,95.52375793457031,2.26,0.17,
2018-12-19,223.46717834472656,25.579999923706055,24.020000457763672,53.976619720458984,85.50701141357422,96.78569793701172,2.27,0.14,
2018-12-20,219.82955932617188,28.3799991607666,25.239999771118164,53.5054931640625,85.22661590576172,96.43428802490234,2.28,0.12,
2018-12-21,215.32533264160156,30.110000610351562,26.229999542236328,53.24004364013672,85.14321899414062,96.41831970214844,2.31,0.16,-0.429
2018-12-24,209.63577270507812,36.06999969482422,28.84000015258789,52.84188461303711,84.94613647460938,96.89751434326172,2.35,0.19,
2018-12-26,220.22760009765625,30.40999984741211,25.690000534057617,53.73112106323242,84.8779067993164,95.85920715332031,2.33,0.2,
2018-12-27,221.91839599609375,29.959999084472656,25.889999389648438,53.69794464111328,84.8779067993164,95.87523651123047,2.36,0.21,
2018-12-28,221.63211059570312,28.34000015258789,25.31999969482422,53.77754592895508,85.27967071533203,96.68187713623047,2.44,0.2,-0.433
2018-12-31,223.57337951660156,25.420000076293945,23.729999542236328,53.81736373901367,85.51466369628906,97.04927062988281,2.45,0.21,
2019-01-02,223.8059844970703,23.219999313354492,22.75,53.744384765625,85.77994537353516,97.5604476928711,2.45,0.16,
2019-01-03,218.46530151367188,25.450000762939453,24.110000610351562,53.770938873291016,85.81782531738281,98.67060089111328,2.48,0.17,
2019-01-04,225.7830047607422,21.3799991607666,21.860000610351562,54.673423767089844,85.76473236083984,97.52847290039062,2.45,0.17,-0.446
2019-01-07,227.5631866455078,21.399999618530273,21.6200008392334,55.20429229736328,85.77232360839844,97.240966796875,2.42,0.17,
2019-01-08,229.7012481689453,20.469999313354492,21.139999389648438,55.562625885009766,85.96185302734375,96.98538208007812,2.39,0.15,
2019-01-09,230.7747344970703,19.979999542236328,20.690000534057617,55.62898635864258,86.28778076171875,96.8336410522461,2.39,0.18,
2019-01-10,231.58877563476562,19.5,20.520000457763672,55.84796142578125,86.06034851074219,96.21063232421875,2.42,0.18,
2019-01-11,231.67828369140625,18.190000534057617,19.739999771118164,55.66878128051758,86.21952056884766,96.5860595703125,2.42,0.16,-0.466
2019-01-14,230.26480102539062,19.06999969482422,19.93000030517578,55.489627838134766,85.99214935302734,96.22662353515625,2.46,0.18,
2019-01-15,232.9038543701172,18.600000381469727,19.239999771118164,55.675437927246094,86.04521942138672,95.87523651123047,2.46,0.19,
2019-01-16,233.46739196777344,19.040000915527344,19.530000686645508,55.76172637939453,86.21197509765625,95.97106170654297,2.45,0.18,
2019-01-17,235.2386932373047,18.059999465942383,19.170000076293945,55.914337158203125,86.38629150390625,95.9950180053711,2.43,0.19,
2019-01-18,238.3697509765625,17.799999237060547,18.84000015258789,56.07358932495117,86.53787994384766,95.4918441772461,2.38,0.17,-0.489
2019-01-22,235.1492462158203,20.799999237060547,20.690000534057617,55.701988220214844,86.681884765625,96.13876342773438,2.38,0.16,
2019-01-23,235.64122009277344,19.520000457763672,20.079999923706055,55.81477355957031,86.90171813964844,96.09882354736328,2.37,0.18,
2019-01-24,235.76649475097656,18.889999389648438,19.670000076293945,55.8745231628418,87.12911224365234,96.72978210449219,2.37,0.16,
2019-01-25,237.761474609375,17.420000076293945,18.81999969482422,56.01386260986328,87.20492553710938,96.26654052734375,2.34,0.16,-0.513
2019-01-28,235.95436096191406,18.8700008392334,19.579999923706055,55.927608489990234,87.18977355957031,96.17076110839844,2.36,0.15,
2019-01-29,235.64122009277344,19.1299991607666,19.600000381469727,55.894412994384766,87.3792495727539,96.65790557861328,2.36,0.16,
2019-01-30,239.37164306640625,17.65999984741211,18.68000030517578,56.339019775390625,87.78096008300781,96.5860595703125,2.37,0.18,
2019-01-31,241.47393798828125,16.56999969482422,17.8799991607666,56.478397369384766,88.39495086669922,97.41666412353516,2.38,0.18,
2019-02-01,241.59017944335938,16.139999389648438,17.59000015258789,56.45103454589844,88.18434143066406,96.82833099365234,2.31,0.18,-0.536
2019-02-04,243.28985595703125,15.729999542236328,17.190000534057617,56.58436965942383,88.06268310546875,96.39604949951172,2.3,0.2,
2019-02-05,244.30978393554688,15.569999694824219,17.06999969482422,56.78438186645508,88.42001342773438,96.8363265991211,2.27,0.18,
2019-02-06,243.9876708984375,15.380000114440918,16.899999618530273,56.73102569580078,88.25273132324219,96.88433837890625,2.28,0.18,
2019-02-07,241.66177368164062,16.3700008392334,17.520000457763672,56.537715911865234,88.23751068115234,97.52474975585938,2.31,0.17,
2019-02-08,241.95697021484375,15.720000267028809,17.260000228881836,56.524383544921875,88.45805358886719,97.94097900390625,2.3,0.18,-0.556
2019-02-11,242.0911865234375,15.970000267028809,17.219999313354492,56.55105209350586,88.26034545898438,97.55675506591797,2.3,0.17,
2019-02-12,245.20436096191406,15.430000305175781,16.81999969482422,56.82438659667969,88.38200378417969,97.30863189697266,2.3,0.18,
2019-02-13,246.00047302246094,15.649999618530273,16.959999084472656,56.74436569213867,88.15390014648438,96.94038391113281,2.27,0.18,
2019-02-14,245.45480346679688,16.219999313354492,17.31999969482422,56.75105285644531,88.25273132324219,97.49274444580078,2.3,0.16,
2019-02-15,248.1295928955078,14.90999984741211,16.479999542236328,56.93101119995117,88.35919952392578,97.64483642578125,2.28,0.14,-0.573
2019-02-19,248.55899047851562,14.880000114440918,16.450000762939453,56.95100402832031,88.41240692138672,97.89299774169922,2.28,0.15,
2019-02-20,249.0598907470703,14.020000457763672,15.819999694824219,56.997703552246094,88.33636474609375,97.61278533935547,2.23,0.15,
2019-02-21,248.17428588867188,14.460000038146973,16.15999984741211,56.94437026977539,88.0854721069336,96.74024200439453,2.23,0.16,
2019-02-22,249.71304321289062,13.510000228881836,15.460000038146973,57.05766296386719,88.48086547851562,97.31663513183594,2.25,0.17,-0.586
2019-02-25,250.05291748046875,14.850000381469727,16.0,57.10438919067383,88.45043182373047,97.02845764160156,2.23,0.16,
2019-02-26,249.87400817871094,15.170000076293945,16.299999237060547,57.177677154541016,88.5872573852539,97.50870513916016,2.24,0.16,
2019-02-27,249.76669311523438,14.699999809265137,15.989999771118164,57.19770050048828,88.33636474609375,96.404052734375,2.25,0.19,
2019-02-28,249.3015594482422,14.779999732971191,16.100000381469727,57.16433334350586,88.21472930908203,96.07587432861328,2.22,0.21,
2019-03-01,250.85800170898438,13.569999694824219,15.380000114440918,57.326393127441406,88.0606918334961,95.18782806396484,2.22,0.21,-0.594
2019-03-04,249.94558715820312,14.630000114440918,16.030000686645508,57.23933792114258,88.25894165039062,95.93385314941406,2.22,0.17,
2019-03-05,249.6056671142578,14.739999771118164,16.149999618530273,57.21257400512695,88.28950500488281,96.13441467285156,2.22,0.17,
2019-03-06,248.09373474121094,15.739999771118164,16.739999771118164,57.118831634521484,88.37335205078125,96.48735046386719,2.25,0.17,
2019-03-07,246.018310546875,16.59000015258789,17.299999237060547,57.07865524291992,88.66316223144531,97.1130599975586,2.25,0.17,
2019-03-08,245.52633666992188,16.049999237060547,17.110000610351562,56.9848747253418,88.77757263183594,97.52220153808594,2.27,0.17,-0.599
2019-03-11,249.0867919921875,14.329999923706055,16.010000228881836,57.17235565185547,88.87670135498047,97.2334213256836,2.27,0.17,
2019-03-12,250.02610778808594,13.770000457763672,15.649999618530273,57.2728385925293,89.1207504272461,97.91526794433594,2.25,0.16,
2019-03-13,251.68109130859375,13.40999984741211,15.329999923706055,57.42683792114258,88.9758529663086,97.73075866699219,2.26,0.16,
2019-03-14,251.5200653076172,13.5,15.300000190734863,57.38667297363281,88.80042266845703,97.02481842041016,2.27,0.17,
2019-03-15,252.76271057128906,12.880000114440918,14.979999542236328,57.44024658203125,89.1207504272461,97.66661834716797,2.28,0.16,-0.603
2019-03-18,253.67921447753906,13.100000381469727,15.239999771118164,57.4201545715332,89.07494354248047,97.61042022705078,2.27,0.15,
2019-03-19,253.7420654296875,13.5600004196167,15.5600004196167,57.4536247253418,89.09027099609375,97.39383697509766,2.27,0.15,
2019-03-20,252.97837829589844,13.90999984741211,15.789999961853027,57.701393127441406,89.6927261352539,98.41261291503906,2.29,0.14,
2019-03-21,255.83567810058594,13.630000114440918,15.510000228881836,57.688011169433594,89.8604965209961,98.62921905517578,2.28,0.13,
2019-03-22,250.91171264648438,16.479999542236328,17.3700008392334,57.48042678833008,90.40958404541016,100.161376953125,2.3,0.13,-0.607
2019-03-25,250.72299194335938,16.329999923706055,17.450000762939453,57.46029281616211,90.59256744384766,100.32184600830078,2.28,0.17,
2019-03-26,252.59202575683594,14.680000305175781,16.450000762939453,57.60094451904297,90.63072967529297,100.24964141845703,2.3,0.17,
2019-03-27,251.2711639404297,15.149999618530273,16.780000686645508,57.641117095947266,90.75277709960938,101.1721420288086,2.28,0.17,
2019-03-28,252.2235870361328,14.430000305175781,16.299999237060547,57.754947662353516,90.86717224121094,101.52513122558594,2.27,0.16,
2019-03-29,253.81393432617188,13.710000038146973,15.800000190734863,57.902252197265625,90.79852294921875,101.42886352539062,2.26,0.14,-0.61
2019-04-01,256.8240051269531,13.399999618530273,15.460000038146973,57.88816833496094,90.46043395996094,99.98814392089844,2.24,0.16,
2019-04-02,256.9497985839844,13.359999656677246,15.539999961853027,57.91505813598633,90.58283233642578,100.1730728149414,2.24,0.18,
2019-04-03,257.35418701171875,13.739999771118164,15.630000114440918,57.93524169921875,90.3916015625,99.30482482910156,2.23,0.19,
2019-04-04,258.0369567871094,13.579999923706055,15.479999542236328,58.02266311645508,90.53692626953125,99.58619689941406,2.22,0.18,
2019-04-05,259.2860107421875,12.819999694824219,15.0600004196167,58.130287170410156,90.68228149414062,99.71481323242188,2.22,0.15,-0.614
2019-04-08,259.48358154296875,13.180000305175781,15.279999732971191,58.09666061401367,90.55220031738281,99.361083984375,2.21,0.16,
2019-04-09,258.15374755859375,14.279999732971191,15.989999771118164,58.0562858581543,90.74344635009766,99.67462921142578,2.19,0.16,
2019-04-10,259.0344543457031,13.300000190734863,15.380000114440918,58.3118782043457,91.1871109008789,99.9157943725586,2.21,0.17,
2019-04-11,258.9624328613281,13.020000457763672,15.25,58.39930725097656,91.09529876708984,99.32891082763672,2.2,0.16,
2019-04-12,260.7146911621094,12.010000228881836,14.460000038146973,58.48674774169922,91.04179382324219,98.62142944335938,2.15,0.16,-0.617
2019-04-15,260.54388427734375,12.319999694824219,14.529999732971191,58.44639587402344,90.89643859863281,98.87065124511719,2.15,0.15,
2019-04-16,260.7146911621094,12.180000305175781,14.470000267028809,58.41277313232422,90.64396667480469,98.25162506103516,2.12,0.19,
2019-04-17,260.07666015625,12.600000381469727,14.819999694824219,58.27151107788086,90.62871551513672,98.29179382324219,2.13,0.19,
2019-04-18,260.5887145996094,12.09000015258789,14.569999694824219,58.29844284057617,90.7052230834961,98.8063735961914,2.12,0.19,
2019-04-22,260.8133850097656,12.420000076293945,14.720000267028809,58.19750213623047,90.55986785888672,98.33201599121094,2.14,0.21,
2019-04-23,263.1585388183594,12.279999732971191,14.539999961853027,58.39930725097656,90.9346694946289,98.541015625,2.14,0.21,
2019-04-24,262.5745849609375,13.140000343322754,15.039999961853027,58.318603515625,91.24063110351562,99.34502410888672,2.14,0.21,
2019-04-25,262.41278076171875,13.25,15.210000038146973,58.34550476074219,91.19476318359375,99.20027923583984,2.14,0.21,
2019-04-26,263.63482666015625,12.729999542236328,14.890000343322754,58.493431091308594,91.51600646972656,99.5379409790039,2.13,0.23,-0.618
2019-04-29,264.0481872558594,13.109999656677246,15.229999542236328,58.46657180786133,91.156494140625,98.90283966064453,2.13,0.24,
2019-04-30,264.18280029296875,13.119999885559082,15.229999542236328,58.47330093383789,91.19476318359375,99.40934753417969,2.14,0.24,
2019-05-01,262.1971130371094,14.800000190734863,16.190000534057617,58.281455993652344,91.16560363769531,99.81937408447266,2.11,0.21,
2019-05-02,261.631103515625,14.420000076293945,16.030000686645508,58.32198715209961,90.83570861816406,99.34405517578125,2.12,0.2,
2019-05-03,264.1918640136719,12.869999885559082,15.069999694824219,58.470611572265625,91.2423324584961,99.62605285644531,2.11,0.21,-0.615
2019-05-06,263.104736328125,15.4399995803833,16.399999618530273,58.497596740722656,91.36505889892578,99.8999252319336,2.14,0.2,
2019-05-07,258.7108459472656,19.31999969482422,18.780000686645508,58.14638137817383,91.35740661621094,100.66531372070312,2.17,0.17,
2019-05-08,258.3515930175781,19.399999618530273,18.75,58.166648864746094,91.05052947998047,100.23026275634766,2.17,0.19,
2019-05-09,257.5697326660156,19.100000381469727,18.440000534057617,58.07886505126953,91.13492584228516,100.64115905761719,2.21,0.19,
2019-05-10,258.8636169433594,16.040000915527344,16.899999618530273,58.24091720581055,91.18860626220703,100.50419616699219,2.2,0.21,-0.608
2019-05-13,252.3583526611328,20.549999237060547,19.790000915527344,57.707374572753906,91.2423324584961,101.2937240600586,2.25,0.22,
2019-05-14,254.640625,18.059999465942383,18.290000915527344,57.835693359375,91.37274169921875,100.99562072753906,2.24,0.22,
2019-05-15,256.1321105957031,16.440000534057617,17.489999771118164,57.88972091674805,91.62590789794922,101.61600494384766,2.26,0.21,
2019-05-16,258.5041809082031,15.289999961853027,16.739999771118164,58.06536102294922,91.48014068603516,101.27762603759766,2.24,0.2,
2019-05-17,256.83294677734375,15.960000038146973,17.059999465942383,58.045074462890625,91.48785400390625,101.50318908691406,2.24,0.19,-0.599
2019-05-20,255.13478088378906,16.309999465942383,17.290000915527344,57.99106979370117,91.27298736572266,101.2937240600586,2.24,0.2,
2019-05-21,257.4350280761719,14.949999809265137,16.420000076293945,58.17338943481445,91.34972381591797,101.13261413574219,2.23,0.17,
2019-05-22,256.6443176269531,14.75,16.420000076293945,58.2206916809082,91.46481323242188,101.71265411376953,2.26,0.16,
2019-05-23,253.50848388671875,16.920000076293945,17.690000534057617,57.93025588989258,91.6642837524414,102.85662841796875,2.28,0.19,
2019-05-24,254.08349609375,15.850000381469727,17.09000015258789,57.84919738769531,91.85606384277344,102.94530487060547,2.31,0.16,-0.591
2019-05-28,251.72047424316406,17.5,17.899999618530273,57.795188903808594,91.91744232177734,103.68648529052734,2.32,0.14,
2019-05-29,250.03121948242188,17.899999618530273,18.239999771118164,57.63982009887695,91.95579528808594,104.0007095336914,2.33,0.16,
2019-05-30,250.71405029296875,17.299999237060547,17.959999084472656,57.76140594482422,92.48516845703125,104.89493560791016,2.33,0.16,
2019-05-31,247.33566284179688,18.709999084472656,18.829999923706055,57.342647552490234,92.69995880126953,106.20816040039062,2.37,0.19,-0.583
2019-06-03,246.7067108154297,18.860000610351562,18.770000457763672,57.434913635253906,92.98551177978516,106.91859436035156,2.42,0.25,
2019-06-04,252.06173706054688,16.969999313354492,17.59000015258789,58.01163864135742,93.01628112792969,105.69952392578125,2.42,0.24,
2019-06-05,254.2451934814453,16.09000015258789,17.1299991607666,58.14735794067383,92.9547119140625,105.10214233398438,2.45,0.29,
2019-06-06,255.8986358642578,15.930000305175781,16.920000076293945,58.26948547363281,93.1317138671875,105.44121551513672,2.44,0.24,
2019-06-07,258.45928955078125,16.299999237060547,17.149999618530273,58.41873550415039,93.54727172851562,106.35343933105469,2.42,0.24,-0.578
2019-06-10,259.6454772949219,15.9399995803833,16.8799991607666,58.50693130493164,93.20867919921875,105.35237121582031,2.39,0.25,
2019-06-11,259.5824890136719,15.989999771118164,16.989999771118164,58.58835983276367,93.29332733154297,105.41703033447266,2.38,0.22,
2019-06-12,259.1241760253906,15.90999984741211,17.049999237060547,58.452693939208984,93.43184661865234,105.49771881103516,2.41,0.25,
2019-06-13,260.1934814453125,15.819999694824219,16.860000610351562,58.58835983276367,93.6704330444336,105.86100006103516,2.42,0.27,
2019-06-14,259.906005859375,15.279999732971191,16.600000381469727,58.547645568847656,93.70886993408203,106.12744140625,2.42,0.25,-0.576
2019-06-17,260.0047607421875,15.350000381469727,16.610000610351562,58.45948028564453,93.75503540039062,106.31307983398438,2.41,0.23,
2019-06-18,262.72735595703125,15.149999618530273,16.5,58.866546630859375,94.37837219238281,106.8459243774414,2.4,0.2,
2019-06-19,263.3203125,14.329999923706055,16.100000381469727,59.14476013183594,94.97865295410156,106.99931335449219,2.41,0.29,
2019-06-20,265.836181640625,14.75,16.139999389648438,59.44327926635742,95.49427032470703,107.28184509277344,2.38,0.29,
2019-06-21,265.4496765136719,15.399999618530273,16.670000076293945,59.253299713134766,95.14794921875,106.10318756103516,2.35,0.3,-0.576
2019-06-24,265.1246643066406,15.260000228881836,16.469999313354492,59.24650192260742,95.38648223876953,106.89439392089844,2.33,0.3,
2019-06-25,262.5244445800781,16.280000686645508,17.1200008392334,58.99546813964844,95.10182189941406,107.22533416748047,2.34,0.29,
2019-06-26,262.26251220703125,16.209999084472656,17.049999237060547,58.96834182739258,94.90939331054688,106.53913879394531,2.32,0.28,
2019-06-27,263.1925048828125,15.819999694824219,16.760000228881836,59.131187438964844,95.46345520019531,107.2899398803711,2.31,0.27,
2019-06-28,264.5468444824219,15.079999923706055,16.059999465942383,59.151519775390625,95.70976257324219,107.21726989746094,2.31,0.25,-0.578
2019-07-01,266.94854736328125,14.0600004196167,15.430000305175781,59.169273376464844,95.8910903930664,106.96653747558594,2.29,0.25,
2019-07-02,267.643798828125,12.930000305175781,14.720000267028809,59.29872512817383,96.15348815917969,107.79157257080078,2.29,0.21,
2019-07-03,269.7835388183594,12.569999694824219,14.529999732971191,59.52363204956055,96.4158935546875,108.55998992919922,2.26,0.19,
2019-07-05,269.4765319824219,13.279999732971191,14.979999542236328,59.28510284423828,95.56696319580078,107.1202163696289,2.26,0.17,-0.582
2019-07-08,267.99591064453125,13.960000038146973,15.479999542236328,59.169273376464844,95.43572998046875,107.26576232910156,2.23,0.17,
2019-07-09,268.32989501953125,14.09000015258789,15.569999694824219,59.10108947753906,95.23509216308594,107.225341796875,2.22,0.15,
2019-07-10,269.61199951171875,13.029999732971191,15.1899995803833,59.2646484375,95.45118713378906,106.6349105834961,2.25,0.25,
2019-07-11,270.2440185546875,12.930000305175781,14.979999542236328,59.14879608154297,94.8877944946289,105.21121978759766,2.25,0.28,
2019-07-12,271.4538879394531,12.390000343322754,14.800000190734863,59.244232177734375,94.98041534423828,105.33258819580078,2.25,0.28,-0.584
2019-07-15,271.5442199707031,12.680000305175781,15.039999961853027,59.28510284423828,95.1424789428711,105.93928527832031,2.25,0.26,
2019-07-16,270.6684875488281,12.859999656677246,15.220000267028809,59.16242980957031,94.94184112548828,105.62380981445312,2.23,0.26,
2019-07-17,268.8265686035156,13.970000267028809,15.819999694824219,59.08748245239258,95.44345092773438,106.76431274414062,2.24,0.23,
2019-07-18,269.8106994628906,13.529999732971191,15.539999961853027,59.1147346496582,95.66726684570312,106.77238464355469,2.27,0.27,
2019-07-19,268.3118896484375,14.449999809265137,15.930000305175781,59.012474060058594,95.52064514160156,106.52159881591797,2.26,0.25,-0.584
2019-07-22,268.970947265625,13.529999732971191,15.470000267028809,59.21011734008789,95.81389617919922,106.72386169433594,2.24,0.25,
2019-07-23,270.8941345214844,12.609999656677246,14.930000305175781,59.31235122680664,95.86795806884766,106.14147186279297,2.23,0.25,
2019-07-24,272.167236328125,12.069999694824219,14.5600004196167,59.36006546020508,96.13804626464844,106.60253143310547,2.15,0.22,
2019-07-25,270.8670959472656,12.739999771118164,15.050000190734863,59.27826690673828,95.82933044433594,106.09293365478516,2.14,0.22,
2019-07-26,272.68194580078125,12.15999984741211,14.6899995803833,59.407779693603516,95.96053314208984,106.34369659423828,2.13,0.22,-0.581
2019-07-29,272.18536376953125,12.829999923706055,15.0,59.319183349609375,95.89883422851562,106.37602233886719,2.13,0.21,
2019-07-30,271.5171813964844,13.9399995803833,15.699999809265137,59.3464241027832,95.86795806884766,106.6349105834961,2.14,0.21,
2019-07-31,268.5467224121094,16.1200008392334,16.90999984741211,59.244232177734375,95.95281219482422,107.49225616455078,2.13,0.13,
2019-08-01,266.2080993652344,17.8700008392334,17.989999771118164,59.21477127075195,96.73291778564453,109.62714385986328,2.17,0.17,
2019-08-02,264.2037048339844,17.610000610351562,17.889999389648438,59.12582778930664,96.83358001708984,110.64028930664062,2.18,0.14,-0.573
2019-08-05,256.25836181640625,24.59000015258789,21.899999618530273,58.509830474853516,96.9031982421875,112.55300903320312,2.24,0.16,
2019-08-06,259.8518371582031,20.170000076293945,19.690000534057617,58.88628387451172,97.50687408447266,113.45259094238281,2.25,0.13,
2019-08-07,260.0052795410156,19.489999771118164,19.5,58.87940216064453,97.49140167236328,113.49319458007812,2.23,0.12,
2019-08-08,265.1066589355469,16.90999984741211,17.860000610351562,59.11210632324219,97.75452423095703,113.7363052368164,2.25,0.1,
2019-08-09,263.3009033203125,17.969999313354492,18.559999465942383,59.029991149902344,97.46820831298828,113.5094223022461,2.23,0.11,-0.561
2019-08-12,260.09564208984375,21.09000015258789,20.5,58.82468032836914,98.0796127319336,115.87603759765625,2.23,0.07,
2019-08-13,264.1405944824219,17.520000457763672,18.530000686645508,59.084739685058594,98.00218963623047,115.47884368896484,2.22,0.02,
2019-08-14,256.3305358886719,22.100000381469727,21.299999237060547,58.55773162841797,98.28854370117188,118.08055114746094,2.23,0.01,
2019-08-15,257.0077209472656,21.18000030517578,21.06999969482422,58.72883987426758,98.76837921142578,119.39354705810547,2.27,0.04,
2019-08-16,260.79986572265625,18.469999313354492,19.700000762939453,58.92732238769531,98.94635009765625,118.43717193603516,2.26,0.07,-0.55
2019-08-19,263.94189453125,16.8799991607666,18.360000610351562,59.09844207763672,98.6213150024414,116.74324798583984,2.29,0.07,
2019-08-20,261.9194641113281,17.5,18.8700008392334,59.14631271362305,99.19403076171875,117.95089721679688,2.3,0.05,
2019-08-21,264.0502014160156,15.800000190734863,17.719999313354492,59.39957809448242,99.37203979492188,117.16472625732422,2.25,0.03,
2019-08-22,263.96905517578125,16.68000030517578,18.229999542236328,59.509056091308594,99.00827026367188,116.38667297363281,2.25,0.01,
2019-08-23,257.1882629394531,19.8700008392334,20.360000610351562,59.235321044921875,99.37203979492188,118.29940032958984,2.27,0.01,-0.539
2019-08-26,260.0323791503906,19.31999969482422,19.81999969482422,59.529598236083984,99.37976837158203,117.82119750976562,2.27,0.0,
2019-08-27,259.0121154785156,20.309999465942383,20.639999389648438,59.50222396850586,99.91375732421875,119.63667297363281,2.26,-0.04,
2019-08-28,260.83599853515625,19.350000381469727,20.049999237060547,59.645938873291016,99.91375732421875,119.79072570800781,2.26,-0.03,
2019-08-29,264.1676330566406,17.8799991607666,19.030000686645508,59.70755386352539,99.69705963134766,119.33686828613281,2.27,-0.03,
2019-08-30,264.0502014160156,18.979999542236328,19.540000915527344,59.652835845947266,99.68159484863281,119.36922454833984,2.26,0.0,-0.529
2019-09-03,262.5063171386719,19.65999984741211,20.1200008392334,59.481685638427734,99.58771514892578,119.52352142333984,2.28,0.0,
2019-09-04,265.4858093261719,17.329999923706055,18.809999465942383,59.60538101196289,99.77395629882812,119.7021484375,2.29,0.04,
2019-09-05,268.8988037109375,16.270000457763672,18.079999923706055,59.839073181152344,99.04448699951172,117.53433227539062,2.28,0.02,
2019-09-06,269.1065979003906,15.0,17.459999084472656,59.8940544128418,99.40142822265625,118.37051391601562,2.26,0.02,-0.522
2019-09-09,269.2418212890625,15.270000457763672,17.549999237060547,59.955909729003906,98.67201232910156,116.2676773071289,2.23,0.05,
2019-09-10,269.1786193847656,15.199999809265137,17.40999984741211,59.99028396606445,97.8416519165039,114.22978210449219,2.22,0.05,
2019-09-11,271.0927429199219,14.609999656677246,17.100000381469727,59.98339080810547,97.76405334472656,114.02676391601562,2.22,0.07,
2019-09-12,272.03179931640625,14.220000267028809,16.809999465942383,60.01776885986328,97.63211059570312,113.27982330322266,2.22,0.07,
2019-09-13,271.8511962890625,13.739999771118164,16.670000076293945,59.907840728759766,96.75518035888672,110.86031341552734,2.21,0.11,-0.517
2019-09-16,271.0115051269531,14.670000076293945,17.200000762939453,60.120887756347656,97.24410247802734,112.27301788330078,2.2,0.1,
2019-09-17,271.69775390625,14.4399995803833,17.229999542236328,60.155235290527344,97.49241638183594,112.8819808959961,2.21,0.09,
2019-09-18,271.86016845703125,13.949999809265137,16.860000610351562,60.120887756347656,97.73300170898438,113.3609619140625,2.18,0.03,
2019-09-19,271.8421325683594,14.050000190734863,16.790000915527344,60.05211639404297,98.01233673095703,113.7020263671875,2.17,0.05,
2019-09-20,270.55780029296875,15.319999694824219,17.709999084472656,60.127708435058594,98.68753051757812,115.20409393310547,2.19,0.05,-0.513
2019-09-23,270.49432373046875,14.90999984741211,17.8700008392334,60.10024642944336,98.61766815185547,115.17965698242188,2.17,0.04,
2019-09-24,268.37188720703125,17.049999237060547,18.549999237060547,60.01776885986328,98.92809295654297,116.56813049316406,2.2,0.04,
2019-09-25,269.9591369628906,15.960000038146973,18.0,59.955909729003906,98.36933898925781,114.86306762695312,2.2,0.05,
2019-09-26,269.3967590332031,16.06999969482422,18.1200008392334,59.914669036865234,98.57886505126953,115.60192108154297,2.18,0.04,
2019-09-27,267.94549560546875,17.219999313354492,18.75,59.845924377441406,98.60215759277344,115.88609313964844,2.19,0.06,-0.513
2019-09-30,269.1880798339844,16.239999771118164,17.959999084472656,59.914669036865234,98.92809295654297,116.17030334472656,2.2,0.05,
2019-10-01,265.9862060546875,18.559999465942383,19.350000381469727,59.776649475097656,99.04167938232422,116.51997375488281,2.22,0.09,
2019-10-02,261.2877197265625,20.559999465942383,20.739999771118164,59.42469787597656,99.00276947021484,116.80464172363281,2.26,0.12,
2019-10-03,263.4283142089844,19.1200008392334,19.780000686645508,59.459205627441406,99.39185333251953,117.87019348144531,2.29,0.15,
2019-10-04,266.9930114746094,17.040000915527344,18.59000015258789,59.64553451538086,99.80419158935547,118.74043273925781,2.29,0.12,-0.518
2019-10-07,265.8410949707031,17.860000610351562,18.90999984741211,59.59724044799805,99.2984390258789,117.75626373291016,2.28,0.1,
2019-10-08,261.7139587402344,20.280000686645508,20.389999389648438,59.37639236450195,99.212890625,118.07350158691406,2.3,0.12,
2019-10-09,264.19927978515625,18.639999389648438,19.510000228881836,59.55583190917969,99.2517318725586,117.40657043457031,2.29,0.12,
2019-10-10,265.9862060546875,17.56999969482422,18.790000915527344,59.63172912597656,98.66822052001953,115.65786743164062,2.27,0.14,
2019-10-11,268.74371337890625,15.579999923706055,17.549999237060547,59.88015365600586,98.4892349243164,114.22634887695312,2.22,0.13,-0.527
2019-10-14,268.4443054199219,14.569999694824219,17.1200008392334,59.92156982421875,98.81600952148438,115.05599212646484,,,
2019-10-15,271.10198974609375,13.539999961853027,16.479999542236328,60.052669525146484,98.55150604248047,113.66519927978516,2.21,0.16,
2019-10-16,270.6666259765625,13.680000305175781,16.479999542236328,60.0043830871582,98.66040802001953,113.80339813232422,2.22,0.17,
2019-10-17,271.46484375,13.789999961853027,16.440000534057617,60.08720016479492,98.80045318603516,113.52690887451172,2.21,0.16,
2019-10-18,270.276611328125,14.25,16.649999618530273,60.10099792480469,98.9249496459961,113.52690887451172,2.21,0.18,-0.539
2019-10-21,272.10888671875,14.0,16.280000686645508,60.12172317504883,98.6993408203125,112.67286682128906,2.19,0.18,
2019-10-22,271.219970703125,14.460000038146973,16.549999237060547,60.1354866027832,98.8704833984375,113.33171844482422,2.17,0.18,
2019-10-23,272.00909423828125,14.010000228881836,16.290000915527344,60.19070816040039,98.9249496459961,113.4455337524414,2.18,0.19,
2019-10-24,272.4536437988281,13.710000038146973,16.25,60.25969696044922,99.14283752441406,113.21781158447266,2.17,0.19,
2019-10-25,273.5693054199219,12.649999618530273,15.710000038146973,60.30802536010742,98.97164154052734,112.66474151611328,2.16,0.17,-0.554
2019-10-28,275.1112060546875,13.109999656677246,15.989999771118164,60.301143646240234,98.67601013183594,111.63990020751953,2.16,0.21,
2019-10-29,275.0296325683594,13.199999809265137,16.09000015258789,60.19070816040039,98.41921997070312,111.7131118774414,2.15,0.2,
2019-10-30,275.87310791015625,12.329999923706055,15.6899995803833,60.11478042602539,98.76934051513672,113.34793090820312,2.17,0.17,
2019-10-31,275.1383361816406,13.220000267028809,16.049999237060547,59.90778732299805,99.36844635009766,114.87702941894531,2.18,0.17,
2019-11-01,277.68731689453125,12.300000190734863,15.420000076293945,60.16487503051758,99.46598052978516,114.52338409423828,2.16,0.17,-0.566
2019-11-04,278.80291748046875,12.829999923706055,15.619999885559082,60.28960037231445,98.99784851074219,113.01612091064453,2.16,0.19,
2019-11-05,278.4945068359375,13.100000381469727,15.90999984741211,60.22724151611328,98.42833709716797,111.74507141113281,2.15,0.23,
2019-11-06,278.55810546875,12.619999885559082,15.829999923706055,60.15795135498047,98.98226928710938,112.42133331298828,2.14,0.2,
2019-11-07,279.5375671386719,12.729999542236328,15.800000190734863,60.13020324707031,98.20991516113281,110.38442993164062,2.13,0.24,
2019-11-08,280.22705078125,12.069999694824219,15.529999732971191,60.18564224243164,98.07727813720703,109.9200210571289,2.11,0.26,-0.575
2019-11-11,279.69195556640625,12.6899995803833,15.600000381469727,60.15100860595703,98.10845947265625,109.9933090209961,,,
2019-11-12,280.281494140625,12.680000305175781,15.489999771118164,60.16487503051758,98.20210266113281,110.49848937988281,2.1,0.26,
2019-11-13,280.3721923828125,13.0,15.619999885559082,60.10247802734375,98.43614959716797,111.21546936035156,2.11,0.25,
2019-11-14,280.78033447265625,13.050000190734863,15.600000381469727,60.06787109375,98.9510498046875,112.36428833007812,2.13,0.24,
2019-11-15,282.812255859375,12.050000190734863,14.989999771118164,60.247982025146484,98.96669006347656,112.24209594726562,2.13,0.23,-0.58
2019-11-18,283.02081298828125,12.460000038146973,15.170000076293945,60.17179489135742,99.075927734375,112.44575500488281,2.14,0.21,
2019-11-19,282.939208984375,12.859999656677246,15.5,59.95695877075195,99.27095031738281,113.38276672363281,2.13,0.19,
2019-11-20,281.8869934082031,12.779999732971191,15.640000343322754,59.83224868774414,99.4113998413086,114.5560531616211,2.16,0.17,
2019-11-21,281.4334411621094,13.130000114440918,15.819999694824219,59.846099853515625,99.1773452758789,113.83904266357422,2.15,0.17,
2019-11-22,282.05926513671875,12.34000015258789,15.399999618530273,60.074790954589844,99.45036315917969,113.98568725585938,2.14,0.16,-0.579
2019-11-25,284.2452697753906,11.869999885559082,14.989999771118164,60.23419189453125,99.79371643066406,114.31974029541016,2.13,0.15,
2019-11-26,284.88934326171875,11.539999961853027,14.850000381469727,60.303443908691406,100.05116271972656,114.98786163330078,2.11,0.16,
2019-11-27,286.15924072265625,11.75,14.960000038146973,60.379703521728516,100.04334259033203,114.65377807617188,2.09,0.14,
2019-11-29,285.0979309082031,12.619999885559082,15.510000228881836,60.247982025146484,99.84049224853516,114.40930938720703,2.08,0.17,-0.574
2019-12-02,282.67608642578125,14.90999984741211,16.84000015258789,60.20700454711914,99.4070816040039,112.88390350341797,2.11,0.22,
2019-12-03,280.78033447265625,15.960000038146973,17.6299991607666,60.12347412109375,100.17372131347656,115.25084686279297,2.11,0.19,
2019-12-04,282.5129089355469,14.800000190734863,16.979999542236328,60.30439376831055,100.04072570800781,114.10003662109375,2.11,0.19,
2019-12-05,283.02081298828125,14.520000457763672,16.780000686645508,60.394832611083984,99.93128204345703,113.54499816894531,2.09,0.22,
2019-12-06,285.60589599609375,13.619999885559082,16.209999084472656,60.478309631347656,99.87648010253906,112.91661834716797,2.07,0.23,-0.565
2019-12-09,284.7079772949219,15.859999656677246,17.299999237060547,60.478309631347656,99.8608627319336,113.16143798828125,2.05,0.2,
2019-12-10,284.39044189453125,15.680000305175781,17.1299991607666,60.624385833740234,99.8608627319336,113.16960906982422,2.01,0.2,
2019-12-11,285.19769287109375,14.989999771118164,16.90999984741211,60.74960708618164,100.25198364257812,114.0592041015625,2.04,0.18,
2019-12-12,287.6559753417969,13.9399995803833,16.09000015258789,60.88877487182617,99.79039764404297,112.1820297241211,2.02,0.24,
2019-12-13,287.82818603515625,12.630000114440918,15.279999732971191,60.95140075683594,100.4397201538086,113.47974395751953,2.02,0.21,-0.557
2019-12-16,289.8055725097656,12.140000343322754,14.979999542236328,61.069644927978516,100.21286010742188,112.45954895019531,2.0,0.24,
2019-12-17,289.8691711425781,12.289999961853027,15.149999618530273,61.25751495361328,100.13462829589844,112.30445861816406,1.99,0.26,
2019-12-18,289.8872375488281,12.579999923706055,15.199999809265137,61.368812561035156,100.06426239013672,111.38220977783203,1.98,0.29,
2019-12-19,291.0755310058594,12.5,15.140000343322754,61.33670425415039,100.16307830810547,111.56041717529297,1.96,0.3,
2019-12-20,292.35162353515625,12.510000228881836,15.319999694824219,61.245941162109375,100.1317138671875,111.70755004882812,1.96,0.29,-0.554
2019-12-23,292.79833984375,12.609999656677246,15.5,61.27385330200195,100.17871856689453,111.54405212402344,1.96,0.29,
2019-12-24,292.8073425292969,12.670000076293945,15.520000457763672,61.32272720336914,100.28071594238281,111.86285400390625,1.97,0.28,
2019-12-26,294.3660583496094,12.649999618530273,15.520000457763672,61.413509368896484,100.46109771728516,112.13265228271484,1.97,0.26,
2019-12-27,294.2930908203125,13.430000305175781,15.949999809265137,61.38557052612305,100.60228729248047,112.25529479980469,1.96,0.29,-0.559
2019-12-30,292.67059326171875,14.819999694824219,16.68000030517578,61.343692779541016,100.78269958496094,111.84650421142578,1.97,0.32,
2019-12-31,293.38165283203125,13.779999732971191,15.869999885559082,61.399532318115234,100.36698150634766,110.75109100341797,1.98,0.34,
2020-01-02,296.1253356933594,12.470000267028809,15.1899995803833,61.65787887573242,100.57877349853516,112.00180053710938,1.98,0.3,
2020-01-03,293.8829345703125,14.020000457763672,16.010000228881836,61.59503173828125,100.92389678955078,113.7266616821289,1.99,0.27,-0.573
2020-01-06,295.004150390625,13.850000381469727,15.920000076293945,61.532222747802734,100.58663940429688,113.0809097290039,2.02,0.27,
2020-01-07,294.17462158203125,13.789999961853027,15.859999656677246,61.47637176513672,100.32779693603516,112.52498626708984,2.03,0.29,
2020-01-08,295.742431640625,13.449999809265137,15.399999618530273,61.532222747802734,100.18656921386719,111.78113555908203,2.05,0.29,
2020-01-09,297.7478332519531,12.539999961853027,14.949999809265137,61.69277572631836,100.66504669189453,112.17355346679688,2.03,0.27,
2020-01-10,296.8910217285156,12.5600004196167,14.949999809265137,61.71372604370117,100.94742584228516,113.17083740234375,1.99,0.27,-0.593
2020-01-13,298.9328308105469,12.319999694824219,14.640000343322754,61.71372604370117,100.70426177978516,112.8275146484375,1.99,0.27,
2020-01-14,298.47705078125,12.390000343322754,14.640000343322754,61.706729888916016,100.82975769042969,113.40785217285156,1.99,0.24,
2020-01-15,299.15155029296875,12.420000076293945,14.630000114440918,61.720680236816406,101.04940795898438,114.15998840332031,2.01,0.23,
2020-01-16,301.6400146484375,12.319999694824219,14.449999809265137,61.74165344238281,101.19055938720703,113.80030059814453,2.0,0.23,
2020-01-17,302.5788269042969,12.100000381469727,14.40999984741211,61.69277572631836,101.17489624023438,112.8275146484375,1.98,0.26,-0.615
2020-01-21,301.9862976074219,12.850000381469727,14.869999885559082,61.56011962890625,101.66117858886719,114.01280212402344,1.97,0.25,
2020-01-22,302.0227355957031,12.90999984741211,14.979999542236328,61.67182159423828,101.71609497070312,114.41341400146484,1.97,0.24,
2020-01-23,302.36920166015625,12.979999542236328,14.989999771118164,61.48333740234375,101.84941101074219,115.2144775390625,1.98,0.23,
2020-01-24,299.68023681640625,14.5600004196167,16.06999969482422,61.22502136230469,102.02201080322266,116.1464614868164,1.98,0.21,-0.629
2020-01-27,294.87652587890625,18.229999542236328,18.15999984741211,60.81306457519531,102.21807861328125,117.95299530029297,2.04,0.17,
2020-01-28,297.9664611816406,16.280000686645508,17.030000686645508,61.33670425415039,102.16317749023438,117.02932739257812,2.04,0.2,
2020-01-29,297.7204284667969,16.389999389648438,17.030000686645508,61.30178451538086,102.49263763427734,118.17376708984375,2.05,0.18,
2020-01-30,298.6865539550781,15.489999771118164,16.59000015258789,61.364627838134766,102.55533599853516,118.19009399414062,2.08,0.16,
2020-01-31,293.2631530761719,18.84000015258789,18.6299991607666,61.1132698059082,102.8220443725586,119.26917266845703,2.13,0.18,-0.626
2020-02-03,295.441650390625,17.969999313354492,18.040000915527344,61.103477478027344,102.74102020263672,119.17250061035156,2.1,0.18,
2020-02-04,299.9445495605469,16.049999237060547,16.700000762939453,61.46806335449219,102.4894027709961,117.5676498413086,2.09,0.2,
2020-02-05,303.4083557128906,15.149999618530273,16.110000610351562,61.720462799072266,102.4264907836914,116.28204345703125,2.07,0.22,
2020-02-06,304.4292297363281,14.960000038146973,15.890000343322754,61.769561767578125,102.37931060791016,116.80608367919922,2.05,0.21,
2020-02-07,302.8067321777344,15.470000267028809,16.290000915527344,61.678401947021484,102.77249908447266,118.26368713378906,2.05,0.18,-0.599
2020-02-10,305.0672607421875,15.039999961853027,16.1299991607666,61.76251983642578,103.01627349853516,118.59121704101562,2.06,0.19,
2020-02-11,305.5959777832031,15.180000305175781,16.139999389648438,61.804622650146484,102.86685943603516,117.9934310913086,2.05,0.18,
2020-02-12,307.5649108886719,13.739999771118164,15.359999656677246,61.96583557128906,102.81967163085938,117.39567565917969,2.06,0.18,
2020-02-13,307.2367248535156,14.149999618530273,15.680000305175781,61.98689651489258,102.74888610839844,117.84603118896484,2.05,0.17,
2020-02-14,307.72900390625,13.680000305175781,15.5,61.979862213134766,103.00054931640625,118.36186981201172,2.04,0.17,-0.537
2020-02-18,306.9359436035156,14.829999923706055,16.100000381469727,61.853668212890625,103.1971435546875,119.17250061035156,2.05,0.14,
2020-02-19,308.4034729003906,14.380000114440918,15.819999694824219,61.881683349609375,103.05562591552734,119.16433715820312,2.05,0.14,
2020-02-20,307.1365051269531,15.5600004196167,16.600000381469727,61.98689651489258,103.40160369873047,120.09780883789062,2.05,0.13,
2020-02-21,303.97344970703125,17.079999923706055,17.610000610351562,61.930789947509766,103.60607147216797,121.21963500976562,2.09,0.12,-0.434
2020-02-24,293.8920593261719,25.030000686645508,21.920000076293945,61.26470184326172,103.62177276611328,123.02915954589844,2.13,0.12,
2020-02-25,284.9864807128906,27.850000381469727,23.860000610351562,60.83701705932617,103.72401428222656,123.68431091308594,2.19,0.13,
2020-02-26,283.9383850097656,27.559999465942383,23.700000762939453,60.90011215209961,103.33870697021484,123.02915954589844,2.2,0.17,
2020-02-27,271.18609619140625,39.15999984741211,29.920000076293945,60.079830169677734,102.7882308959961,124.36392974853516,2.27,0.19,
2020-02-28,270.0467529296875,40.11000061035156,29.850000381469727,60.32522201538086,103.94419860839844,127.17247009277344,2.38,0.27,-0.293
2020-03-02,281.7415466308594,33.41999816894531,27.700000762939453,60.782936096191406,103.8409194946289,126.23684692382812,2.44,0.26,
2020-03-03,273.6745300292969,36.81999969482422,30.170000076293945,60.522369384765625,105.02360534667969,128.1968231201172,2.48,0.31,
2020-03-04,285.1780090332031,31.989999771118164,27.510000228881836,61.3533935546875,105.17346954345703,126.83554077148438,2.47,0.35,
2020-03-05,275.6980895996094,39.619998931884766,32.56999969482422,60.57875061035156,105.1340560913086,129.99269104003906,2.52,0.33,
2020-03-06,271.1405029296875,41.939998626708984,35.459999084472656,59.89563751220703,105.8673095703125,136.75796508789062,2.55,0.25,-0.13
2020-03-09,249.96592712402344,54.459999084472656,43.04999923706055,57.318111419677734,103.2968521118164,140.46453857421875,2.93,0.16,
2020-03-10,262.900390625,47.29999923706055,39.439998626708984,58.19841003417969,100.97091674804688,133.26454162597656,2.93,0.26,
2020-03-11,250.08441162109375,53.900001525878906,44.369998931884766,56.930755615234375,97.65145874023438,128.3607177734375,2.99,0.32,
2020-03-12,226.15707397460938,75.47000122070312,57.2400016784668,54.65607452392578,92.99164581298828,129.15615844726562,3.2,0.38,
2020-03-13,245.49034118652344,57.83000183105469,48.310001373291016,56.37440490722656,97.02069854736328,126.23684692382812,3.3,0.45,0.038
2020-03-16,218.62794494628906,82.69000244140625,67.69999694824219,53.2757682800293,95.64088439941406,134.41270446777344,3.38,0.37,
2020-03-17,230.4320831298828,75.91000366210938,65.2699966430664,53.77577590942383,91.72218322753906,125.44961547851562,3.49,0.55,
2020-03-18,218.7646484375,76.44999694824219,72.9800033569336,51.402488708496094,87.13331604003906,118.3727035522461,3.81,0.64,
2020-03-19,219.22952270507812,72.0,69.47000122070312,50.247520446777344,82.82832336425781,121.59537506103516,4.01,0.68,
2020-03-20,209.78199768066406,66.04000091552734,65.58999633789062,49.120750427246094,84.16080474853516,130.7388916015625,4.23,0.55,0.183
2020-03-23,204.418212890625,61.59000015258789,56.63999938964844,48.332008361816406,90.38180541992188,136.1265411376953,4.31,0.48,
2020-03-24,222.93922424316406,61.66999816894531,52.11000061035156,50.32497787475586,92.23468017578125,133.5926055908203,4.19,0.46,
2020-03-25,226.2766571044922,63.95000076293945,53.849998474121094,51.74054718017578,96.65010070800781,133.2891387939453,4.13,0.54,
2020-03-26,239.4889373779297,61.0,49.790000915527344,54.10677719116211,96.72897338867188,133.94522094726562,4.04,0.53,
2020-03-27,232.35552978515625,65.54000091552734,55.75,54.247615814208984,96.53184509277344,137.52053833007812,3.98,0.47,0.276
2020-03-30,239.90150451660156,57.08000183105469,51.2599983215332,54.7124137878418,97.70665740966797,136.38894653320312,3.89,0.47,
2020-03-31,236.32566833496094,53.540000915527344,48.31999969482422,54.27580642700195,97.38337707519531,135.2819061279297,3.93,0.47,
2020-04-01,225.68983459472656,57.060001373291016,51.16999816894531,52.785926818847656,95.9684829711914,137.17724609375,3.97,0.39,
2020-04-02,230.89773559570312,50.90999984741211,47.29999923706055,53.19643020629883,96.22138214111328,138.04779052734375,3.92,0.4,
2020-04-03,227.56028747558594,46.79999923706055,44.84000015258789,52.05689239501953,95.72346496582031,138.37623596191406,3.92,0.39,0.313
2020-04-06,242.84463500976562,45.2400016784668,43.09000015258789,53.32382583618164,97.61265563964844,138.01495361328125,3.91,0.4,
2020-04-07,243.0922088623047,46.70000076293945,43.41999816894531,53.32382583618164,97.76278686523438,136.56951904296875,3.79,0.47,
2020-04-08,251.25241088867188,43.349998474121094,41.59000015258789,54.71107482910156,99.52552032470703,135.57589721679688,3.75,0.5,
2020-04-09,255.0758819580078,41.66999816894531,40.61000061035156,58.29241180419922,104.20498657226562,135.82223510742188,3.61,0.5,
2020-04-13,252.7469482421875,41.16999816894531,39.970001220703125,57.45722198486328,103.19320678710938,134.5822296142578,3.41,0.51,
2020-04-14,260.20123291015625,37.7599983215332,36.459999084472656,57.69786834716797,102.68733978271484,134.5493927001953,3.36,0.53,
2020-04-15,254.67239379882812,40.84000015258789,39.279998779296875,57.15998840332031,103.37498474121094,138.11346435546875,3.33,0.43,
2020-04-16,255.90103149414062,40.11000061035156,39.209999084472656,57.10335159301758,102.86124420166016,139.6820526123047,3.28,0.41,
2020-04-17,262.8143615722656,38.150001525878906,37.279998779296875,57.393550872802734,103.20108032226562,137.80960083007812,3.27,0.45,0.242
2020-04-20,258.1839904785156,43.83000183105469,40.970001220703125,56.53005599975586,102.61614227294922,138.9182586669922,3.28,0.43,
2020-04-21,250.34469604492188,45.40999984741211,43.279998779296875,55.4967041015625,102.2525405883789,140.66746520996094,3.29,0.38,
2020-04-22,255.90103149414062,41.97999954223633,40.91999816894531,55.985076904296875,102.31581115722656,139.2303009033203,3.3,0.41,
2020-04-23,255.8826446533203,41.380001068115234,40.86000061035156,55.95674133300781,102.75052642822266,139.96945190429688,3.26,0.39,
2020-04-24,259.4493103027344,35.93000030517578,37.810001373291016,55.43301010131836,102.67936706542969,140.29794311523438,3.25,0.38,0.162
2020-04-27,263.1901550292969,33.290000915527344,35.33000183105469,55.65949249267578,101.84940338134766,137.68649291992188,3.24,0.43,
2020-04-28,261.97998046875,33.56999969482422,35.369998931884766,55.82933044433594,102.12611389160156,139.27139282226562,3.25,0.42,
2020-04-29,268.8382568359375,31.229999542236328,33.33000183105469,56.813175201416016,102.79800415039062,138.54872131347656,3.24,0.43,
2020-04-30,266.33514404296875,34.150001525878906,35.04999923706055,56.9264030456543,102.10240936279297,136.930908203125,3.23,0.44,
2020-05-01,259.28436279296875,37.189998626708984,37.970001220703125,55.94445037841797,101.6982421875,138.1034698486328,3.25,0.44,0.064
2020-05-04,259.99951171875,35.970001220703125,37.0,55.86625289916992,101.85673522949219,137.45388793945312,3.28,0.45,
2020-05-05,262.4017028808594,33.61000061035156,35.52000045776367,56.349769592285156,101.72196197509766,136.5740203857422,3.28,0.47,
2020-05-06,260.6229553222656,34.119998931884766,35.68000030517578,56.0297737121582,100.58094024658203,134.37033081054688,3.31,0.55,
2020-05-07,263.767822265625,31.440000534057617,34.0099983215332,56.17200469970703,100.85033416748047,136.6151580810547,3.34,0.5,
2020-05-08,268.1322326660156,27.979999542236328,31.639999389648438,56.70528030395508,100.36700439453125,134.8390350341797,3.37,0.53,-0.036
2020-05-11,268.187255859375,27.56999969482422,30.389999389648438,56.449302673339844,99.48741912841797,133.78646850585938,3.41,0.56,
2020-05-12,262.8418273925781,33.040000915527344,34.2599983215332,56.378173828125,100.44623565673828,135.1597442626953,3.4,0.52,
2020-05-13,258.19317626953125,35.279998779296875,36.5099983215332,56.079559326171875,100.67604064941406,136.10533142089844,3.43,0.48,
2020-05-14,261.2831115722656,32.61000061035156,34.900001525878906,55.8875846862793,101.50807189941406,137.43740844726562,3.41,0.47,
2020-05-15,262.48419189453125,31.889999389648438,34.5099983215332,55.96576690673828,101.86465454101562,137.08384704589844,3.41,0.48,-0.127
2020-05-18,270.4793701171875,29.299999237060547,31.770000457763672,56.95416259765625,102.44313049316406,134.07427978515625,3.38,0.55,
2020-05-19,267.7012023925781,30.530000686645508,32.810001373291016,57.02521514892578,102.5223617553711,134.57589721679688,3.3,0.53,
2020-05-20,272.2489929199219,27.989999771118164,31.110000610351562,57.62961196899414,103.6475830078125,134.978759765625,3.24,0.52,
2020-05-21,270.3693542480469,29.530000686645508,32.380001068115234,57.61542892456055,103.5683364868164,135.31590270996094,3.18,0.51,
2020-05-22,270.88287353515625,28.15999984741211,31.540000915527344,57.757625579833984,103.5683364868164,136.12998962402344,3.18,0.49,-0.207
2020-05-26,274.22027587890625,28.010000228881836,30.850000381469727,58.19133377075195,103.42571258544922,134.3045196533203,3.14,0.51,
2020-05-27,278.3004150390625,27.6200008392334,30.190000534057617,58.31223678588867,103.85359954833984,134.0578155517578,3.11,0.49,
2020-05-28,277.78692626953125,28.59000015258789,31.209999084472656,58.369083404541016,103.94075012207031,133.564453125,3.1,0.53,
2020-05-29,279.0246887207031,27.510000228881836,30.270000457763672,58.6037483215332,104.61431121826172,134.518310546875,3.08,0.49,-0.27
2020-06-01,280.15240478515625,28.229999542236328,30.920000076293945,59.04701614379883,104.56822204589844,133.61265563964844,3.1,0.52,
2020-06-02,282.47216796875,26.84000015258789,29.93000030517578,59.63236999511719,104.90187072753906,133.1268310546875,3.08,0.51,
2020-06-03,286.2314453125,25.65999984741211,28.90999984741211,59.91075897216797,104.83834075927734,131.3566436767578,3.02,0.58,
2020-06-04,285.4794921875,25.809999465942383,28.850000381469727,59.72515106201172,104.52062225341797,129.4547119140625,2.99,0.63,
2020-06-05,292.79620361328125,24.520000457763672,27.420000076293945,60.28908920288086,105.06072235107422,128.53253173828125,2.86,0.69,-0.317
2020-06-08,296.33538818359375,25.809999465942383,28.079999923706055,60.36043930053711,105.41022491455078,129.0265655517578,2.81,0.66,
2020-06-09,294.125732421875,27.56999969482422,29.670000076293945,59.88933181762695,105.18785858154297,130.4921417236328,2.8,0.64,
2020-06-10,292.4844665527344,27.56999969482422,29.56999969482422,59.80364990234375,105.87895202636719,132.4270477294922,2.86,0.58,
2020-06-11,275.623046875,40.790000915527344,40.43000030517578,58.26896667480469,104.61590576171875,134.92996215820312,2.91,0.47,
2020-06-12,278.9238586425781,36.09000015258789,38.04999923706055,58.84715270996094,105.12429809570312,133.62904357910156,2.91,0.52,-0.346
2020-06-15,281.52783203125,34.400001525878906,36.43000030517578,59.418212890625,106.61768341064453,133.70315551757812,2.93,0.52,
2020-06-16,286.94659423828125,33.66999816894531,35.79999923706055,59.66094207763672,106.32376861572266,131.65306091308594,2.89,0.54,
2020-06-17,285.7546081542969,33.470001220703125,35.720001220703125,59.38252639770508,106.11721801757812,132.196533203125,2.87,0.55,
2020-06-18,285.8646545410156,32.939998626708984,35.13999938964844,59.36112594604492,106.35555267333984,133.5961456298828,2.86,0.52,
2020-06-19,284.23095703125,35.119998931884766,36.68000030517578,59.161231994628906,106.43497467041016,133.70315551757812,2.87,0.51,-0.368
2020-06-22,286.05426025390625,31.770000457763672,33.75,59.11842346191406,106.33171844482422,133.71961975097656,2.86,0.52,
2020-06-23,287.3712463378906,31.3700008392334,33.060001373291016,59.204078674316406,106.13314056396484,132.80580139160156,2.87,0.54,
2020-06-24,280.0407409667969,33.84000015258789,35.38999938964844,58.59731674194336,105.83922576904297,134.23013305664062,2.89,0.5,
2020-06-25,283.04302978515625,32.220001220703125,34.09000015258789,58.61874771118164,105.9504165649414,134.61712646484375,2.92,0.51,
2020-06-26,276.3202209472656,34.72999954223633,35.79999923706055,58.06192398071289,106.04574584960938,136.0579833984375,2.92,0.47,-0.386
2020-06-29,280.3815002441406,31.780000686645508,33.90999984741211,57.733604431152344,106.5382308959961,135.62982177734375,2.94,0.48,
2020-06-30,283.97308349609375,30.43000030517578,32.52000045776367,58.2618408203125,106.84010314941406,134.97113037109375,2.93,0.5,
2020-07-01,285.96221923828125,28.6200008392334,31.68000030517578,58.44318389892578,107.2620620727539,134.708984375,2.89,0.52,
2020-07-02,287.5370788574219,27.68000030517578,30.8700008392334,58.8732795715332,107.52484130859375,134.84913635253906,2.87,0.52,
2020-07-06,291.9757995605469,27.940000534057617,30.979999542236328,59.29621505737305,107.80352020263672,134.29689025878906,2.83,0.53,
2020-07-07,288.96435546875,29.43000030517578,32.06999969482422,58.901947021484375,107.9467544555664,136.18455505371094,2.81,0.49,
2020-07-08,291.1746520996094,28.079999923706055,31.190000534057617,59.05964660644531,107.7716293334961,135.64053344726562,2.77,0.51,
2020-07-09,289.5169677734375,29.260000228881836,32.060001373291016,58.93061828613281,108.3767318725586,137.80023193359375,2.73,0.46,
2020-07-10,292.47308349609375,27.290000915527344,31.020000457763672,59.13134002685547,108.17767333984375,137.1077880859375,2.74,0.49,-0.421
2020-07-13,289.9406433105469,32.189998626708984,34.540000915527344,58.808753967285156,107.89102935791016,137.56114196777344,2.74,0.48,
2020-07-14,293.6979675292969,29.520000457763672,32.560001373291016,59.310523986816406,108.52002716064453,137.75901794433594,2.71,0.49,
2020-07-15,296.39617919921875,27.760000228881836,31.559999465942383,59.64744567871094,108.73503875732422,137.11605834960938,2.71,0.48,
2020-07-16,295.4200439453125,28.0,31.549999237060547,59.70481491088867,109.03752136230469,137.76730346679688,2.69,0.46,
2020-07-17,296.2764892578125,25.68000030517578,30.3700008392334,59.869659423828125,109.33214569091797,137.4787139892578,2.68,0.5,-0.44
2020-07-20,298.67083740234375,24.459999084472656,29.100000381469727,60.22807312011719,109.63465118408203,137.81666564941406,2.66,0.46,
2020-07-21,299.3063049316406,24.84000015258789,29.469999313354492,60.50764846801758,109.77799224853516,137.8990936279297,2.63,0.47,
2020-07-22,301.0099792480469,24.31999969482422,29.049999237060547,60.62954330444336,110.13628387451172,138.31124877929688,2.61,0.46,
2020-07-23,297.41845703125,26.079999923706055,30.25,60.58648681640625,110.21585845947266,139.9269256591797,2.58,0.43,
2020-07-24,295.5029296875,25.84000015258789,30.559999465942383,60.64385986328125,109.96910095214844,139.9186553955078,2.58,0.45,-0.46
2020-07-27,297.6578369140625,24.739999771118164,30.0,60.787193298339844,109.63465118408203,139.39938354492188,2.56,0.47,
2020-07-28,295.77008056640625,25.440000534057617,30.100000381469727,60.62954330444336,109.523193359375,140.36375427246094,2.57,0.45,
2020-07-29,299.4075622558594,24.100000381469727,29.290000915527344,60.96643829345703,110.12039947509766,140.12474060058594,2.61,0.46,
2020-07-30,298.3393859863281,24.760000228881836,29.760000228881836,61.09548568725586,110.0009536743164,141.04800415039062,2.6,0.44,
2020-07-31,300.6968994140625,24.459999084472656,29.709999084472656,61.21015167236328,110.15221405029297,140.95729064941406,2.6,0.44,-0.477
2020-08-03,302.7874450683594,24.280000686645508,29.65999984741211,61.22524642944336,110.2998275756836,140.24758911132812,2.63,0.45,
2020-08-04,303.95684814453125,23.760000228881836,29.09000015258789,61.20368194580078,110.70677947998047,141.58447265625,2.62,0.41,
2020-08-05,305.8447265625,22.989999771118164,28.600000381469727,61.311622619628906,110.5551528930664,140.34666442871094,2.59,0.44,
2020-08-06,307.88922119140625,22.649999618530273,28.200000762939453,61.44839096069336,111.0259017944336,141.13064575195312,2.57,0.44,
2020-08-07,308.1101989746094,22.209999084472656,28.280000686645508,61.29724884033203,110.71473693847656,140.18988037109375,2.57,0.44,-0.492
2020-08-10,309.0311584472656,22.1299991607666,28.049999237060547,61.32603073120117,110.47540283203125,139.56260681152344,2.56,0.45,
2020-08-11,306.4802551269531,24.030000686645508,29.170000076293945,60.7718620300293,109.78118133544922,137.90394592285156,2.59,0.48,
2020-08-12,310.7532653808594,22.280000686645508,28.1200008392334,60.786285400390625,109.50992584228516,136.64959716796875,2.55,0.53,
2020-08-13,310.1914978027344,22.1299991607666,28.170000076293945,60.620723724365234,108.5205307006836,135.18894958496094,2.59,0.55,
2020-08-14,310.20074462890625,22.049999237060547,28.3700008392334,60.512752532958984,108.04180908203125,134.6607666015625,2.61,0.57,-0.502
2020-08-17,311.1861267089844,21.350000381469727,27.450000762939453,60.872650146484375,108.2652816772461,134.99917602539062,2.64,0.55,
2020-08-18,311.8583984375,21.510000228881836,27.350000381469727,60.966163635253906,108.57642364501953,135.9646453857422,2.64,0.53,
2020-08-19,310.5599365234375,22.540000915527344,28.110000610351562,60.79347610473633,108.28919219970703,135.11468505859375,2.65,0.54,
2020-08-20,311.5268859863281,22.719999313354492,28.1299991607666,60.99496078491211,108.6721420288086,136.33602905273438,2.65,0.52,
2020-08-21,312.6318359375,22.540000915527344,28.170000076293945,60.98777770996094,108.87161254882812,137.15301513671875,2.64,0.48,-0.509
2020-08-24,315.7999267578125,22.3700008392334,28.100000381469727,61.268455505371094,108.6801528930664,136.9302215576172,2.63,0.51,
2020-08-25,316.905029296875,22.030000686645508,27.90999984741211,61.333229064941406,108.20939636230469,135.88214111328125,2.63,0.54,
2020-08-26,320.0821533203125,23.270000457763672,28.700000762939453,61.32603073120117,108.24923706054688,135.3622589111328,2.66,0.53,
2020-08-27,320.7820129394531,24.469999313354492,29.93000030517578,61.232479095458984,107.38756561279297,133.0598907470703,2.71,0.58,
2020-08-28,322.8540954589844,22.959999084472656,29.6200008392334,61.2828254699707,107.71464538574219,132.96083068847656,2.71,0.6,-0.511
2020-08-31,321.6844787597656,26.40999984741211,31.850000381469727,61.19647216796875,108.19343566894531,133.84381103515625,2.67,0.58,
2020-09-01,324.7142639160156,26.1200008392334,32.099998474121094,61.529579162597656,108.87712097167969,135.3746795654297,2.67,0.55,
2020-09-02,329.4110412597656,26.56999969482422,32.66999816894531,61.601829528808594,109.30888366699219,136.6634979248047,2.64,0.52,
2020-09-03,318.07452392578125,33.599998474121094,37.630001068115234,61.21889877319336,109.06900024414062,137.05181884765625,2.64,0.5,
2020-09-04,315.47747802734375,30.75,34.75,61.05266571044922,107.9095230102539,134.4494171142578,2.68,0.58,-0.509
2020-09-08,306.8578796386719,31.459999084472656,34.310001373291016,60.713050842285156,108.01351165771484,135.2755889892578,2.67,0.55,
2020-09-09,312.91741943359375,28.809999465942383,32.119998931884766,61.18998718261719,108.08546447753906,134.91204833984375,2.69,0.57,
2020-09-10,307.4840087890625,29.709999084472656,32.91999816894531,60.90092468261719,108.16539764404297,135.59780883789062,2.69,0.54,
2020-09-11,307.6405944824219,26.8700008392334,31.1299991607666,61.023799896240234,108.24540710449219,135.886962890625,2.69,0.54,-0.505
2020-09-14,311.692626953125,25.850000381469727,30.479999542236328,60.958740234375,108.51727294921875,135.87869262695312,2.66,0.54,
2020-09-15,313.2673645019531,25.59000015258789,30.270000457763672,61.124942779541016,108.6372299194336,135.54823303222656,2.68,0.54,
2020-09-16,312.024169921875,26.040000915527344,30.56999969482422,61.124942779541016,108.70915222167969,135.1433563232422,2.67,0.55,
2020-09-17,309.27978515625,26.459999084472656,30.75,61.059913635253906,108.73321533203125,135.55642700195312,2.65,0.56,
2020-09-18,305.7192077636719,25.829999923706055,30.459999084472656,60.90816879272461,108.53327941894531,135.1351776123047,2.66,0.56,-0.501
2020-09-21,302.3165588378906,27.780000686645508,31.639999389648438,60.416770935058594,108.4293212890625,135.8208465576172,2.66,0.54,
2020-09-22,305.39556884765625,26.860000610351562,31.670000076293945,60.62635040283203,108.4932632446289,135.7134246826172,2.66,0.55,
2020-09-23,298.3131408691406,28.579999923706055,33.279998779296875,60.012123107910156,107.70962524414062,135.89520263671875,2.68,0.54,
2020-09-24,299.1083068847656,28.510000228881836,33.060001373291016,60.048240661621094,107.437744140625,136.41567993164062,2.7,0.53,
2020-09-25,303.9439392089844,26.3799991607666,32.029998779296875,59.93986511230469,107.32582092285156,136.41567993164062,2.74,0.54,-0.495
2020-09-28,308.9923400878906,26.190000534057617,31.739999771118164,60.330074310302734,107.86957550048828,136.02735900878906,2.76,0.53,
2020-09-29,307.3094787597656,26.270000457763672,31.09000015258789,60.38066482543945,107.73363494873047,136.18435668945312,2.74,0.55,
2020-09-30,309.6395568847656,26.3700008392334,31.639999389648438,60.62635040283203,107.71764373779297,134.8789825439453,2.75,0.56,
2020-10-01,311.62738037109375,26.700000762939453,31.719999313354492,60.83462142944336,108.01736450195312,135.10145568847656,2.75,0.54,
2020-10-02,308.6686096191406,27.6299991607666,32.38999938964844,60.83462142944336,108.03338623046875,134.59695434570312,2.76,0.57,-0.492
2020-10-05,314.14227294921875,27.959999084472656,31.280000686645508,61.291805267333984,107.6727523803711,131.96707153320312,2.74,0.64,
2020-10-06,309.676513671875,29.479999542236328,31.8799991607666,61.15394592285156,107.58460998535156,132.6783447265625,2.7,0.62,
2020-10-07,315.0668640136719,28.059999465942383,30.700000762939453,61.37162399291992,107.61665344238281,131.71072387695312,2.69,0.65,
2020-10-08,317.8592529296875,26.360000610351562,29.489999771118164,61.509498596191406,107.88111114501953,132.42196655273438,2.68,0.65,
2020-10-09,320.69769287109375,25.0,28.280000686645508,61.64738845825195,108.12950134277344,132.3971405029297,2.67,0.63,-0.492
2020-10-12,325.85693359375,25.06999969482422,27.979999542236328,61.95941162109375,108.7546157836914,132.8188934326172,,,
2020-10-13,323.7303771972656,26.06999969482422,28.350000381469727,61.68366622924805,108.65045928955078,133.7699737548828,2.65,0.58,
2020-10-14,321.6963195800781,26.399999618530273,28.239999771118164,61.53126525878906,108.7546157836914,134.0759735107422,2.64,0.59,
2020-10-15,321.2987365722656,26.969999313354492,28.719999313354492,61.487728118896484,108.64244842529297,133.844482421875,2.65,0.6,
2020-10-16,321.10455322265625,27.40999984741211,29.209999084472656,61.41517639160156,108.45809936523438,133.47227478027344,2.64,0.62,-0.495
2020-10-19,316.22259521484375,29.18000030517578,30.399999618530273,61.19744873046875,108.24976348876953,132.96774291992188,2.61,0.62,
2020-10-20,317.4893798828125,29.350000381469727,30.110000610351562,61.41517639160156,108.0253677368164,131.7024383544922,2.64,0.67,
2020-10-21,316.8883361816406,28.649999618530273,29.610000610351562,61.40793228149414,107.84906768798828,131.24758911132812,2.63,0.69,
2020-10-22,318.6266174316406,28.110000610351562,29.299999237060547,61.51677322387695,107.60863494873047,129.8830108642578,2.61,0.71,
2020-10-23,319.70831298828125,27.549999237060547,28.989999771118164,61.58932876586914,107.88111114501953,130.67689514160156,2.6,0.67,-0.501
2020-10-26,313.8001708984375,32.459999084472656,32.06999969482422,61.04506301879883,108.10550689697266,131.89263916015625,2.6,0.65,
2020-10-27,312.7184143066406,33.349998474121094,32.720001220703125,61.074092864990234,108.5462417602539,132.777587890625,2.6,0.63,
2020-10-28,302.0299377441406,40.279998779296875,37.75,60.56611251831055,108.00931549072266,132.9016571044922,2.62,0.63,
2020-10-29,305.09967041015625,37.59000015258789,35.84000015258789,60.74028396606445,107.72886657714844,131.61143493652344,2.61,0.69,
2020-10-30,301.91900634765625,38.02000045776367,36.27000045776367,60.87088394165039,107.16793060302734,130.3130645751953,2.61,0.74,-0.51
2020-11-02,305.3031311035156,37.130001068115234,35.060001373291016,61.01591491699219,107.58790588378906,131.2891845703125,2.6,0.71,
2020-11-03,310.6934814453125,35.54999923706055,33.52000045776367,61.540687561035156,107.69232177734375,130.52745056152344,2.58,0.73,
2020-11-04,317.63726806640625,29.56999969482422,29.979999542236328,62.11642074584961,109.30645751953125,133.35890197753906,2.58,0.64,
2020-11-05,323.8321533203125,27.579999923706055,29.049999237060547,62.33505630493164,109.71602630615234,133.59075927734375,2.52,0.65,
2020-11-06,323.7581481933594,24.860000610351562,27.3700008392334,62.11642074584961,109.3707275390625,131.976318359375,2.51,0.67,-0.524
2020-11-09,327.8263244628906,25.75,26.8799991607666,62.590171813964844,108.54354095458984,129.20272827148438,2.47,0.79,
2020-11-10,327.3455810546875,24.799999237060547,26.489999771118164,62.50269317626953,108.26246643066406,128.45777893066406,2.44,0.79,
2020-11-11,329.7772216796875,23.450000762939453,25.6200008392334,62.480831146240234,108.4632568359375,128.9213104248047,,,
2020-11-12,326.578125,25.350000381469727,27.219999313354492,62.05812454223633,108.89693450927734,131.11532592773438,2.45,0.71,
2020-11-13,331.0994567871094,23.100000381469727,25.690000534057617,62.269508361816406,109.025390625,130.94142150878906,2.44,0.72,-0.541
2020-11-16,335.2324523925781,22.450000762939453,25.350000381469727,62.61933135986328,109.37874603271484,130.62684631347656,2.42,0.72,
2020-11-17,333.429443359375,22.709999084472656,25.3799991607666,62.641170501708984,109.73213958740234,131.47958374023438,2.42,0.69,
2020-11-18,329.4166564941406,23.84000015258789,26.389999389648438,62.52455520629883,109.9649887084961,131.8604278564453,2.39,0.72,
2020-11-19,330.8035583496094,23.110000610351562,25.799999237060547,62.73594665527344,110.57534790039062,132.53932189941406,2.35,0.68,
2020-11-20,328.53826904296875,23.700000762939453,26.059999465942383,62.61933135986328,110.47898864746094,133.7149200439453,2.35,0.67,-0.557
2020-11-23,330.5076599121094,22.65999984741211,25.43000030517578,62.714027404785156,110.61552429199219,133.10223388671875,2.33,0.7,
2020-11-24,335.8333435058594,21.639999389648438,24.84000015258789,62.903541564941406,110.36653900146484,131.777587890625,2.31,0.72,
2020-11-25,335.3156433105469,21.25,24.420000076293945,62.87440872192383,110.43074035644531,131.37188720703125,2.32,0.71,
2020-11-27,336.24945068359375,20.84000015258789,24.43000030517578,62.9764289855957,110.82430267333984,132.64691162109375,2.32,0.68,-0.572
2020-11-30,334.76092529296875,20.56999969482422,24.329999923706055,62.91085433959961,111.20974731445312,132.48133850097656,2.29,0.68,
2020-12-01,338.4223327636719,20.770000457763672,24.489999771118164,63.07251739501953,110.7880859375,130.52793884277344,2.28,0.75,
2020-12-02,339.13421630859375,21.170000076293945,24.540000915527344,63.248146057128906,110.4179458618164,129.49209594726562,2.24,0.79,
2020-12-03,339.0417785644531,21.280000686645508,24.559999465942383,63.284751892089844,110.85246276855469,130.53623962402344,2.23,0.76,
2020-12-04,341.9635314941406,20.790000915527344,24.290000915527344,63.54817581176758,110.24097442626953,128.6219024658203,2.23,0.81,-0.585
2020-12-07,341.26080322265625,21.299999237060547,24.520000457763672,63.518863677978516,110.33747863769531,129.7821044921875,2.22,0.8,
2020-12-08,342.2594299316406,20.68000030517578,23.8700008392334,63.4676628112793,110.208740234375,130.39541625976562,2.22,0.78,
2020-12-09,339.1897277832031,22.270000457763672,24.729999542236328,63.372535705566406,109.80641174316406,129.9644317626953,2.24,0.79,
2020-12-10,339.07879638671875,22.520000457763672,25.049999237060547,63.4896240234375,110.35356903076172,131.11636352539062,2.22,0.78,
2020-12-11,338.68121337890625,23.309999465942383,26.049999237060547,63.42375564575195,110.46626281738281,131.58045959472656,2.23,0.79,-0.595
2020-12-14,337.16485595703125,24.719999313354492,27.110000610351562,63.438411712646484,110.38577270507812,131.21578979492188,2.24,0.77,
2020-12-15,341.7230224609375,22.889999389648438,25.8700008392334,63.63595962524414,110.60301971435547,130.77658081054688,2.26,0.81,
2020-12-16,342.2594299316406,22.5,25.469999313354492,63.54083251953125,110.51451110839844,130.4285125732422,2.25,0.79,
2020-12-17,344.1733093261719,21.93000030517578,25.149999618530273,63.635589599609375,110.67572784423828,130.08343505859375,2.23,0.81,
2020-12-18,342.7990417480469,21.56999969482422,25.170000076293945,63.68705749511719,110.59519958496094,129.69349670410156,2.24,0.82,-0.602
2020-12-21,341.5733642578125,25.15999984741211,27.579999923706055,63.45928955078125,110.3774185180664,130.20782470703125,2.23,0.82,
2020-12-22,340.9977111816406,24.229999542236328,27.25,63.54008865356445,110.68384552001953,130.87982177734375,2.22,0.8,
2020-12-23,341.3040771484375,23.309999465942383,26.260000228881836,63.82663345336914,110.70801544189453,129.97555541992188,2.24,0.83,
2020-12-24,342.6319885253906,21.530000686645508,25.3700008392334,63.958885192871094,111.08699798583984,130.48988342285156,2.23,0.81,
2020-12-28,345.575439453125,21.700000762939453,25.149999618530273,64.03972625732422,111.1595687866211,130.54794311523438,2.22,0.81,
2020-12-29,344.9161376953125,23.079999923706055,26.239999771118164,63.958885192871094,111.20796966552734,130.3821258544922,2.22,0.82,
2020-12-30,345.408203125,22.770000457763672,25.440000534057617,64.09115600585938,111.35308074951172,130.6641387939453,2.2,0.81,
2020-12-31,347.1632385253906,22.75,25.280000686645508,64.14257049560547,111.37728118896484,130.85498046875,2.18,0.8,
2021-01-04,342.4369812011719,26.969999313354492,28.260000228881836,64.01031494140625,110.81287384033203,130.697265625,2.19,0.82,
2021-01-05,344.79541015625,25.34000015258789,27.25,64.03239440917969,110.45804595947266,129.72665405273438,2.23,0.83,
2021-01-06,346.8567810058594,25.06999969482422,26.790000915527344,63.914817810058594,109.56305694580078,127.06359100341797,2.27,0.9,
2021-01-07,352.01025390625,22.3700008392334,25.020000457763672,64.09847259521484,109.54692840576172,125.94364929199219,2.23,0.94,
2021-01-08,354.0158996582031,21.559999465942383,24.899999618530273,64.19403839111328,109.46629333496094,125.5370864868164,2.19,0.99,-0.618
2021-01-11,351.6295166015625,24.079999923706055,26.700000762939453,63.848670959472656,108.99861907958984,125.32972717285156,2.15,1.01,
2021-01-12,351.70379638671875,23.329999923706055,26.200000762939453,63.92949295043945,109.23243713378906,125.23017883300781,2.16,1.01,
2021-01-13,352.6509094238281,22.209999084472656,25.549999237060547,64.1205825805664,110.07913970947266,126.6405029296875,2.13,0.96,
2021-01-14,351.4158935546875,23.25,26.31999969482422,64.10585021972656,109.60337829589844,125.45418548583984,2.12,0.99,
2021-01-15,348.8531799316406,24.34000015258789,27.260000228881836,64.00297546386719,109.7727279663086,125.951904296875,2.13,0.98,-0.621
2021-01-19,351.59234619140625,23.239999771118164,26.690000534057617,64.1866683959961,109.96623992919922,126.35844421386719,2.11,0.96,
2021-01-20,356.4579772949219,21.579999923706055,25.719999313354492,64.30420684814453,109.93401336669922,126.48291015625,2.11,0.97,
2021-01-21,356.7828674316406,21.31999969482422,25.700000762939453,64.26749420166016,109.49855041503906,125.59517669677734,2.12,0.99,
2021-01-22,355.5201110839844,21.90999984741211,25.989999771118164,64.14257049560547,109.41790008544922,126.001708984375,2.14,0.97,-0.623
2021-01-25,356.92218017578125,23.190000534057617,26.8799991607666,64.15727233886719,109.88555908203125,127.48670959472656,2.15,0.92,
2021-01-26,356.36505126953125,23.020000457763672,26.889999389648438,64.06178283691406,109.8775634765625,127.24613189697266,2.16,0.94,
2021-01-27,347.6552734375,37.209999084472656,35.72999954223633,63.878089904785156,109.68402099609375,127.56964111328125,2.16,0.92,
2021-01-28,350.6452331542969,30.209999084472656,31.770000457763672,64.0691146850586,109.50664520263672,126.86450958251953,2.17,0.95,
2021-01-29,343.6254577636719,33.09000015258789,33.880001068115234,63.9001350402832,109.33731079101562,126.10125732421875,2.17,1.0,-0.623
2021-02-01,349.3453369140625,30.239999771118164,32.529998779296875,64.10511016845703,109.55303192138672,126.24739837646484,2.19,0.98,
2021-02-02,354.2850646972656,25.559999465942383,29.360000610351562,64.2599868774414,109.26214599609375,125.43347930908203,2.18,1.01,
2021-02-03,354.56365966796875,22.90999984741211,27.56999969482422,64.31159973144531,109.00362396240234,124.32051086425781,2.17,1.04,
2021-02-04,358.5935363769531,21.770000457763672,26.790000915527344,64.44434356689453,109.18942260742188,123.98829650878906,2.19,1.04,
2021-02-05,360.0049133300781,20.8700008392334,26.520000457763672,64.54020690917969,108.89862060546875,122.95005798339844,2.18,1.1,-0.625
2021-02-08,362.6048278808594,21.239999771118164,26.649999618530273,64.73194885253906,109.36719512939453,123.48992919921875,2.14,1.08,
2021-02-09,362.36346435546875,21.6299991607666,27.110000610351562,64.61393737792969,109.19752502441406,123.58126831054688,2.15,1.07,
2021-02-10,362.20556640625,21.989999771118164,27.489999771118164,64.59918975830078,109.45606231689453,124.40360260009766,2.16,1.04,
2021-02-11,362.7905578613281,21.25,27.219999313354492,64.6286849975586,109.16520690917969,123.72246551513672,2.18,1.05,
2021-02-12,364.5826110839844,19.969999313354492,26.5,64.73194885253906,108.80970764160156,122.18590545654297,2.19,1.09,-0.627
2021-02-16,364.2669677734375,21.459999084472656,27.549999237060547,64.6286849975586,108.042236328125,120.3254623413086,2.15,1.17,
2021-02-17,364.35052490234375,21.5,27.520000457763672,64.6065902709961,108.5835189819336,121.08959197998047,2.13,1.18,
2021-02-18,362.7998352050781,22.489999771118164,27.860000610351562,64.51808166503906,108.3734359741211,120.59954071044922,2.13,1.18,
2021-02-19,362.1592102050781,22.049999237060547,27.09000015258789,64.52544403076172,107.58978271484375,118.99655151367188,2.14,1.23,-0.629
2021-02-22,359.3735046386719,23.450000762939453,27.809999465942383,64.32633972167969,106.91919708251953,118.09120178222656,2.16,1.26,
2021-02-23,359.8100280761719,23.110000610351562,27.1200008392334,64.48124694824219,107.00006103515625,117.75066375732422,2.2,1.26,
2021-02-24,363.7748107910156,21.34000015258789,25.889999389648438,64.54756927490234,107.16156768798828,116.97819519042969,2.22,1.26,
2021-02-25,355.0093688964844,28.889999389648438,30.239999771118164,63.93548583984375,105.46497344970703,115.06792449951172,2.12,1.37,
2021-02-26,353.18017578125,27.950000762939453,29.600000381469727,63.743797302246094,106.8626480102539,118.8719253540039,2.12,1.3,-0.631
2021-03-01,361.7413330078125,23.350000381469727,26.780000686645508,64.45941925048828,106.96709442138672,117.30191040039062,2.13,1.32,
2021-03-02,358.91851806640625,24.100000381469727,27.15999984741211,64.36321258544922,106.84568786621094,117.31021118164062,2.15,1.29,
2021-03-03,354.16436767578125,26.670000076293945,28.790000915527344,64.15602111816406,106.05229949951172,116.03788757324219,2.14,1.33,
2021-03-04,349.7817077636719,28.56999969482422,30.079999923706055,63.91179275512695,105.18604278564453,115.28946685791016,2.13,1.4,
2021-03-05,356.2164306640625,24.65999984741211,27.889999389648438,64.10417175292969,105.04842376708984,115.51403045654297,2.13,1.42,-0.635
2021-03-08,354.4429626464844,25.469999313354492,28.1299991607666,63.637977600097656,104.06886291503906,114.61592102050781,2.14,1.42,
2021-03-09,359.50360107421875,24.030000686645508,27.280000686645508,63.72673034667969,104.85415649414062,116.20426940917969,2.16,1.38,
2021-03-10,361.7413330078125,22.559999465942383,26.68000030517578,63.92655944824219,105.34796905517578,116.43704986572266,2.17,1.37,
2021-03-11,365.4090576171875,21.90999984741211,26.09000015258789,64.16339111328125,105.41277313232422,115.59719848632812,2.18,1.4,
2021-03-12,365.90118408203125,20.690000534057617,25.739999771118164,63.98577117919922,104.19841766357422,113.1440200805664,2.19,1.5,-0.64
2021-03-15,368.0832824707031,20.030000686645508,24.889999389648438,63.993194580078125,104.55460357666016,113.80929565429688,2.18,1.48,
2021-03-16,367.6189270019531,19.790000915527344,24.709999084472656,63.84516525268555,104.48175811767578,113.35194396972656,2.19,1.47,
2021-03-17,368.8725280761719,19.229999542236328,23.8799991607666,63.9339485168457,104.57889556884766,112.50370025634766,2.23,1.5,
2021-03-18,363.5055236816406,21.579999923706055,25.280000686645508,63.44554901123047,103.97978973388672,111.36448669433594,2.17,1.55,
2021-03-19,362.8328857421875,20.950000762939453,24.989999771118164,63.689762115478516,104.13362121582031,112.05464935302734,2.1,1.58,-0.645
2021-03-22,365.73016357421875,18.8799991607666,22.940000534057617,63.91917419433594,104.50604248046875,113.31034851074219,2.08,1.54,
2021-03-23,362.8515625,20.299999237060547,23.799999237060547,63.98577117919922,104.81368255615234,114.33320617675781,2.11,1.48,
2021-03-24,361.007080078125,21.200000762939453,24.399999618530273,64.02279663085938,105.12940216064453,114.9485855102539,2.1,1.48,
2021-03-25,363.03790283203125,19.809999465942383,23.3700008392334,64.13380432128906,105.00792694091797,114.04216766357422,2.11,1.49,
2021-03-26,368.88824462890625,18.860000610351562,22.31999969482422,64.32621765136719,104.93507385253906,113.64297485351562,2.09,1.53,-0.652
2021-03-29,368.701904296875,20.739999771118164,23.200000762939453,64.36321258544922,104.68415832519531,112.6783676147461,2.08,1.59,
2021-03-30,367.7237548828125,19.610000610351562,22.309999465942383,64.20780181884766,105.00792694091797,113.2688217163086,2.04,1.57,
2021-03-31,369.21417236328125,19.399999618530273,22.149999618530273,64.51860046386719,105.283203125,112.63679504394531,2.03,1.58,
2021-04-01,373.20147705078125,17.329999923706055,20.969999313354492,64.65525817871094,105.9434814453125,114.50623321533203,1.98,1.52,
2021-04-05,378.5580139160156,17.90999984741211,20.959999084472656,64.68494415283203,105.42432403564453,114.00658416748047,1.93,1.56,
2021-04-06,378.33453369140625,18.1200008392334,21.15999984741211,64.7963638305664,106.13003540039062,114.78099060058594,1.95,1.51,
2021-04-07,378.7723388671875,17.15999984741211,20.65999984741211,64.77407836914062,105.91918182373047,113.98160552978516,1.96,1.52,
2021-04-08,380.57025146484375,16.950000762939453,20.59000015258789,64.7963638305664,106.30846405029297,114.92254638671875,1.98,1.5,
2021-04-09,383.3370666503906,16.690000534057617,20.739999771118164,64.75180053710938,106.08949279785156,114.50623321533203,1.96,1.51,-0.668
2021-04-12,383.4768981933594,16.90999984741211,20.81999969482422,64.68494415283203,106.06515502929688,114.45626831054688,1.95,1.51,
2021-04-13,384.61334228515625,16.649999618530273,20.780000686645508,64.72949981689453,106.53558349609375,115.31394958496094,1.97,1.48,
2021-04-14,383.29986572265625,16.989999771118164,21.059999465942383,64.69982147216797,106.38957977294922,114.94751739501953,1.98,1.48,
2021-04-15,387.41748046875,16.56999969482422,20.760000228881836,64.959716796875,107.04663848876953,116.87113189697266,1.95,1.4,
2021-04-16,388.71234130859375,16.25,20.530000686645508,64.82604217529297,106.31661224365234,115.96346282958984,1.97,1.43,-0.675
2021-04-19,386.8025817871094,17.290000915527344,21.3700008392334,64.72209167480469,106.04080963134766,115.63040924072266,1.99,1.45,
2021-04-20,383.9706115722656,18.68000030517578,22.350000381469727,64.61070251464844,106.24358367919922,116.16331481933594,2.0,1.43,
2021-04-21,387.6037292480469,17.5,21.489999771118164,64.82604217529297,106.60859680175781,116.39646911621094,2.01,1.42,
2021-04-22,384.0637512207031,18.709999084472656,22.520000457763672,64.70724487304688,106.71404266357422,116.9044189453125,1.99,1.41,
2021-04-23,388.2279052734375,17.329999923706055,21.56999969482422,64.8780288696289,106.80329895019531,116.62964630126953,1.99,1.42,-0.681
2021-04-26,389.038330078125,17.639999389648438,21.540000915527344,64.84835052490234,106.7546157836914,116.46307373046875,1.98,1.4,
2021-04-27,388.95452880859375,17.559999465942383,21.31999969482422,64.75919342041016,106.27604675292969,115.44717407226562,1.97,1.46,
2021-04-28,388.8427429199219,17.280000686645508,21.1299991607666,64.88546752929688,106.29225158691406,115.5221176147461,1.98,1.46,
2021-04-29,391.3206787109375,17.610000610351562,21.309999465942383,64.959716796875,106.16248321533203,115.18072509765625,1.97,1.49,
2021-04-30,388.7496032714844,18.610000610351562,22.06999969482422,64.93000793457031,106.3814926147461,115.44717407226562,1.96,1.49,-0.686
2021-05-03,389.5879211425781,18.309999465942383,21.739999771118164,64.9553451538086,106.63751220703125,115.51638793945312,1.96,1.47,
2021-05-04,387.1845397949219,19.479999542236328,22.670000076293945,64.91810607910156,106.7025146484375,116.30033874511719,1.97,1.45,
2021-05-05,387.3056335449219,19.149999618530273,22.260000228881836,65.04474639892578,106.83255004882812,116.49211883544922,1.98,1.43,
2021-05-06,390.39849853515625,18.389999389648438,21.8799991607666,65.02240753173828,107.03575897216797,116.68392181396484,1.96,1.42,
2021-05-07,393.23980712890625,16.690000534057617,20.790000915527344,65.06712341308594,107.07633972167969,116.10855865478516,1.97,1.46,-0.691
2021-05-10,389.3458251953125,19.65999984741211,22.399999618530273,64.91810607910156,106.49931335449219,114.93266296386719,1.98,1.47,
2021-05-11,385.87103271484375,21.84000015258789,24.229999542236328,64.85104370117188,106.10920715332031,114.28217315673828,2.01,1.48,
2021-05-12,377.67303466796875,27.59000015258789,28.18000030517578,64.53810119628906,105.53219604492188,113.081298828125,2.02,1.53,
2021-05-13,382.20989990234375,23.1299991607666,25.260000228881836,64.76907348632812,105.93042755126953,113.25640869140625,2.04,1.5,
2021-05-14,388.07879638671875,18.809999465942383,22.260000228881836,64.97766876220703,106.5074691772461,114.3155517578125,2.03,1.47,-0.694
2021-05-17,387.0913391113281,19.719999313354492,23.139999389648438,64.85845947265625,106.38557434082031,114.07368469238281,2.02,1.48,
2021-05-18,383.7563171386719,21.34000015258789,24.219999313354492,64.70201873779297,106.03611755371094,113.78179931640625,2.03,1.48,
2021-05-19,382.7501220703125,22.18000030517578,25.270000457763672,64.53064727783203,105.84916687011719,113.50663757324219,2.02,1.52,
2021-05-20,386.8677673339844,20.670000076293945,23.809999465942383,64.80633544921875,106.57250213623047,114.44064331054688,2.02,1.48,
2021-05-21,386.55108642578125,20.149999618530273,23.489999771118164,64.9031753540039,106.6456527709961,114.80757141113281,2.01,1.46,-0.696
2021-05-24,390.4916076660156,18.399999618530273,22.229999542236328,64.97766876220703,106.93821716308594,115.23287963867188,2.0,1.46,
2021-05-25,389.625244140625,18.84000015258789,22.399999618530273,64.98513793945312,107.33647155761719,116.30033874511719,2.01,1.41,
2021-05-26,390.39849853515625,17.360000610351562,21.299999237060547,65.00747680664062,107.279541015625,116.10015869140625,1.98,1.44,
2021-05-27,390.60345458984375,16.739999771118164,20.309999465942383,64.97766876220703,106.95449829101562,115.63317108154297,1.98,1.47,
2021-05-28,391.30206298828125,16.760000228881836,20.479999542236328,64.9553451538086,107.04386901855469,115.44971466064453,1.99,1.44,-0.698
2021-06-01,390.9574279785156,17.899999618530273,21.34000015258789,65.15045928955078,107.05772399902344,115.42383575439453,1.97,1.46,
2021-06-02,391.5722961425781,17.479999542236328,21.420000076293945,65.2326889038086,107.22868347167969,115.6910171508789,1.98,1.46,
2021-06-03,390.1190185546875,18.040000915527344,21.81999969482422,65.09811401367188,106.8052749633789,115.25679016113281,1.96,1.47,
2021-06-04,393.68695068359375,16.420000076293945,20.6200008392334,65.24018859863281,107.56255340576172,116.83517456054688,1.98,1.42,-0.699
2021-06-07,393.304931640625,16.420000076293945,20.549999237060547,65.26258850097656,107.47298431396484,116.47607421875,1.98,1.41,
2021-06-08,393.38885498046875,17.06999969482422,20.850000381469727,65.30746459960938,107.88015747070312,117.29448699951172,1.98,1.39,
2021-06-09,392.802001953125,17.889999389648438,21.280000686645508,65.35974884033203,108.27104187011719,118.330078125,1.96,1.34,
2021-06-10,394.62786865234375,16.100000381469727,20.079999923706055,65.47940826416016,108.75965118408203,119.0399398803711,2.0,1.31,
2021-06-11,395.27996826171875,15.649999618530273,19.639999389648438,65.50182342529297,108.84919738769531,118.84786987304688,1.97,1.31,-0.698
2021-06-14,396.16497802734375,16.389999389648438,20.139999389648438,65.44202423095703,108.45015716552734,117.93753814697266,1.96,1.35,
2021-06-15,395.4383544921875,17.020000457763672,20.68000030517578,65.43453979492188,108.5316390991211,117.79560089111328,1.96,1.35,
2021-06-16,393.23052978515625,18.149999618530273,21.260000228881836,65.3448486328125,108.22216033935547,117.69535064697266,1.91,1.36,
2021-06-17,393.10003662109375,17.75,20.979999542236328,65.38967895507812,108.82475280761719,119.45752716064453,1.84,1.29,
2021-06-18,387.7969970703125,20.700000762939453,22.93000030517578,65.35974884033203,109.394775390625,121.70403289794922,1.85,1.19,-0.695
2021-06-21,393.3486328125,17.889999389648438,21.1200008392334,65.48683166503906,108.75965118408203,119.66627502441406,1.88,1.23,
2021-06-22,395.45159912109375,16.65999984741211,20.06999969482422,65.53173065185547,108.93875885009766,119.95855712890625,1.9,1.23,
2021-06-23,394.9749450683594,16.31999969482422,19.700000762939453,65.46438598632812,108.76773071289062,119.64964294433594,1.89,1.24,
2021-06-24,397.31146240234375,15.970000267028809,19.260000228881836,65.6662826538086,108.97950744628906,119.84165954589844,1.88,1.23,
2021-06-25,398.7227783203125,15.619999885559082,19.0,65.7335205078125,108.6944808959961,118.59729766845703,1.9,1.26,-0.691
2021-06-28,399.526611328125,15.760000228881836,19.020000457763672,65.72610473632812,109.15863037109375,119.81658172607422,1.88,1.24,
2021-06-29,399.7416076660156,16.020000457763672,19.489999771118164,65.80831909179688,109.28894805908203,120.01704406738281,1.87,1.22,
2021-06-30,400.0780029296875,15.829999923706055,19.510000228881836,65.81580352783203,109.41106414794922,120.5515365600586,1.87,1.2,
2021-07-01,402.2931213378906,15.479999542236328,19.450000762939453,65.94482421875,109.31562805175781,120.55817413330078,1.86,1.23,
2021-07-02,405.3681335449219,15.069999694824219,19.299999237060547,66.04981994628906,109.62565612792969,121.28579711914062,1.87,1.2,-0.686
2021-07-06,404.62969970703125,16.440000534057617,20.260000228881836,66.01232147216797,110.02540588378906,122.70734405517578,1.9,1.15,
2021-07-07,406.0596923828125,16.200000762939453,20.40999984741211,66.03482055664062,110.40071105957031,123.7944107055664,1.89,1.11,
2021-07-08,402.7511291503906,19.0,21.979999542236328,65.89229583740234,110.4577865600586,124.27934265136719,1.91,1.11,
2021-07-09,407.0503845214844,16.18000030517578,20.440000534057617,66.00476837158203,109.99278259277344,122.53166961669922,1.91,1.14,-0.679
2021-07-12,408.5083312988281,16.170000076293945,20.459999084472656,65.98231506347656,109.9356460571289,122.3728256225586,1.91,1.15,
2021-07-13,407.1157531738281,17.1200008392334,21.1299991607666,65.78729248046875,109.52777862548828,121.4362564086914,1.91,1.16,
2021-07-14,407.7232666015625,16.329999923706055,20.6200008392334,65.89229583740234,110.0335464477539,122.8160171508789,1.91,1.14,
2021-07-15,406.3306884765625,17.010000228881836,21.09000015258789,65.84729766845703,110.27015686035156,124.17072296142578,1.92,1.08,
2021-07-16,403.1435852050781,18.450000762939453,22.06999969482422,65.75728607177734,110.1151351928711,123.93655395507812,1.93,1.06,-0.672
2021-07-19,397.1900634765625,22.5,24.899999618530273,65.31474304199219,110.90652465820312,126.6542739868164,1.97,0.98,
2021-07-20,402.8819274902344,19.729999542236328,23.200000762939453,65.644775390625,110.7514877319336,125.43335723876953,1.98,1.03,
2021-07-21,406.143798828125,17.90999984741211,21.8700008392334,65.8022689819336,110.35991668701172,123.84456634521484,1.96,1.08,
2021-07-22,406.99432373046875,17.690000534057617,21.860000610351562,65.83980560302734,110.8167953491211,125.0152816772461,1.95,1.07,
2021-07-23,411.1813659667969,17.200000762939453,21.649999618530273,65.96732330322266,110.76785278320312,124.17910766601562,1.93,1.08,-0.665
2021-07-26,412.1908264160156,17.579999923706055,21.739999771118164,65.86981201171875,110.52306365966797,123.81105041503906,1.94,1.07,
2021-07-27,410.312255859375,19.360000610351562,23.0,65.77978515625,110.99626159667969,125.13233184814453,1.95,1.05,
2021-07-28,410.1440124511719,18.309999465942383,22.350000381469727,65.83228302001953,111.1920394897461,125.14067077636719,1.96,1.06,
2021-07-29,411.8450622558594,17.700000762939453,21.8799991607666,65.97480773925781,110.87388610839844,124.44666290283203,1.94,1.08,
2021-07-30,409.8450012207031,18.239999771118164,22.18000030517578,65.88480377197266,110.9636001586914,125.031982421875,1.95,1.05,-0.66
2021-08-02,408.985107421875,19.459999084472656,23.049999237060547,65.72151184082031,111.28487396240234,126.14717102050781,1.95,1.03,
2021-08-03,412.3123474121094,18.040000915527344,22.18000030517578,65.7967758178711,111.3992691040039,126.21417236328125,1.97,1.02,
2021-08-04,410.28424072265625,17.969999313354492,22.170000076293945,65.6763687133789,111.42382049560547,126.47373962402344,1.96,1.02,
2021-08-05,412.88250732421875,17.280000686645508,21.520000457763672,65.82684326171875,110.96610260009766,125.82909393310547,1.95,1.02,
2021-08-06,413.5647888183594,16.149999618530273,20.8700008392334,65.7516098022461,110.05889892578125,123.72754669189453,1.94,1.1,-0.655
2021-08-09,413.22833251953125,16.719999313354492,21.270000457763672,65.60111999511719,109.5848388671875,123.28385925292969,1.95,1.1,
2021-08-10,413.7423400878906,16.790000915527344,21.209999084472656,65.45062255859375,109.33963012695312,122.71456146240234,1.95,1.12,
2021-08-11,414.7704162597656,16.170000076293945,20.81999969482422,65.55596160888672,109.51128387451172,122.63916778564453,1.99,1.12,
2021-08-12,416.01348876953125,15.59000015258789,20.25,65.66886138916016,109.66656494140625,122.43818664550781,1.99,1.13,
2021-08-13,416.7705993652344,15.449999809265137,20.260000228881836,65.81179809570312,110.40214538574219,124.37224578857422,1.98,1.06,-0.652
2021-08-16,417.75189208984375,16.1200008392334,20.639999389648438,65.83440399169922,110.46752166748047,124.67366027832031,1.97,1.05,
2021-08-17,415.0134582519531,17.90999984741211,21.700000762939453,65.68389129638672,110.27135467529297,124.6234359741211,1.98,1.03,
2021-08-18,410.4710998535156,21.56999969482422,23.799999237060547,65.53340148925781,110.19784545898438,125.04203796386719,1.97,1.04,
2021-08-19,411.106689453125,21.670000076293945,24.200000762939453,65.52587127685547,110.45118713378906,125.96300506591797,1.98,1.02,
2021-08-20,414.37786865234375,18.559999465942383,22.40999984741211,65.68389129638672,110.52474975585938,126.04679870605469,1.96,1.03,-0.651
2021-08-23,418.02294921875,17.149999618530273,21.200000762939453,65.88705444335938,110.60650634765625,125.96300506591797,1.97,1.02,
2021-08-24,418.68658447265625,17.219999313354492,21.219999313354492,65.97734832763672,110.35315704345703,124.98344421386719,1.95,1.05,
2021-08-25,419.5650634765625,16.790000915527344,20.790000915527344,66.0450668334961,110.06707000732422,123.94525909423828,1.93,1.12,
2021-08-26,417.08831787109375,18.84000015258789,21.860000610351562,66.00745391845703,110.03433227539062,124.28855895996094,1.92,1.09,
2021-08-27,420.8175354003906,16.389999389648438,20.610000610351562,66.18804931640625,110.64736938476562,125.13421630859375,1.92,1.09,-0.652
2021-08-30,422.6680603027344,16.190000534057617,20.399999618530273,66.27082061767578,110.83531188964844,125.46070861816406,1.92,1.09,
2021-08-31,422.0418701171875,16.479999542236328,20.420000076293945,66.28585815429688,110.58195495605469,124.60668182373047,1.94,1.1,
2021-09-01,422.2661437988281,16.110000610351562,20.079999923706055,66.34249114990234,110.72441864013672,124.81542205810547,1.92,1.11,
2021-09-02,423.5653076171875,16.40999984741211,20.1299991607666,66.42549896240234,110.9209213256836,125.36029052734375,1.92,1.09,
2021-09-03,423.4625549316406,16.40999984741211,20.31999969482422,66.43307495117188,110.51971435546875,124.22020721435547,1.91,1.12,-0.653
2021-09-07,421.9483642578125,18.139999389648438,21.530000686645508,66.25948333740234,109.99574279785156,123.17231750488281,1.91,1.16,
2021-09-08,421.4343566894531,17.959999084472656,21.59000015258789,66.33490753173828,110.34779357910156,124.0106430053711,1.91,1.13,
2021-09-09,419.6304931640625,18.799999237060547,22.059999465942383,66.39532470703125,111.06826782226562,125.51128387451172,1.9,1.07,
2021-09-10,416.3218994140625,20.950000762939453,23.309999465942383,66.29718780517578,110.74898529052734,124.40464782714844,1.88,1.12,-0.655
2021-09-13,417.3873596191406,19.3700008392334,22.469999313354492,66.4632568359375,111.0191650390625,125.15914154052734,1.87,1.12,
2021-09-14,415.13494873046875,19.459999084472656,22.549999237060547,66.43307495117188,111.35478210449219,126.67642974853516,1.87,1.07,
2021-09-15,418.6023864746094,18.18000030517578,21.760000228881836,66.53118133544922,111.22386932373047,126.23212432861328,1.85,1.1,
2021-09-16,417.9388732910156,18.690000534057617,21.809999465942383,66.50852966308594,111.06826782226562,125.65374755859375,1.84,1.11,
2021-09-17,413.8676452636719,20.809999465942383,23.219999313354492,66.42549896240234,110.82266235351562,125.05013275146484,1.83,1.14,-0.657
2021-09-20,406.9667663574219,25.709999084472656,26.399999618530273,66.1915283203125,111.16651153564453,126.60098266601562,1.84,1.08,
2021-09-21,406.5823669433594,24.360000610351562,25.469999313354492,66.30474853515625,111.15836334228516,126.49201965332031,1.83,1.11,
2021-09-22,410.5484313964844,20.8700008392334,23.049999237060547,66.42549896240234,111.46947479248047,127.24653625488281,1.83,1.07,
2021-09-23,415.53662109375,18.6299991607666,21.3700008392334,66.45571899414062,110.69987487792969,124.37113952636719,1.81,1.14,
2021-09-24,416.2210998535156,17.75,20.81999969482422,66.35758209228516,110.46240234375,123.1555404663086,1.8,1.18,-0.658
2021-09-27,415.0304260253906,18.760000228881836,21.399999618530273,66.29718780517578,110.40509033203125,122.702880859375,1.78,1.17,
2021-09-28,406.6667785644531,23.25,24.030000686645508,65.99523162841797,109.22613525390625,120.79151153564453,1.8,1.23,
2021-09-29,407.35125732421875,22.559999465942383,23.719999313354492,66.11605834960938,109.20156860351562,121.00112915039062,1.81,1.25,
2021-09-30,402.3724365234375,23.139999389648438,23.8700008392334,66.04056549072266,108.91504669189453,120.98434448242188,1.85,1.24,
2021-10-01,407.154296875,21.100000381469727,22.950000762939453,66.1988296508789,109.70661163330078,122.00247192382812,1.85,1.21,-0.659
2021-10-04,401.90362548828125,22.959999084472656,24.110000610351562,65.96404266357422,109.52613067626953,121.69193267822266,1.85,1.22,
2021-10-05,406.0854187011719,21.299999237060547,23.110000610351562,65.93375396728516,109.07500457763672,120.51679992675781,1.84,1.26,
2021-10-06,407.7731018066406,21.0,22.84000015258789,65.89591217041016,109.10780334472656,121.19669342041016,1.84,1.23,
2021-10-07,411.2986145019531,19.540000915527344,22.1200008392334,65.90345764160156,108.62381744384766,119.92926788330078,1.85,1.26,
2021-10-08,410.5484313964844,18.770000457763672,21.8799991607666,65.70658874511719,108.12342834472656,119.08989715576172,1.84,1.29,-0.657
2021-10-11,407.57623291015625,20.0,22.389999389648438,65.5020751953125,107.91837310791016,118.78771209716797,,,
2021-10-12,406.57293701171875,19.850000381469727,22.329999923706055,65.62322998046875,108.607421875,120.81901550292969,1.82,1.24,
2021-10-13,408.03558349609375,18.639999389648438,21.540000915527344,65.79740905761719,109.1570053100586,121.99409484863281,1.79,1.19,
2021-10-14,414.89910888671875,16.860000610351562,20.3700008392334,66.16854095458984,109.67377471923828,122.4473876953125,1.81,1.16,
2021-10-15,418.0588684082031,16.299999237060547,20.299999237060547,66.05494689941406,109.28002166748047,121.73395538330078,1.76,1.18,-0.651
2021-10-18,419.2965087890625,16.309999465942383,20.290000915527344,66.0246353149414,109.18981170654297,122.3046875,1.72,1.15,
2021-10-19,422.5313720703125,15.699999809265137,19.979999542236328,66.070068359375,108.59103393554688,120.6175308227539,1.72,1.24,
2021-10-20,424.1909484863281,15.489999771118164,19.8700008392334,66.09282684326172,108.32857513427734,119.80332946777344,1.75,1.25,
2021-10-21,425.2973327636719,15.010000228881836,19.479999542236328,65.92615509033203,108.09883117675781,119.6606674194336,1.74,1.23,
2021-10-22,424.8566589355469,15.430000305175781,20.010000228881836,65.76712799072266,108.53356170654297,120.9784927368164,1.72,1.18,-0.64
2021-10-25,427.13507080078125,15.239999771118164,19.559999465942383,65.88076782226562,108.58280944824219,120.79381561279297,1.73,1.17,
2021-10-26,427.5194396972656,15.979999542236328,20.110000610351562,65.89591217041016,109.0504150390625,121.79267883300781,1.71,1.16,
2021-10-27,425.62554931640625,16.979999542236328,20.889999389648438,65.84285736083984,109.71482849121094,124.00863647460938,1.69,1.04,
2021-10-28,429.73236083984375,16.530000686645508,20.479999542236328,66.00950622558594,109.55078887939453,123.58893585205078,1.69,1.07,
2021-10-29,430.604248046875,16.260000228881836,20.3700008392334,65.8353042602539,109.49334716796875,123.9666519165039,1.69,1.07,-0.626
2021-11-01,431.34503173828125,16.40999984741211,20.389999389648438,65.76464080810547,109.29771423339844,123.07413482666016,1.69,1.08,
2021-11-02,433.0889587402344,16.030000686645508,20.100000381469727,65.92422485351562,109.71692657470703,123.62035369873047,1.71,1.1,
2021-11-03,435.7331237792969,15.100000381469727,19.5,66.0533676147461,109.43743133544922,122.34290313720703,1.7,1.13,
2021-11-04,437.7865295410156,15.4399995803833,19.700000762939453,66.22808837890625,110.01280975341797,123.62873840332031,1.73,1.12,
2021-11-05,439.3055114746094,16.479999542236328,20.489999771118164,66.47884368896484,110.8182373046875,125.47779846191406,1.73,1.06,-0.608
2021-11-08,439.6805114746094,17.219999313354492,20.979999542236328,66.39522552490234,110.56343078613281,125.24242401123047,1.67,1.06,
2021-11-09,438.22723388671875,17.780000686645508,21.40999984741211,66.44843292236328,110.85935974121094,126.87287139892578,1.67,1.05,
2021-11-10,434.7017822265625,18.729999542236328,22.0,66.07614135742188,109.72514343261719,124.55322265625,1.66,1.05,
2021-11-11,434.84234619140625,17.65999984741211,21.3799991607666,65.9621810913086,109.41279602050781,124.36839294433594,,,
2021-11-12,438.1240539550781,16.290000915527344,20.690000534057617,65.98499298095703,109.29771423339844,123.82209014892578,1.69,1.05,-0.588
2021-11-15,438.2740478515625,16.489999771118164,20.8700008392334,65.90899658203125,108.46761322021484,122.26725006103516,1.7,1.1,
2021-11-16,440.0086975097656,16.3700008392334,20.899999618530273,65.93939971923828,108.28679656982422,121.95632934570312,1.72,1.09,
2021-11-17,438.93975830078125,17.110000610351562,21.579999923706055,65.8709945678711,108.72236633300781,122.9228286743164,1.74,1.08,
2021-11-18,440.4305725097656,17.59000015258789,21.899999618530273,65.81784057617188,108.96896362304688,123.38504791259766,1.73,1.07,
2021-11-19,439.6429748535156,17.90999984741211,21.920000076293945,65.76464080810547,109.37993621826172,124.68775939941406,1.73,1.02,-0.57
2021-11-22,438.4053039550781,19.170000076293945,22.6299991607666,65.51395416259766,108.42647552490234,123.22535705566406,1.71,1.0,
2021-11-23,438.98663330078125,19.3799991607666,22.450000762939453,65.42274475097656,107.65390014648438,121.44364166259766,1.73,1.07,
2021-11-24,440.1587219238281,18.579999923706055,21.899999618530273,65.40754699707031,108.17172241210938,123.39344024658203,1.72,1.0,
2021-11-26,430.3417053222656,28.6200008392334,29.170000076293945,64.93650817871094,109.05113983154297,126.51153564453125,1.82,0.98,-0.554
2021-11-29,435.6206359863281,22.959999084472656,25.040000915527344,65.33919525146484,109.1251449584961,125.49456787109375,1.81,1.01,
2021-11-30,427.1444091796875,27.190000534057617,28.1299991607666,65.06568145751953,109.36345672607422,127.40235900878906,1.81,0.91,
2021-12-01,422.4000549316406,31.1200008392334,30.790000915527344,65.0748062133789,109.37910461425781,128.1883087158203,1.81,0.87,
2021-12-02,428.8696594238281,27.950000762939453,29.149999618530273,65.55504608154297,109.63438415527344,128.3481903076172,1.8,0.81,
2021-12-03,425.13787841796875,30.670000076293945,31.780000686645508,65.55504608154297,110.54835510253906,129.8795928955078,1.81,0.75,-0.543
2021-12-06,430.17303466796875,27.18000030517578,28.8799991607666,65.84468841552734,109.98845672607422,128.09576416015625,1.79,0.78,
2021-12-07,439.0710144042969,21.889999389648438,24.959999084472656,66.19535064697266,110.03788757324219,127.06074523925781,1.75,0.78,
2021-12-08,440.2337341308594,19.899999618530273,23.6299991607666,66.18009948730469,109.30503845214844,124.8645248413086,1.79,0.84,
2021-12-09,437.2613525390625,21.579999923706055,24.65999984741211,65.88285064697266,109.21446228027344,125.56298065185547,1.81,0.79,
2021-12-10,441.37750244140625,18.690000534057617,23.18000030517578,66.03527069091797,109.33797454833984,125.26000213623047,1.83,0.81,-0.541
2021-12-13,437.46771240234375,20.309999465942383,24.31999969482422,66.03527069091797,109.83198547363281,127.11121368408203,1.82,0.76,
2021-12-14,434.45794677734375,21.889999389648438,25.350000381469727,65.92092895507812,109.33797454833984,126.80826568603516,1.82,0.77,
2021-12-15,441.2463073730469,19.290000915527344,23.299999237060547,66.1724853515625,109.47797393798828,125.58811950683594,1.83,0.78,
2021-12-16,437.35516357421875,20.56999969482422,24.3700008392334,66.1235122680664,109.474609375,125.63697052001953,1.87,0.8,
2021-12-17,432.7004699707031,21.56999969482422,25.3799991607666,66.06233215332031,109.73037719726562,127.06071472167969,1.87,0.75,-0.544
2021-12-20,428.09930419921875,22.8700008392334,26.309999465942383,65.94760131835938,109.25189971923828,126.10875701904297,1.89,0.78,
2021-12-21,435.70196533203125,21.010000228881836,25.0,66.29944610595703,109.46636962890625,125.62861633300781,1.88,0.78,
2021-12-22,440.0585021972656,18.6299991607666,23.559999465942383,66.4753646850586,109.63960266113281,126.20991516113281,1.86,0.78,
2021-12-23,442.7965393066406,17.959999084472656,23.239999771118164,66.66658020019531,109.474609375,125.11478424072266,1.86,0.79,
2021-12-27,449.06304931640625,17.68000030517578,22.739999771118164,66.73543548583984,109.79635620117188,125.41795349121094,1.86,0.72,
2021-12-28,448.696044921875,17.540000915527344,22.329999923706055,66.70482635498047,109.6561508178711,124.92096710205078,1.86,0.75,
2021-12-29,449.27008056640625,16.950000762939453,21.829999923706055,66.59779357910156,109.05387878417969,123.55628204345703,1.85,0.8,
2021-12-30,448.0279846191406,17.329999923706055,21.8799991607666,66.5671615600586,109.49115753173828,124.5924072265625,1.85,0.79,
2021-12-31,446.89892578125,17.219999313354492,21.8799991607666,66.55183410644531,109.32615661621094,124.83670043945312,,0.79,-0.559
2022-01-03,449.4864501953125,16.600000381469727,21.530000686645508,66.52124786376953,108.16289520263672,121.55974578857422,1.82,0.85,
2022-01-04,449.3359375,16.90999984741211,21.6200008392334,66.3530044555664,108.25367736816406,121.05432891845703,1.84,0.89,
2022-01-05,440.7077331542969,19.729999542236328,23.469999313354492,65.84053802490234,107.61839294433594,120.3972396850586,1.8,0.88,
2022-01-06,440.2936706542969,19.610000610351562,23.5,65.84818267822266,107.4781494140625,120.70897674560547,1.78,0.85,
2022-01-07,438.5530090332031,18.760000228881836,22.8700008392334,65.679931640625,107.0162353515625,119.84119415283203,1.78,0.89,-0.565
2022-01-10,438.00726318359375,19.399999618530273,22.68000030517578,65.73346710205078,106.91717529296875,120.13610076904297,1.76,0.86,
2022-01-11,441.9966735839844,18.40999984741211,21.979999542236328,66.03939056396484,107.23896789550781,120.93634796142578,1.76,0.85,
2022-01-12,443.191650390625,17.6200008392334,21.579999923706055,66.14646911621094,107.1646957397461,120.4729995727539,1.77,0.82,
2022-01-13,437.08514404296875,20.309999465942383,23.40999984741211,65.90933990478516,107.50291442871094,121.54291534423828,1.8,0.79,
2022-01-14,437.26397705078125,19.190000534057617,22.81999969482422,65.84818267822266,106.55421447753906,119.70646667480469,1.79,0.79,-0.564
2022-01-18,429.5201416015625,22.790000915527344,25.1200008392334,65.52690887451172,105.53949737548828,118.02164459228516,1.78,0.81,
2022-01-19,425.06024169921875,23.850000381469727,25.809999465942383,65.46574401855469,105.7044906616211,118.83877563476562,1.77,0.79,
2022-01-20,420.35565185546875,25.59000015258789,27.25,65.34335327148438,105.646728515625,119.57169342041016,1.79,0.75,
2022-01-21,412.103759765625,28.850000381469727,29.950000762939453,65.35099792480469,106.33971405029297,120.99536895751953,1.84,0.74,-0.557
2022-01-24,413.85394287109375,29.899999618530273,30.81999969482422,65.28215026855469,106.00972747802734,120.00130462646484,1.89,0.76,
2022-01-25,408.8011474609375,31.15999984741211,31.760000228881836,65.09095001220703,105.7127456665039,119.80754852294922,1.91,0.76,
2022-01-26,407.7755126953125,31.959999084472656,31.950000762939453,64.869140625,104.9949722290039,118.35865783691406,1.84,0.72,
2022-01-27,405.7619934082031,30.489999771118164,30.8700008392334,64.58613586425781,105.2342529296875,120.53201293945312,1.86,0.63,
2022-01-28,415.8392028808594,27.65999984741211,28.81999969482422,64.76970672607422,105.3497085571289,120.57415008544922,1.91,0.63,-0.543
2022-01-31,423.3288879394531,24.829999923706055,26.850000381469727,64.7850112915039,105.39923858642578,119.9507827758789,1.93,0.61,
2022-02-01,426.1893005371094,21.959999084472656,24.760000228881836,65.04212951660156,105.57447052001953,119.5526351928711,1.92,0.63,
2022-02-02,430.3293151855469,22.09000015258789,25.139999389648438,65.1419677734375,105.5827407836914,119.95751953125,1.91,0.62,
2022-02-03,420.2144775390625,24.350000381469727,26.670000076293945,64.55854797363281,104.73137664794922,119.02113342285156,1.92,0.63,
2022-02-04,422.1904296875,23.219999313354492,26.25,64.30520629882812,103.6899642944336,117.26649475097656,1.92,0.62,-0.523
2022-02-07,420.8354797363281,22.860000610351562,25.690000534057617,64.2591552734375,103.88005065917969,117.34242248535156,1.93,0.62,
2022-02-08,424.29803466796875,21.440000534057617,24.540000915527344,64.19007110595703,103.4915771484375,116.557861328125,1.91,0.61,
2022-02-09,430.50811767578125,19.959999084472656,23.489999771118164,64.52783966064453,103.83875274658203,116.77713775634766,1.92,0.58,
2022-02-10,422.7737731933594,23.90999984741211,26.06999969482422,63.67574691772461,102.42533874511719,114.92132568359375,1.91,0.42,
2022-02-11,414.4371643066406,27.360000610351562,28.829999923706055,63.45315933227539,103.18572998046875,116.62532806396484,2.0,0.42,-0.497
2022-02-14,413.082275390625,28.329999923706055,29.440000534057617,63.34566879272461,102.26825714111328,115.17439270019531,2.0,0.4,
2022-02-15,419.7439880371094,25.700000762939453,27.280000686645508,63.45315933227539,101.75582885742188,113.8668441772461,1.99,0.47,
2022-02-16,420.2144775390625,24.290000915527344,26.260000228881836,63.80626678466797,101.90462493896484,114.54165649414062,2.05,0.51,
2022-02-17,411.23809814453125,28.110000610351562,29.31999969482422,63.5375862121582,101.97901916503906,115.3936996459961,2.12,0.48,
2022-02-18,408.5752868652344,27.75,29.219999313354492,63.62971878051758,102.22696685791016,116.60848999023438,2.13,0.45,-0.467
2022-02-22,404.19061279296875,28.809999465942383,29.110000610351562,63.48386001586914,102.09471893310547,116.91215515136719,2.13,0.38,
2022-02-23,397.02081298828125,31.020000457763672,30.8799991607666,63.36870574951172,101.16899871826172,115.30093383789062,2.1,0.41,
2022-02-24,402.99566650390625,30.31999969482422,30.049999237060547,63.82157897949219,101.64837646484375,115.37686157226562,2.24,0.42,
2022-02-25,411.8873291015625,27.59000015258789,28.040000915527344,64.18238067626953,102.0616683959961,115.4612045288086,2.2,0.42,-0.437
2022-02-28,410.8334655761719,30.149999618530273,29.649999618530273,64.22845458984375,103.1526870727539,117.99195861816406,2.34,0.39,
2022-03-01,404.5764465332031,33.31999969482422,32.59000015258789,64.0489501953125,103.50553894042969,119.35615539550781,2.25,0.41,
2022-03-02,412.01904296875,30.739999771118164,30.969999313354492,64.2030258178711,101.93185424804688,115.27626037597656,2.24,0.36,
2022-03-03,409.9678039550781,30.479999542236328,30.799999237060547,64.0103988647461,102.3045883178711,116.45039367675781,2.24,0.33,
2022-03-04,406.63702392578125,31.979999542236328,32.34000015258789,63.594383239746094,102.40396881103516,118.46076965332031,2.31,0.24,-0.41
2022-03-07,394.64971923828125,36.45000076293945,35.7400016784668,63.03962326049805,101.16160583496094,117.55692291259766,2.32,0.23,
2022-03-08,391.6575622558594,35.130001068115234,35.0,62.81620407104492,100.55699920654297,116.37435913085938,2.35,0.23,
2022-03-09,402.1581726074219,32.45000076293945,33.060001373291016,63.340110778808594,100.73090362548828,115.23401641845703,2.32,0.26,
2022-03-10,400.3422546386719,30.229999542236328,31.520000457763672,62.808494567871094,99.57965087890625,113.57839965820312,2.38,0.26,
2022-03-11,395.2518615722656,30.75,32.34000015258789,62.35390853881836,99.53823852539062,113.9585189819336,2.35,0.25,-0.389
2022-03-14,392.36322021484375,31.770000457763672,33.31999969482422,61.61429977416992,98.09710693359375,111.2977294921875,2.33,0.27,
2022-03-15,400.991455078125,29.829999923706055,31.959999084472656,62.076560974121094,98.86738586425781,111.10344696044922,2.36,0.3,
2022-03-16,409.88311767578125,26.670000076293945,28.959999084472656,62.9471549987793,99.7121810913086,112.19309997558594,2.23,0.24,
2022-03-17,415.0111999511719,25.670000076293945,28.219999313354492,63.37861633300781,100.68949890136719,111.3568115234375,2.17,0.26,
2022-03-18,419.5566711425781,23.8700008392334,26.549999237060547,63.5866584777832,100.8882827758789,112.71680450439453,2.14,0.17,-0.376
2022-03-21,419.4340515136719,23.530000686645508,26.3799991607666,62.85472106933594,99.48857116699219,110.1067123413086,2.07,0.18,
2022-03-22,424.342041015625,22.940000534057617,25.850000381469727,63.17832946777344,99.24834442138672,108.69602966308594,2.05,0.2,
2022-03-23,418.8771667480469,23.56999969482422,26.40999984741211,62.9780158996582,99.52996063232422,111.07805633544922,2.03,0.19,
2022-03-24,425.1914978027344,21.670000076293945,25.299999237060547,63.10896682739258,99.5713882446289,110.2080307006836,2.01,0.21,
2022-03-25,427.2679138183594,20.809999465942383,24.719999313354492,62.654396057128906,98.7845230102539,108.67915344238281,1.96,0.18,-0.37
2022-03-28,430.30706787109375,19.6299991607666,24.18000030517578,63.047367095947266,99.3311996459961,109.60828399658203,1.94,0.11,
2022-03-29,435.6303405761719,18.899999618530273,23.190000534057617,63.82551193237305,100.16770935058594,110.43611907958984,1.91,0.06,
2022-03-30,432.94049072265625,19.329999923706055,23.56999969482422,63.63287353515625,100.39962005615234,111.2977294921875,1.93,0.04,
2022-03-31,426.27691650390625,20.559999465942383,24.459999084472656,63.401729583740234,100.16770935058594,111.56800842285156,1.93,0.04,
2022-04-01,427.48504638671875,19.6299991607666,24.209999084472656,63.39710235595703,100.50385284423828,111.99269104003906,1.81,-0.05,-0.368
2022-04-04,431.14703369140625,18.56999969482422,23.030000686645508,63.87678909301758,100.85245513916016,111.21438598632812,1.81,-0.01,
2022-04-05,425.7011413574219,21.030000686645508,24.899999618530273,63.04899597167969,99.08455657958984,108.70179748535156,1.77,0.03,
2022-04-06,421.4443359375,22.100000381469727,25.799999237060547,62.55390167236328,98.50357055664062,107.82195281982422,1.77,0.11,
2022-04-07,423.56805419921875,21.549999237060547,25.229999542236328,62.45332336425781,98.04705047607422,107.00980377197266,1.78,0.19,
2022-04-08,422.43548583984375,21.15999984741211,25.170000076293945,62.07421875,97.2751693725586,105.85078430175781,1.78,0.19,-0.365
2022-04-11,415.2149963378906,24.3700008392334,27.0,61.648738861083984,96.32898712158203,104.17571258544922,1.82,0.29,
2022-04-12,413.6766052246094,24.260000228881836,27.170000076293945,62.12065505981445,96.3953628540039,104.03189086914062,1.92,0.33,
2022-04-13,418.4146728515625,21.81999969482422,25.540000915527344,62.49200439453125,96.89338684082031,104.24339294433594,1.94,0.33,
2022-04-14,413.2046813964844,22.700000762939453,26.030000686645508,62.07421875,95.76461029052734,102.15380859375,1.93,0.36,
2022-04-18,413.3745422363281,22.170000076293945,25.75,61.973655700683594,95.03421020507812,101.64620208740234,1.94,0.39,
2022-04-19,420.0474853515625,21.3700008392334,25.059999465942383,61.91954040527344,94.2789077758789,100.88482666015625,1.91,0.32,
2022-04-20,419.73602294921875,20.31999969482422,24.149999618530273,62.1129264831543,95.25828552246094,102.91515350341797,1.91,0.25,
2022-04-21,413.45953369140625,22.68000030517578,26.110000610351562,61.68741989135742,94.24569702148438,102.15380859375,1.93,0.22,
2022-04-22,402.1144714355469,28.209999084472656,29.8700008392334,61.31608963012695,94.13777923583984,101.51080322265625,1.96,0.18,-0.347
2022-04-25,404.44586181640625,27.020000457763672,29.06999969482422,61.834442138671875,95.18360137939453,102.5260238647461,2.03,0.18,
2022-04-26,392.7327575683594,33.52000045776367,33.13999938964844,61.4708251953125,95.1337890625,103.55815887451172,2.06,0.23,
2022-04-27,393.8370056152344,31.600000381469727,32.20000076293945,61.169132232666016,94.2208023071289,102.22994232177734,2.05,0.24,
2022-04-28,403.78509521484375,29.989999771118164,31.149999618530273,61.50950241088867,94.50300598144531,102.38220977783203,2.06,0.22,
2022-04-29,388.8629150390625,33.400001525878906,33.18000030517578,60.75136947631836,93.4571762084961,101.05400848388672,2.05,0.19,-0.332
2022-05-02,391.2037048339844,32.34000015258789,33.0099983215332,60.75526809692383,92.90316772460938,99.3023452758789,2.08,0.26,
2022-05-03,392.9970703125,29.25,30.809999465942383,61.07366180419922,93.50214385986328,99.9718246459961,2.05,0.19,
2022-05-04,404.9649353027344,25.420000076293945,28.09000015258789,61.69495391845703,94.41719055175781,100.52264404296875,2.08,0.27,
2022-05-05,390.5713195800781,31.200000762939453,32.68000030517578,60.59992980957031,92.9697265625,97.76850128173828,2.1,0.34,
2022-05-06,388.2400207519531,30.190000534057617,32.310001373291016,60.25822448730469,92.17947387695312,96.32787322998047,2.09,0.4,-0.314
2022-05-09,375.8095703125,34.75,35.04999923706055,59.62139892578125,92.50390625,97.17528533935547,2.17,0.44,
2022-05-10,376.6779479980469,32.9900016784668,33.970001220703125,59.963096618652344,92.89488220214844,98.05663299560547,2.16,0.37,
2022-05-11,370.69403076171875,32.560001373291016,33.630001068115234,59.60585403442383,93.32744598388672,99.94641876220703,2.17,0.25,
2022-05-12,370.3070373535156,31.770000457763672,33.08000183105469,59.58256149291992,93.36900329589844,99.75997161865234,2.2,0.28,
2022-05-13,379.16021728515625,28.8700008392334,30.700000762939453,59.6524658203125,92.87823486328125,98.28543853759766,2.24,0.32,-0.295
2022-05-16,377.6217956542969,27.469999313354492,29.510000228881836,59.567039489746094,93.0030288696289,98.18375396728516,2.29,0.3,
2022-05-17,385.3896789550781,26.100000381469727,28.3700008392334,59.512672424316406,92.47064208984375,96.99732208251953,2.27,0.27,
2022-05-18,369.8539733886719,30.959999084472656,32.79999923706055,59.02335739135742,92.8116683959961,99.0650634765625,2.31,0.21,
2022-05-19,367.5887451171875,29.350000381469727,30.790000915527344,59.419471740722656,93.06126403808594,99.3023452758789,2.37,0.21,
2022-05-20,367.74920654296875,29.43000030517578,31.139999389648438,59.38062286376953,93.51876068115234,100.42943572998047,2.36,0.18,-0.275
2022-05-23,374.6298522949219,28.479999542236328,30.290000915527344,59.61362075805664,93.1860122680664,98.77693176269531,2.33,0.21,
2022-05-24,371.7699890136719,29.450000762939453,30.739999771118164,59.97087478637695,94.40886688232422,100.72604370117188,2.34,0.26,
2022-05-25,375.0545654296875,28.3700008392334,29.729999542236328,60.87952423095703,95.38214874267578,101.12432861328125,2.29,0.27,
2022-05-26,382.54864501953125,27.5,29.280000686645508,61.72603988647461,95.4071273803711,100.66670989990234,2.25,0.29,
2022-05-27,391.93988037109375,25.719999313354492,28.020000457763672,62.27743148803711,95.90624237060547,100.91251373291016,2.26,0.27,-0.253
2022-05-31,389.7407531738281,26.190000534057617,27.989999771118164,61.7415657043457,95.19915008544922,98.77693176269531,2.18,0.32,
2022-06-01,386.58831787109375,25.690000534057617,27.719999313354492,61.51314926147461,94.64381408691406,98.66400146484375,2.08,0.28,
2022-06-02,393.9502868652344,24.719999313354492,27.059999465942383,61.77041244506836,94.68548583984375,98.71499633789062,2.1,0.27,
2022-06-03,387.4849853515625,24.790000915527344,27.329999923706055,61.3104133605957,94.38528442382812,98.50271606445312,2.09,0.3,-0.229
2022-06-06,388.664794921875,25.06999969482422,27.219999313354492,60.850460052490234,93.71823120117188,96.68599700927734,2.08,0.31,
2022-06-07,392.39288330078125,24.020000457763672,26.520000457763672,60.990787506103516,94.21854400634766,97.73021697998047,2.07,0.23,
2022-06-08,388.1267395019531,23.959999084472656,26.540000915527344,60.468414306640625,93.67649841308594,96.86426544189453,2.07,0.25,
2022-06-09,378.8959655761719,26.09000015258789,28.010000228881836,59.98504638671875,93.0594711303711,97.18687438964844,2.07,0.21,
2022-06-10,367.90966796875,27.75,29.719999313354492,58.96372985839844,92.15890502929688,96.58409881591797,2.04,0.09,-0.203
2022-06-13,353.9407958984375,34.02000045776367,34.2400016784668,56.99124526977539,90.03252410888672,93.55340576171875,1.98,0.03,
2022-06-14,352.8742370605469,32.689998626708984,33.279998779296875,57.36547088623047,89.56552124023438,92.37338256835938,1.99,0.04,
2022-06-15,357.9049377441406,29.6200008392334,30.780000686645508,58.480342864990234,90.96643829345703,94.09673309326172,2.1,0.13,
2022-06-16,346.0597229003906,32.95000076293945,33.4900016784668,57.55258560180664,91.06651306152344,94.84378814697266,2.13,0.14,
2022-06-17,346.80572509765625,31.1299991607666,32.36000061035156,57.731910705566406,91.24996185302734,95.14940643310547,2.13,0.08,-0.179
2022-06-21,355.5361633300781,30.190000534057617,31.25,57.69290542602539,90.33269500732422,93.53643035888672,2.13,0.1,
2022-06-22,354.8914794921875,28.950000762939453,30.239999771118164,57.677337646484375,90.99147033691406,96.1087417602539,2.17,0.1,
2022-06-23,358.3703308105469,29.049999237060547,30.190000534057617,58.090545654296875,91.69190216064453,96.89825439453125,2.2,0.08,
2022-06-24,369.7643737792969,27.229999542236328,28.950000762939453,58.50373840332031,91.80030059814453,95.55692291259766,2.22,0.09,-0.163
2022-06-27,368.3519287109375,26.950000762939453,28.18000030517578,58.145103454589844,90.95812225341797,94.74190521240234,2.19,0.12,
2022-06-28,360.82550048828125,28.360000610351562,29.149999618530273,57.50580596923828,90.9330825805664,95.18338012695312,2.22,0.1,
2022-06-29,360.5316162109375,28.15999984741211,29.0,57.42005920410156,91.47508239746094,96.66903686523438,2.24,0.04,
2022-06-30,357.6025390625,28.709999084472656,29.709999084472656,57.38886642456055,91.75027465820312,97.5179672241211,2.31,0.06,
2022-07-01,361.3847351074219,26.700000762939453,28.520000457763672,57.9362907409668,92.90999603271484,98.51914978027344,2.42,0.04,-0.157
2022-07-05,362.0672607421875,27.540000915527344,28.899999618530273,57.8814697265625,92.8849105834961,99.29319763183594,2.41,0.0,
2022-07-06,363.2900695800781,26.729999542236328,28.389999389648438,57.66217803955078,92.42504119873047,97.62598419189453,2.39,-0.04,
2022-07-07,368.73114013671875,26.079999923706055,28.030000686645508,58.601932525634766,92.41667175292969,96.7668685913086,2.33,-0.02,
2022-07-08,368.4278564453125,24.639999389648438,27.299999237060547,58.648929595947266,92.26616668701172,95.69506072998047,2.31,-0.03,-0.16
2022-07-11,364.2190856933594,26.170000076293945,28.25,58.320037841796875,92.52537536621094,97.34526062011719,2.32,-0.08,
2022-07-12,360.9960632324219,27.290000915527344,28.81999969482422,58.55495071411133,92.65914916992188,97.92373657226562,2.31,-0.07,
2022-07-13,359.1002197265625,26.81999969482422,28.559999465942383,58.49232482910156,93.35313415527344,99.04652404785156,2.32,-0.22,
2022-07-14,358.2281799316406,26.399999618530273,28.610000610351562,58.38267135620117,92.75946044921875,98.23844146728516,2.31,-0.19,
2022-07-15,365.0721435546875,24.229999542236328,27.079999923706055,59.12665939331055,93.50365447998047,98.79135131835938,2.3,-0.2,-0.174
2022-07-18,362.0577697753906,25.299999237060547,27.81999969482422,58.55495071411133,92.85147094726562,97.76209259033203,2.28,-0.19,
2022-07-19,371.84027099609375,24.5,27.309999465942383,59.330257415771484,93.11066436767578,97.23469543457031,2.26,-0.22,
2022-07-20,374.2101135253906,23.8799991607666,26.700000762939453,59.58869934082031,93.01030731201172,97.48990631103516,2.2,-0.21,
2022-07-21,378.0207214355469,23.110000610351562,26.219999313354492,60.293521881103516,94.28119659423828,99.17414093017578,2.23,-0.19,
2022-07-22,374.51348876953125,23.030000686645508,25.969999313354492,60.215213775634766,95.0086441040039,100.84134674072266,2.28,-0.21,-0.194
2022-07-25,374.9684143066406,23.360000610351562,25.799999237060547,60.199520111083984,94.20594787597656,99.85462951660156,2.31,-0.19,
2022-07-26,370.53216552734375,24.690000534057617,26.420000076293945,59.776641845703125,94.18924713134766,99.93116760253906,2.29,-0.21,
2022-07-27,380.1535339355469,23.239999771118164,25.309999465942383,60.43449783325195,94.81636047363281,99.36976623535156,2.3,-0.18,
2022-07-28,384.921630859375,22.329999923706055,24.329999923706055,61.05316925048828,95.602294921875,100.16083526611328,2.42,-0.17,
2022-07-29,390.5332336425781,21.329999923706055,23.790000915527344,61.2332763671875,95.82807922363281,99.88863372802734,2.36,-0.22,-0.212
2022-08-01,389.37677001953125,22.84000015258789,24.860000610351562,61.25215530395508,96.0174789428711,102.29434204101562,2.38,-0.3,
2022-08-02,386.80792236328125,23.93000030517578,25.65999984741211,60.96910858154297,94.84406280517578,100.12980651855469,2.29,-0.31,
2022-08-03,392.8652038574219,21.950000762939453,24.3700008392334,61.50373840332031,95.87495422363281,101.70634460449219,2.29,-0.37,
2022-08-04,392.5997619628906,21.440000534057617,24.31999969482422,61.66883087158203,96.02584075927734,101.67223358154297,2.32,-0.35,
2022-08-05,391.93621826171875,21.149999618530273,24.18000030517578,61.3543815612793,94.72671508789062,99.25208282470703,2.29,-0.41,-0.226
2022-08-08,391.481201171875,21.290000915527344,24.479999542236328,61.409385681152344,95.10388946533203,100.85415649414062,2.26,-0.44,
2022-08-09,389.9265441894531,21.770000457763672,24.690000534057617,60.953399658203125,94.67644500732422,100.4621353149414,2.26,-0.48,
2022-08-10,398.11669921875,19.739999771118164,23.459999084472656,61.865394592285156,95.57325744628906,99.80598449707031,2.29,-0.45,
2022-08-11,398.11669921875,20.200000762939453,23.709999084472656,61.5115852355957,94.65129089355469,97.47956848144531,2.29,-0.36,
2022-08-12,404.85626220703125,19.530000686645508,23.309999465942383,62.06190872192383,95.7492446899414,98.46807861328125,2.27,-0.41,-0.234
2022-08-15,406.5246887207031,19.950000762939453,23.31999969482422,61.95185852050781,95.68222045898438,98.38285827636719,2.27,-0.41,
2022-08-16,407.3210144042969,19.690000534057617,23.31999969482422,61.660945892333984,95.31343078613281,98.79191589355469,2.27,-0.43,
2022-08-17,404.4296875,19.899999618530273,23.600000381469727,61.02416229248047,94.41661834716797,97.76078796386719,2.24,-0.39,
2022-08-18,405.6051940917969,19.559999465942383,23.389999389648438,61.11847686767578,94.65967559814453,97.90565490722656,2.24,-0.34,
2022-08-19,400.1546936035156,20.600000381469727,24.31999969482422,60.49738311767578,93.53659057617188,96.32913970947266,2.25,-0.27,-0.232
2022-08-22,391.8224182128906,23.799999237060547,26.0,59.81339645385742,92.9079360961914,96.00534057617188,2.24,-0.29,
2022-08-23,390.8744812011719,24.110000610351562,25.920000076293945,59.962799072265625,93.008544921875,95.4769515991211,2.24,-0.24,
2022-08-24,392.1257629394531,22.81999969482422,24.889999389648438,60.03355407714844,92.7319564819336,94.77816772460938,2.23,-0.25,
2022-08-25,397.66168212890625,21.780000686645508,24.1299991607666,60.59959411621094,93.68740844726562,96.09907531738281,2.21,-0.32,
2022-08-26,384.2011413574219,25.559999465942383,26.559999465942383,59.601158142089844,93.1258773803711,96.82337951660156,2.19,-0.33,-0.219
2022-08-29,381.66082763671875,26.209999084472656,26.81999969482422,59.373146057128906,92.43860626220703,96.02235412597656,2.19,-0.3,
2022-08-30,377.470947265625,26.209999084472656,26.90999984741211,58.91716766357422,92.55593872070312,96.2609634399414,2.17,-0.35,
2022-08-31,374.5987548828125,25.8700008392334,26.649999618530273,58.59481430053711,91.58369445800781,95.34062194824219,2.18,-0.3,
2022-09-01,375.7742004394531,25.559999465942383,26.43000030517578,58.74967956542969,91.03234100341797,93.59513092041016,2.22,-0.25,
2022-09-02,371.8118591308594,25.469999313354492,26.479999542236328,58.71017837524414,91.09957122802734,94.12457275390625,2.24,-0.2,-0.198
2022-09-06,370.4089660644531,26.90999984741211,27.59000015258789,58.55216598510742,89.86408996582031,91.79320526123047,2.27,-0.17,
2022-09-07,377.0633239746094,24.639999389648438,26.100000381469727,59.39753341674805,91.0911636352539,93.24498748779297,2.24,-0.18,
2022-09-08,379.5278625488281,23.610000610351562,25.520000457763672,59.65824508666992,90.88106536865234,92.28852081298828,2.25,-0.19,
2022-09-09,385.42401123046875,22.790000915527344,25.139999389648438,59.895286560058594,91.0911636352539,92.49349975585938,2.2,-0.23,-0.171
2022-09-12,389.5664367675781,23.8700008392334,25.3700008392334,60.07698440551758,90.88945770263672,91.73342895507812,2.2,-0.21,
2022-09-13,372.6270446777344,27.270000457763672,27.950000762939453,58.71017837524414,90.2339096069336,91.94694519042969,2.18,-0.33,
2022-09-14,374.04901123046875,26.15999984741211,27.459999084472656,58.797080993652344,90.66253662109375,92.26288604736328,2.15,-0.37,
2022-09-15,369.8022766113281,26.270000457763672,27.600000381469727,58.425743103027344,90.22547149658203,92.20313262939453,2.12,-0.42,
2022-09-16,366.98114013671875,26.299999237060547,27.6299991607666,58.62326431274414,90.01535034179688,91.43455505371094,2.18,-0.4,-0.142
2022-09-19,369.8269958496094,25.760000228881836,27.010000228881836,58.844505310058594,90.1666488647461,91.6480484008789,2.15,-0.46,
2022-09-20,365.58197021484375,27.15999984741211,27.8799991607666,58.2440185546875,89.26734161376953,90.7342758178711,2.13,-0.39,
2022-09-21,359.204833984375,27.989999771118164,28.760000228881836,58.07020950317383,89.60350799560547,92.25437927246094,2.12,-0.51,
2022-09-22,356.18756103515625,27.350000381469727,28.219999313354492,57.72257995605469,88.34282684326172,89.89742279052734,2.08,-0.41,
2022-09-23,350.21966552734375,29.920000076293945,30.31999969482422,56.98781204223633,88.09066009521484,90.26464080810547,2.09,-0.51,-0.116
2022-09-26,346.75506591796875,32.2599983215332,31.770000457763672,56.31626892089844,86.56100463867188,88.53959655761719,2.01,-0.39,
2022-09-27,345.8699035644531,32.599998474121094,32.119998931884766,56.197750091552734,85.2582778930664,86.208251953125,2.08,-0.33,
2022-09-28,352.67535400390625,30.18000030517578,30.579999923706055,57.20111083984375,86.97282409667969,89.09468078613281,2.25,-0.35,
2022-09-29,345.308349609375,31.84000015258789,31.739999771118164,56.66387939453125,86.32565307617188,88.63355255126953,2.27,-0.4,
2022-09-30,339.9686584472656,31.6200008392334,31.860000610351562,56.403167724609375,86.10714721679688,87.48920440673828,2.24,-0.39,-0.096
2022-10-03,348.9442138671875,30.100000381469727,30.690000534057617,57.14234924316406,87.70005798339844,88.87940979003906,2.29,-0.45,
2022-10-04,359.7568359375,29.06999969482422,29.670000076293945,58.37299728393555,88.10484313964844,88.63115692138672,2.27,-0.48,
2022-10-05,358.9192199707031,28.549999237060547,29.43000030517578,58.14276885986328,87.43867492675781,87.78369140625,2.22,-0.39,
2022-10-06,355.2166748046875,30.520000457763672,30.790000915527344,57.96809387207031,87.23626708984375,87.2957763671875,2.16,-0.4,
2022-10-07,345.308349609375,31.360000610351562,32.099998474121094,57.26146697998047,86.36770629882812,86.44833374023438,2.17,-0.41,-0.089
2022-10-10,342.67181396484375,32.45000076293945,32.72999954223633,56.56275177001953,85.59190368652344,85.1043930053711,,,
2022-10-11,340.50164794921875,33.630001068115234,33.36000061035156,56.7374153137207,85.4148178100586,85.48102569580078,2.23,-0.37,
2022-10-12,339.3785095214844,33.56999969482422,33.130001068115234,56.83269119262695,85.31361389160156,85.9004898071289,2.27,-0.37,
2022-10-13,348.3350524902344,31.940000534057617,31.799999237060547,56.95973205566406,85.46542358398438,85.0787124633789,2.28,-0.5,
2022-10-14,340.3969421386719,32.02000045776367,32.45000076293945,56.777122497558594,84.64739990234375,84.37677764892578,2.28,-0.48,-0.09
2022-10-17,349.1441345214844,31.3700008392334,31.739999771118164,57.47581481933594,85.05221557617188,83.9659194946289,2.28,-0.43,
2022-10-18,353.2464294433594,30.5,30.979999542236328,57.88074493408203,85.55816650390625,84.16276550292969,2.28,-0.42,
2022-10-19,350.7431335449219,30.760000228881836,31.350000381469727,57.324947357177734,84.3860092163086,82.63050079345703,2.25,-0.41,
2022-10-20,347.80206298828125,29.979999542236328,30.809999465942383,57.00737762451172,83.65238189697266,81.21810913085938,2.24,-0.38,
2022-10-21,356.254150390625,29.690000534057617,30.469999313354492,57.55522537231445,83.88848114013672,79.75432586669922,2.36,-0.28,-0.101
2022-10-24,360.6134948730469,29.850000381469727,30.329999923706055,57.59491729736328,83.8463134765625,79.09520721435547,2.34,-0.25,
2022-10-25,366.3719787597656,28.459999084472656,29.290000915527344,58.150699615478516,84.96788024902344,81.3978500366211,2.37,-0.32,
2022-10-26,363.6117248535156,27.280000686645508,28.459999084472656,58.30949783325195,85.35577392578125,82.57058715820312,2.33,-0.35,
2022-10-27,361.6700134277344,27.389999389648438,28.280000686645508,58.73822021484375,85.75210571289062,83.43516540527344,2.34,-0.34,
2022-10-28,370.27435302734375,25.75,26.899999618530273,59.19082260131836,85.9292221069336,82.86164093017578,2.3,-0.39,-0.117
2022-10-31,367.5997619628906,25.8799991607666,26.920000076293945,58.30156326293945,85.46542358398438,82.27098083496094,2.28,-0.41,
2022-11-01,365.9912109375,25.809999465942383,26.690000534057617,58.652244567871094,86.080322265625,83.03987121582031,2.22,-0.47,
2022-11-02,356.80621337890625,25.860000610351562,27.219999313354492,58.11824417114258,85.66585540771484,82.6794662475586,2.18,-0.51,
2022-11-03,353.1322021484375,25.299999237060547,26.700000762939453,57.70377731323242,85.36135864257812,82.23322296142578,2.19,-0.57,
2022-11-04,358.21484375,24.549999237060547,26.389999389648438,58.102291107177734,85.5305404663086,80.85169982910156,2.22,-0.49,-0.135
2022-11-07,361.6415100097656,24.350000381469727,26.260000228881836,58.094329833984375,85.2175521850586,80.0450439453125,2.22,-0.5,
2022-11-08,363.5926208496094,25.540000915527344,27.100000381469727,58.038551330566406,85.57280731201172,80.92033386230469,2.23,-0.53,
2022-11-09,356.101806640625,26.09000015258789,27.90999984741211,57.34512710571289,85.3529052734375,81.18633270263672,2.33,-0.49,
2022-11-10,375.671142578125,23.530000686645508,26.18000030517578,59.13045883178711,88.21183013916016,84.30986785888672,2.36,-0.52,
2022-11-11,379.3070373535156,22.520000457763672,25.739999771118164,59.337669372558594,88.44863891601562,84.00096130371094,,,-0.153
2022-11-14,376.08038330078125,23.729999542236328,26.1299991607666,58.899322509765625,88.00039672851562,83.79501342773438,2.27,-0.52,
2022-11-15,379.28802490234375,24.540000915527344,26.59000015258789,59.4173698425293,89.2268295288086,85.15082550048828,2.23,-0.57,
2022-11-16,376.3945007324219,24.110000610351562,26.030000686645508,59.28987121582031,89.98806762695312,87.012939453125,2.24,-0.68,
2022-11-17,375.2428283691406,23.93000030517578,25.829999923706055,59.03482437133789,89.50593566894531,86.09476470947266,2.18,-0.66,
2022-11-18,376.9465637207031,23.1200008392334,25.329999923706055,59.16233444213867,89.49748229980469,85.50267791748047,2.13,-0.69,-0.167
2022-11-21,375.5759582519531,22.360000610351562,24.719999313354492,59.13841247558594,89.36217498779297,85.86308288574219,2.08,-0.65,
2022-11-22,380.630126953125,21.290000915527344,23.829999923706055,59.56879425048828,90.15724182128906,87.08161163330078,2.07,-0.71,
2022-11-23,383.0286865234375,20.350000381469727,23.3799991607666,59.90355682373047,91.06227111816406,88.6004409790039,2.02,-0.75,
2022-11-25,382.9429931640625,20.5,23.59000015258789,59.78399658203125,91.15531158447266,88.30010986328125,2.06,-0.74,-0.175
2022-11-28,376.83233642578125,22.209999084472656,24.899999618530273,59.15435791015625,90.49554443359375,88.54896545410156,2.05,-0.77,
2022-11-29,376.1850891113281,21.889999389648438,24.649999618530273,59.409385681152344,90.04727172851562,87.51066589355469,2.06,-0.73,
2022-11-30,388.0351867675781,20.579999923706055,23.530000686645508,60.30207061767578,91.1468505859375,88.15425872802734,2.15,-0.7,
2022-12-01,387.7496643066406,19.84000015258789,23.309999465942383,60.52536392211914,92.28728485107422,90.97039794921875,2.09,-0.72,
2022-12-02,387.3022766113281,19.059999465942383,22.959999084472656,60.47732162475586,92.84732055664062,92.11439514160156,2.03,-0.77,-0.181
2022-12-05,380.3350524902344,20.75,23.889999389648438,59.90107727050781,92.05818176269531,90.8241958618164,1.99,-0.81,
2022-12-06,374.8525695800781,22.170000076293945,24.719999313354492,59.6849479675293,92.33818817138672,91.99398040771484,1.97,-0.83,
2022-12-07,374.2148742675781,22.68000030517578,25.18000030517578,60.01313018798828,93.36494445800781,94.16158294677734,1.95,-0.84,
2022-12-08,377.1463928222656,22.290000915527344,24.729999542236328,60.061161041259766,93.06793212890625,93.9035415649414,1.91,-0.83,
2022-12-09,374.3291015625,22.829999923706055,25.209999084472656,60.061161041259766,92.37214660644531,91.460693359375,1.9,-0.76,-0.184
2022-12-12,379.7259216308594,25.0,25.670000076293945,60.29325485229492,92.25337982177734,91.75315856933594,1.88,-0.78,
2022-12-13,382.600341796875,22.549999237060547,24.290000915527344,60.91755294799805,93.05951690673828,92.63909149169922,1.91,-0.71,
2022-12-14,380.1542053222656,21.139999389648438,23.459999084472656,60.57338333129883,93.14434051513672,93.03477478027344,1.95,-0.74,
2022-12-15,370.85498046875,22.829999923706055,25.079999923706055,60.34489440917969,93.22264862060547,93.39779663085938,1.97,-0.79,
2022-12-16,366.4766540527344,22.6200008392334,25.149999618530273,60.02305221557617,92.82260131835938,92.35447692871094,1.98,-0.69,-0.19
2022-12-19,363.36907958984375,22.420000076293945,25.079999923706055,59.717288970947266,91.88639068603516,90.80243682861328,1.98,-0.68,
2022-12-20,363.8662109375,21.479999542236328,24.399999618530273,59.56444549560547,90.80547332763672,89.19007873535156,1.99,-0.56,
2022-12-21,369.306884765625,20.06999969482422,23.350000381469727,60.07131576538086,91.42676544189453,89.41423797607422,2.01,-0.53,
2022-12-22,364.0382995605469,21.969999313354492,24.780000686645508,59.70120620727539,91.40123748779297,89.39698791503906,1.99,-0.57,
2022-12-23,366.1324462890625,20.8700008392334,24.1299991607666,59.85408020019531,91.12037658691406,88.08638763427734,2.0,-0.56,-0.201
2022-12-27,364.6885070800781,21.649999618530273,24.43000030517578,59.23453903198242,89.94584655761719,86.34467315673828,2.02,-0.48,
2022-12-28,360.15625,22.139999389648438,24.579999923706055,58.43798828125,89.66497039794922,85.83592987060547,2.01,-0.43,
2022-12-29,366.63916015625,21.440000534057617,23.950000762939453,59.194313049316406,90.30333709716797,86.81027221679688,2.01,-0.51,
2022-12-30,365.67333984375,21.670000076293945,24.290000915527344,59.242584228515625,89.73307800292969,85.84455108642578,1.99,-0.53,-0.218
2023-01-03,364.1340026855469,22.899999618530273,24.579999923706055,59.35520935058594,90.35440826416016,87.48282623291016,2.03,-0.61,
2023-01-04,366.94512939453125,22.010000228881836,23.809999465942383,60.03914260864258,91.00973510742188,88.68132019042969,2.07,-0.67,
2023-01-05,362.75701904296875,22.459999084472656,24.06999969482422,59.91844940185547,90.94161987304688,89.05208587646484,2.03,-0.74,
2023-01-06,371.0758056640625,21.1299991607666,23.18000030517578,60.771324157714844,92.43110656738281,90.69035339355469,2.07,-0.69,-0.241
2023-01-09,370.8655090332031,21.969999313354492,23.739999771118164,60.98857498168945,92.79711151123047,91.1732177734375,2.02,-0.66,
2023-01-10,373.46630859375,20.579999923706055,22.739999771118164,60.91616439819336,92.48217010498047,89.66429901123047,2.02,-0.63,
2023-01-11,378.1898498535156,21.09000015258789,22.739999771118164,61.31843948364258,93.273681640625,91.12147521972656,1.99,-0.66,
2023-01-12,379.5667724609375,18.829999923706055,21.579999923706055,61.664432525634766,94.3291015625,92.9149169921875,1.97,-0.69,
2023-01-13,381.0392761230469,18.350000381469727,21.139999389648438,61.664432525634766,94.0226821899414,92.04407501220703,1.95,-0.73,-0.266
2023-01-17,380.34124755859375,19.360000610351562,21.450000762939453,61.45521926879883,93.6822280883789,91.44913482666016,1.91,-0.65,
2023-01-18,374.33642578125,20.34000015258789,22.270000457763672,61.52764129638672,94.7801742553711,93.66509246826172,1.96,-0.69,
2023-01-19,371.61126708984375,20.520000457763672,22.450000762939453,61.165584564208984,94.58441925048828,93.07875061035156,1.99,-0.7,
2023-01-20,378.5340881347656,19.850000381469727,21.719999313354492,61.28626251220703,94.09078979492188,91.56980895996094,1.98,-0.66,-0.287
2023-01-23,383.0760192871094,19.809999465942383,21.600000381469727,61.278236389160156,93.81839752197266,91.13872528076172,1.96,-0.69,
2023-01-24,382.664794921875,19.200000762939453,20.90999984741211,61.31843948364258,94.31204986572266,92.44929504394531,1.94,-0.66,
2023-01-25,382.8082275390625,19.079999923706055,20.940000534057617,61.31039047241211,94.3546142578125,92.67350006103516,1.96,-0.65,
2023-01-26,387.0154724121094,18.729999542236328,20.700000762939453,61.46330642700195,94.32057189941406,92.24240112304688,1.91,-0.68,
2023-01-27,387.9046630859375,18.510000228881836,20.469999313354492,61.278236389160156,94.04820251464844,92.00959014892578,1.88,-0.67,-0.304
2023-01-30,383.0377197265625,19.940000534057617,21.3700008392334,60.940284729003906,93.69074249267578,91.67329406738281,1.87,-0.7,
2023-01-31,388.6695861816406,19.399999618530273,20.809999465942383,61.41499710083008,94.3631362915039,92.40621185302734,1.9,-0.69,
2023-02-01,392.80029296875,17.8700008392334,19.969999313354492,62.0601806640625,95.3210220336914,93.51704406738281,1.91,-0.7,
2023-02-02,398.51824951171875,18.729999542236328,20.84000015258789,62.41593551635742,95.4576187133789,93.63806915283203,1.88,-0.69,
2023-02-03,394.28240966796875,18.329999923706055,20.780000686645508,61.76105499267578,94.37339782714844,92.23760986328125,1.83,-0.77,-0.312
2023-02-06,391.8728332519531,19.43000030517578,21.43000030517578,61.36489486694336,93.6476821899414,91.55471801757812,1.77,-0.81,
2023-02-07,396.99798583984375,18.65999984741211,20.780000686645508,61.58317947387695,93.34036254882812,90.81990814208984,1.78,-0.8,
2023-02-08,392.6568908691406,19.6299991607666,21.81999969482422,61.324462890625,93.43425750732422,91.25215911865234,1.83,-0.82,
2023-02-09,389.2529296875,20.709999084472656,22.5,60.92829513549805,92.64878845214844,90.38771057128906,1.84,-0.81,
2023-02-10,390.1612854003906,20.530000686645508,22.549999237060547,60.45935821533203,91.99994659423828,89.37630462646484,1.85,-0.76,-0.308
2023-02-13,394.74139404296875,20.34000015258789,21.969999313354492,60.612972259521484,92.3414535522461,90.12837982177734,1.84,-0.8,
2023-02-14,394.5597229003906,18.90999984741211,21.139999389648438,60.62913131713867,92.11091613769531,89.9208755493164,1.81,-0.83,
2023-02-15,395.8410949707031,18.229999542236328,20.68000030517578,60.532108306884766,91.7608871459961,89.0823745727539,1.82,-0.81,
2023-02-16,390.39080810546875,20.170000076293945,21.8799991607666,60.047035217285156,91.02668762207031,87.82025146484375,1.84,-0.76,
2023-02-17,389.41546630859375,20.020000457763672,21.770000457763672,60.28151321411133,91.38526916503906,88.5031967163086,1.89,-0.78,-0.293
2023-02-21,381.6034851074219,22.8700008392334,23.3799991607666,59.35171890258789,90.08756256103516,86.78289031982422,1.87,-0.72,
2023-02-22,381.0775146484375,22.290000915527344,22.68000030517578,59.73979568481445,90.34368133544922,87.5782241821289,1.85,-0.73,
2023-02-23,383.1046447753906,21.139999389648438,21.739999771118164,60.33000946044922,91.0522689819336,88.43402862548828,1.86,-0.78,
2023-02-24,379.01220703125,21.670000076293945,22.43000030517578,59.966156005859375,90.36927795410156,87.2843017578125,1.86,-0.83,-0.267
2023-02-27,380.30303955078125,20.950000762939453,21.59000015258789,60.370418548583984,90.3949203491211,87.52633666992188,1.87,-0.86,
2023-02-28,378.89739990234375,20.700000762939453,21.31999969482422,60.25723648071289,90.4290542602539,87.9239730834961,1.9,-0.89,
2023-03-01,377.44403076171875,20.579999923706055,21.360000610351562,60.08642578125,89.86530303955078,86.97942352294922,1.84,-0.88,
2023-03-02,380.3795166015625,19.59000015258789,20.6299991607666,60.15961456298828,89.94242095947266,86.20816802978516,1.82,-0.81,
2023-03-03,386.4800109863281,18.489999771118164,19.979999542236328,60.777828216552734,90.96195983886719,88.296630859375,1.79,-0.89,-0.235
2023-03-06,386.74774169921875,18.610000610351562,19.989999771118164,60.777828216552734,90.71348571777344,87.61202239990234,1.79,-0.91,
2023-03-07,380.81939697265625,19.59000015258789,20.59000015258789,60.34670639038086,90.45647430419922,88.1493148803711,1.79,-1.03,
2023-03-08,381.44091796875,19.110000610351562,20.190000534057617,60.062015533447266,90.31083679199219,88.23595428466797,1.79,-1.07,
2023-03-09,374.4033508300781,22.610000610351562,22.8700008392334,59.72853088378906,90.22515106201172,88.4526138305664,1.85,-0.97,
2023-03-10,369.00091552734375,24.799999237060547,25.389999389648438,59.736656188964844,91.51887512207031,91.50302124023438,1.96,-0.9,-0.202
2023-03-13,368.47503662109375,26.520000457763672,26.639999389648438,59.411293029785156,91.5959701538086,91.71099853515625,2.14,-0.48,
2023-03-14,374.56591796875,23.729999542236328,24.8700008392334,59.842403411865234,91.32179260253906,90.20311737060547,2.11,-0.56,
2023-03-15,372.2232971191406,26.139999389648438,27.200000762939453,59.64718246459961,92.19567108154297,91.94497680664062,2.22,-0.42,
2023-03-16,378.75390625,22.989999771118164,24.559999465942383,60.037601470947266,92.05862426757812,91.2257080078125,2.16,-0.58,
2023-03-17,374.3254089355469,25.510000228881836,27.420000076293945,59.679710388183594,92.52127075195312,92.59490203857422,2.21,-0.42,-0.17
2023-03-20,377.9246826171875,24.149999618530273,25.850000381469727,59.517032623291016,92.24708557128906,91.78033447265625,2.19,-0.45,
2023-03-21,382.8870544433594,21.3799991607666,23.56999969482422,60.16777420043945,92.692626953125,90.99171447753906,2.11,-0.58,
2023-03-22,376.3601989746094,22.260000228881836,24.3799991607666,60.2247200012207,93.23235321044922,92.2049560546875,2.16,-0.48,
2023-03-23,377.37762451171875,22.610000610351562,24.530000686645508,59.988826751708984,93.49796295166016,92.2049560546875,2.26,-0.38,
2023-03-24,379.85400390625,21.739999771118164,23.959999084472656,59.8668212890625,93.78926086425781,92.59490203857422,2.24,-0.38,-0.151
2023-03-27,380.5643005371094,20.600000381469727,22.8700008392334,59.720375061035156,92.66691589355469,90.41975402832031,2.19,-0.41,
2023-03-28,379.7099914550781,19.969999313354492,22.3799991607666,59.687870025634766,92.5126953125,90.58441925048828,2.19,-0.47,
2023-03-29,385.2290344238281,19.1200008392334,21.489999771118164,60.43620681762695,92.94108581542969,90.40242004394531,2.15,-0.51,
2023-03-30,387.4847106933594,19.020000457763672,21.450000762939453,60.7940673828125,93.06958770751953,90.81839752197266,2.11,-0.55,
2023-03-31,392.9461669921875,18.700000762939453,21.229999542236328,61.452938079833984,93.90921783447266,92.178955078125,2.11,-0.58,-0.146
2023-04-03,394.4433898925781,18.549999237060547,20.829999923706055,61.40552520751953,94.4764175415039,92.61247253417969,2.11,-0.54,
2023-04-04,392.2550964355469,19.0,21.34000015258789,61.22580337524414,94.59674835205078,93.07289123535156,2.1,-0.49,
2023-04-05,391.22802734375,19.079999923706055,21.479999542236328,60.88261795043945,94.90611267089844,94.04597473144531,2.14,-0.49,
2023-04-06,392.7541809082031,18.399999618530273,21.0,61.15227127075195,94.8201904296875,94.28923797607422,2.11,-0.52,
2023-04-10,393.1572265625,18.969999313354492,21.06999969482422,61.09505844116211,94.38189697265625,92.76883697509766,2.09,-0.59,
2023-04-11,393.26287841796875,19.100000381469727,21.010000228881836,61.22580337524414,94.35610961914062,92.95999145507812,2.05,-0.6,
2023-04-12,391.659912109375,19.09000015258789,21.049999237060547,61.20946502685547,94.15846252441406,92.86441040039062,2.08,-0.54,
2023-04-13,396.8622741699219,17.799999237060547,20.260000228881836,61.62615966796875,94.32173919677734,92.1346206665039,2.07,-0.51,
2023-04-14,395.892822265625,17.06999969482422,20.030000686645508,61.51176834106445,94.01236724853516,91.29190063476562,2.05,-0.56,-0.161
2023-04-17,397.3133544921875,16.950000762939453,19.649999618530273,61.348350524902344,93.41934967041016,90.2059326171875,2.02,-0.58,
2023-04-18,397.572509765625,16.829999923706055,19.81999969482422,61.389190673828125,93.72871398925781,90.52738189697266,2.01,-0.61,
2023-04-19,397.5053405761719,16.459999084472656,20.020000457763672,61.14406204223633,93.2646255493164,90.44050598144531,2.01,-0.64,
2023-04-20,395.3360900878906,17.170000076293945,20.549999237060547,61.08689880371094,93.61701202392578,91.2137451171875,2.05,-0.6,
2023-04-21,395.6432189941406,16.770000457763672,20.389999389648438,61.274803161621094,93.67715454101562,90.70114135742188,2.04,-0.6,-0.175
2023-04-24,396.0559997558594,16.889999389648438,20.399999618530273,61.446407318115234,94.08970642089844,91.57861328125,2.04,-0.6,
2023-04-25,389.76904296875,18.760000228881836,21.649999618530273,61.348350524902344,94.50221252441406,92.92524719238281,2.09,-0.46,
2023-04-26,388.1181945800781,18.84000015258789,21.540000915527344,61.111412048339844,94.08970642089844,91.934814453125,2.11,-0.47,
2023-04-27,395.8448181152344,17.030000686645508,20.3700008392334,61.3156852722168,93.74589538574219,91.02259063720703,2.07,-0.54,
2023-04-28,399.22344970703125,15.779999732971191,19.540000915527344,61.57716369628906,94.4764175415039,92.49083709716797,2.08,-0.6,-0.187
2023-05-01,398.8203125,16.079999923706055,19.670000076293945,61.294857025146484,92.95182800292969,89.82390594482422,2.06,-0.55,
2023-05-02,394.3378601074219,17.780000686645508,20.75,61.23741149902344,94.0728530883789,92.06232452392578,2.16,-0.53,
2023-05-03,391.6311340332031,18.34000015258789,21.290000915527344,61.20455551147461,94.22808837890625,92.57618713378906,2.2,-0.51,
2023-05-04,388.85723876953125,20.09000015258789,22.770000457763672,61.02400588989258,93.96937561035156,91.6616439819336,2.24,-0.38,
2023-05-05,396.0559997558594,17.190000534057617,20.780000686645508,61.352272033691406,93.59854888916016,91.35681915283203,2.2,-0.48,-0.196
2023-05-08,396.1615295410156,16.979999542236328,20.709999084472656,61.179969787597656,92.92594909667969,90.07649230957031,2.2,-0.48,
2023-05-09,394.4242248535156,17.709999084472656,21.170000076293945,61.02400588989258,92.89144897460938,89.75421905517578,2.21,-0.48,
2023-05-10,396.2671203613281,16.940000534057617,20.690000534057617,61.39330291748047,93.6244125366211,90.62521362304688,2.26,-0.47,
2023-05-11,395.5760498046875,16.93000030517578,20.6200008392334,61.294857025146484,93.98661041259766,91.58328247070312,2.25,-0.5,
2023-05-12,395.0577087402344,17.030000686645508,20.65999984741211,61.07324981689453,93.40882873535156,90.81680297851562,2.21,-0.52,-0.204
2023-05-15,396.4206848144531,17.1200008392334,20.309999465942383,61.05686950683594,92.90869903564453,89.87617492675781,2.27,-0.49,
2023-05-16,393.7716064453125,17.989999771118164,20.899999618530273,60.63011169433594,92.44302368164062,89.60614776611328,2.28,-0.52,
2023-05-17,398.5515441894531,16.8700008392334,20.049999237060547,60.79423141479492,92.43440246582031,89.34490203857422,2.26,-0.55,
2023-05-18,402.390869140625,16.049999237060547,19.329999923706055,60.82706069946289,92.04634857177734,88.68290710449219,2.2,-0.59,
2023-05-19,401.805419921875,16.809999465942383,20.040000915527344,60.89271545410156,91.93424987792969,88.05580139160156,2.18,-0.58,-0.209
2023-05-22,401.96856689453125,17.209999084472656,20.360000610351562,61.16352462768555,91.89976501464844,87.74227905273438,2.19,-0.57,
2023-05-23,397.4573669433594,18.530000686645508,21.059999465942383,60.843475341796875,92.0894775390625,87.994873046875,2.19,-0.56,
2023-05-24,394.5778503417969,20.030000686645508,22.020000457763672,60.41674041748047,91.727294921875,87.55936431884766,2.18,-0.58,
2023-05-25,397.9948425292969,19.139999389648438,21.3799991607666,60.375694274902344,91.42546081542969,87.34159851074219,2.1,-0.67,
2023-05-26,403.1491394042969,17.950000762939453,20.440000534057617,60.744998931884766,91.81350708007812,88.047119140625,2.1,-0.74,-0.211
2023-05-30,403.3027038574219,17.459999084472656,20.1299991607666,61.00759506225586,92.50337219238281,88.92678833007812,2.14,-0.77,
2023-05-31,401.0662536621094,17.940000534057617,20.209999084472656,60.818843841552734,92.80520629882812,89.70199584960938,2.16,-0.76,
2023-06-01,404.8768005371094,15.649999618530273,18.75,61.18415451049805,93.08983612060547,90.05388641357422,2.15,-0.72,
2023-06-02,410.7318115234375,14.600000381469727,17.920000076293945,61.49750518798828,92.83893585205078,89.06709289550781,2.11,-0.81,-0.214
2023-06-05,409.9447021484375,14.729999542236328,17.899999618530273,61.44801330566406,92.63996887207031,88.90118408203125,2.1,-0.77,
2023-06-06,410.83734130859375,13.960000038146973,17.040000915527344,61.546974182128906,92.8216552734375,89.42512512207031,2.08,-0.81,
2023-06-07,409.41680908203125,13.9399995803833,17.139999389648438,61.208892822265625,91.99111938476562,88.09771728515625,2.06,-0.77,
2023-06-08,411.8932189941406,13.649999618530273,16.860000610351562,61.5964469909668,92.60536193847656,89.12820434570312,2.07,-0.79,
2023-06-09,412.63232421875,13.829999923706055,16.959999084472656,61.61294937133789,92.3631362915039,89.00598907470703,2.05,-0.84,-0.215
2023-06-12,416.3757019042969,15.010000228881836,17.280000686645508,61.546974182128906,92.65725708007812,89.2679443359375,2.1,-0.82,
2023-06-13,419.1207275390625,14.609999656677246,17.229999542236328,61.62118911743164,92.24198150634766,88.38591766357422,2.0,-0.83,
2023-06-14,419.619873046875,13.880000114440918,16.860000610351562,61.645896911621094,92.52751922607422,89.0932846069336,1.94,-0.91,
2023-06-15,424.8221130371094,14.5,17.18000030517578,61.942752838134766,93.33208465576172,89.9491195678711,2.02,-0.9,
2023-06-16,423.3752136230469,13.539999961853027,16.75,61.78610610961914,93.16768646240234,89.59976959228516,1.96,-0.93,-0.217
2023-06-20,421.1785888671875,13.880000114440918,17.299999237060547,61.62118911743164,93.50511169433594,90.2198257446289,1.95,-0.94,
2023-06-21,419.0205993652344,13.199999809265137,16.889999389648438,61.46450424194336,93.40128326416016,90.43815612792969,1.96,-0.96,
2023-06-22,420.5331115722656,12.90999984741211,16.559999465942383,61.283111572265625,92.91681671142578,89.34654998779297,1.94,-0.97,
2023-06-23,417.3538818359375,13.4399995803833,16.8700008392334,61.1759033203125,93.17634582519531,90.23729705810547,1.96,-0.97,-0.221
2023-06-26,415.648681640625,14.25,17.049999237060547,61.208892822265625,93.28018188476562,90.33335876464844,1.98,-0.93,
2023-06-27,420.2055358886719,13.739999771118164,16.440000534057617,61.415035247802734,93.17634582519531,90.09757232666016,1.94,-0.97,
2023-06-28,420.41754150390625,13.430000305175781,15.899999618530273,61.76960754394531,93.58297729492188,90.4818115234375,1.96,-1.0,
2023-06-29,422.0744934082031,13.539999961853027,16.100000381469727,61.60469436645508,92.87354278564453,88.8487777709961,1.92,-1.02,
2023-06-30,427.05535888671875,13.59000015258789,16.020000457763672,61.90154266357422,93.5570297241211,89.896728515625,1.88,-1.06,-0.227
2023-07-03,427.5466613769531,13.569999694824219,16.06999969482422,61.80453872680664,93.29491424560547,89.38711547851562,1.85,-1.08,
2023-07-05,426.9108581542969,14.180000305175781,16.510000228881836,61.61384582519531,92.62661743164062,88.53768920898438,1.83,-0.99,
2023-07-06,423.5678405761719,15.4399995803833,17.520000457763672,61.166194915771484,91.68922424316406,87.28551483154297,1.8,-0.94,
2023-07-07,422.49847412109375,14.829999923706055,17.239999771118164,61.22420883178711,91.60242462158203,86.7601089477539,1.81,-0.88,-0.236
2023-07-10,423.5678405761719,15.069999694824219,17.25,61.530967712402344,92.07978820800781,86.87397003173828,1.86,-0.84,
2023-07-11,426.26531982421875,14.84000015258789,16.969999313354492,61.86260223388672,92.51377868652344,87.32054138183594,1.84,-0.89,
2023-07-12,429.6949768066406,13.539999961853027,16.110000610351562,62.34339904785156,93.3296127319336,88.29251861572266,1.88,-0.86,
2023-07-13,433.1054992675781,13.609999656677246,16.1200008392334,62.71647262573242,93.98926544189453,89.22069549560547,1.91,-0.83,
2023-07-14,432.835693359375,13.34000015258789,16.040000915527344,62.2605094909668,93.26020812988281,88.69530487060547,1.87,-0.91,-0.249
2023-07-17,434.338623046875,13.479999542236328,16.270000457763672,62.37655258178711,93.4164047241211,88.73909759521484,1.9,-0.93,
2023-07-18,437.5660400390625,13.300000190734863,16.1299991607666,62.55068588256836,93.6507568359375,89.14189147949219,1.89,-0.94,
2023-07-19,438.5390319824219,13.760000228881836,16.559999465942383,62.60041427612305,94.1801986694336,90.1489028930664,1.87,-0.99,
2023-07-20,435.6295471191406,13.989999771118164,16.65999984741211,62.32682800292969,93.54660034179688,89.05433654785156,1.85,-0.95,
2023-07-21,435.6295471191406,13.600000381469727,16.399999618530273,62.4843635559082,93.71153259277344,89.08063507080078,1.85,-0.98,-0.264
2023-07-24,437.5757141113281,13.90999984741211,16.260000228881836,62.37655258178711,93.59867858886719,88.7566146850586,1.84,-0.95,
2023-07-25,438.7702331542969,13.859999656677246,16.219999313354492,62.33512496948242,93.45114135742188,88.59024810791016,1.81,-0.94,
2023-07-26,438.83770751953125,13.1899995803833,15.789999961853027,62.58383560180664,93.88509368896484,88.67781066894531,1.83,-0.96,
2023-07-27,435.92816162109375,14.40999984741211,16.6299991607666,62.086421966552734,92.73941040039062,86.95276641845703,1.78,-0.9,
2023-07-28,440.19610595703125,13.329999923706055,15.920000076293945,62.44291305541992,93.34696960449219,87.39933013916016,1.8,-0.91,-0.28
2023-07-31,441.0342712402344,13.630000114440918,16.010000228881836,62.59211730957031,93.60735321044922,87.6095199584961,1.77,-0.91,
2023-08-01,439.7721862792969,13.930000305175781,16.34000015258789,62.282249450683594,92.67461395263672,86.173828125,1.77,-0.87,
2023-08-02,433.6546325683594,16.09000015258789,17.959999084472656,62.01570129394531,92.10851287841797,85.25186157226562,1.82,-0.8,
2023-08-03,432.41180419921875,15.920000076293945,17.719999313354492,61.815799713134766,91.28114318847656,83.2850112915039,1.84,-0.7,
2023-08-04,430.45611572265625,17.100000381469727,18.610000610351562,62.18231201171875,92.23043060302734,84.76013946533203,1.9,-0.73,-0.297
2023-08-07,434.2133483886719,15.770000457763672,17.719999313354492,62.29890441894531,92.00399017333984,83.92599487304688,1.9,-0.67,
2023-08-08,432.32513427734375,15.989999771118164,18.1299991607666,62.43218994140625,92.36976623535156,84.90064239501953,1.93,-0.72,
2023-08-09,429.43487548828125,15.960000038146973,18.049999237060547,62.44051742553711,92.45687866210938,85.33971405029297,1.92,-0.79,
2023-08-10,429.5890808105469,15.850000381469727,18.15999984741211,62.42387008666992,91.80369567871094,83.93476104736328,1.89,-0.73,
2023-08-11,429.33856201171875,14.84000015258789,17.559999465942383,62.33222579956055,91.49015808105469,83.74160766601562,1.87,-0.73,-0.312
2023-08-14,431.7085876464844,14.819999694824219,17.40999984741211,62.323917388916016,91.45533752441406,83.55719757080078,1.84,-0.77,
2023-08-15,426.67962646484375,16.459999084472656,18.59000015258789,62.123992919921875,90.97631072998047,83.04791259765625,1.86,-0.71,
2023-08-16,423.548583984375,16.780000686645508,18.969999313354492,61.932403564453125,90.56697845458984,82.39816284179688,1.84,-0.69,
2023-08-17,420.3211364746094,17.889999389648438,19.829999923706055,61.67416763305664,90.32311248779297,82.04690551757812,1.87,-0.64,
2023-08-18,420.5234680175781,17.299999237060547,19.239999771118164,61.715824127197266,90.66279602050781,82.336669921875,1.89,-0.66,-0.325
2023-08-21,423.2594909667969,17.1299991607666,18.770000457763672,61.69915771484375,90.1228256225586,81.23909759521484,1.88,-0.63,
2023-08-22,422.1130676269531,16.969999313354492,18.719999313354492,61.73248291015625,90.40149688720703,81.8625259399414,1.82,-0.68,
2023-08-23,426.81451416015625,15.979999542236328,17.940000534057617,62.2322883605957,91.67305755615234,83.890869140625,1.83,-0.76,
2023-08-24,420.89923095703125,17.200000762939453,18.75,61.89075469970703,91.3595199584961,83.33768463134766,1.8,-0.75,
2023-08-25,423.8664245605469,15.680000305175781,17.719999313354492,62.14898681640625,91.41178894042969,83.6098861694336,1.76,-0.78,-0.333
2023-08-28,426.5543518066406,15.079999923706055,17.1200008392334,62.38222122192383,91.69917297363281,83.69771575927734,1.82,-0.78,
2023-08-29,432.72015380859375,14.449999809265137,16.559999465942383,62.77372360229492,92.43074035644531,84.56698608398438,1.84,-0.75,
2023-08-30,434.5023193359375,13.880000114440918,16.18000030517578,62.74871826171875,92.30013275146484,84.47917938232422,1.82,-0.78,
2023-08-31,433.8666076660156,13.569999694824219,15.920000076293945,62.70708084106445,92.45687866210938,84.85674285888672,1.83,-0.76,
2023-09-01,434.6758117675781,13.09000015258789,15.739999771118164,62.825069427490234,91.79875183105469,83.53479766845703,1.82,-0.69,-0.338
2023-09-05,432.79718017578125,14.010000228881836,16.239999771118164,62.41500473022461,91.1431884765625,82.36345672607422,1.84,-0.67,
2023-09-06,429.8876953125,14.449999809265137,16.610000610351562,62.26435852050781,91.05580139160156,82.56603240966797,1.79,-0.71,
2023-09-07,428.5679016113281,14.399999618530273,16.579999923706055,62.473594665527344,91.4578857421875,82.79500579833984,1.81,-0.67,
2023-09-08,429.21331787109375,13.84000015258789,16.139999389648438,62.4484977722168,91.52778625488281,83.1120834350586,1.79,-0.72,-0.337
2023-09-11,432.0361328125,13.800000190734863,16.020000457763672,62.55725860595703,91.35299682617188,82.51321411132812,1.8,-0.68,
2023-09-12,429.6661071777344,14.229999542236328,16.25,62.45684814453125,91.3267822265625,82.98878479003906,1.79,-0.71,
2023-09-13,430.1671447753906,13.479999542236328,15.920000076293945,62.62421798706055,91.52778625488281,82.97116088867188,1.81,-0.71,
2023-09-14,433.876220703125,12.819999694824219,15.34000015258789,62.69954299926758,91.36172485351562,82.3722915649414,1.8,-0.71,
2023-09-15,428.648681640625,13.789999961853027,16.020000457763672,62.46523666381836,91.22187805175781,81.87024688720703,1.78,-0.69,-0.332
2023-09-18,428.9001159667969,14.0,16.1299991607666,62.5070686340332,91.39668273925781,82.33706665039062,1.77,-0.73,
2023-09-19,428.0106201171875,14.109999656677246,16.1299991607666,62.31456756591797,91.09076690673828,81.72938537597656,1.75,-0.71,
2023-09-20,424.07574462890625,15.140000343322754,16.809999465942383,62.26435852050781,91.1257553100586,81.98475646972656,1.73,-0.77,
2023-09-21,417.0664978027344,17.540000915527344,18.239999771118164,61.82081604003906,90.20801544189453,79.8798828125,1.66,-0.63,
2023-09-22,416.12872314453125,17.200000762939453,18.09000015258789,61.929603576660156,90.7586441040039,80.52276611328125,1.73,-0.66,-0.323
2023-09-25,417.8785705566406,16.899999618530273,18.020000457763672,61.84592819213867,89.87591552734375,78.54122924804688,1.75,-0.54,
2023-09-26,411.73944091796875,18.940000534057617,19.719999313354492,61.578125,89.62244415283203,78.26821899414062,1.77,-0.48,
2023-09-27,411.90374755859375,18.219999313354492,19.110000610351562,61.494441986083984,89.2028579711914,77.86304473876953,1.77,-0.49,
2023-09-28,414.291748046875,17.34000015258789,18.3799991607666,61.7873420715332,89.36019897460938,78.10087585449219,1.8,-0.45,
2023-09-29,413.2862854003906,17.520000457763672,18.510000228881836,61.695289611816406,89.16792297363281,78.10968017578125,1.78,-0.44,-0.31
2023-10-02,413.1219482421875,17.610000610351562,18.6200008392334,61.320899963378906,88.35101318359375,76.80208587646484,1.78,-0.43,
2023-10-03,407.5918273925781,19.780000686645508,20.40999984741211,60.698341369628906,87.33316040039062,75.14996337890625,1.82,-0.34,
2023-10-04,410.55999755859375,18.579999923706055,19.520000457763672,61.00962829589844,88.09657287597656,76.21016693115234,1.83,-0.32,
2023-10-05,410.4052429199219,18.489999771118164,19.5,61.06852340698242,87.99127960205078,75.83026123046875,1.85,-0.31,
2023-10-06,415.2779541015625,17.450000762939453,18.729999542236328,61.152652740478516,87.72801208496094,74.91140747070312,1.84,-0.3,-0.299
2023-10-09,417.9366149902344,17.700000762939453,18.809999465942383,61.6069450378418,88.81605529785156,76.6695785522461,,,
2023-10-10,420.1119689941406,17.030000686645508,18.270000457763672,61.590110778808594,88.85116577148438,76.56354522705078,1.83,-0.3,
2023-10-11,421.83282470703125,16.09000015258789,17.6299991607666,61.58171463012695,89.39519500732422,78.16267395019531,1.82,-0.41,
2023-10-12,419.2610778808594,16.690000534057617,18.09000015258789,61.25358963012695,88.46508026123047,76.04230499267578,1.83,-0.36,
2023-10-13,417.1728210449219,19.31999969482422,20.56999969482422,61.2031364440918,88.95645904541016,77.40287780761719,1.82,-0.41,-0.289
2023-10-16,421.5621032714844,17.209999084472656,18.790000915527344,61.18632125854492,88.34223175048828,76.15714263916016,1.83,-0.38,
2023-10-17,421.54278564453125,17.8799991607666,19.260000228881836,60.90027618408203,87.64028930664062,75.31784057617188,1.8,-0.36,
2023-10-18,415.92559814453125,19.219999313354492,20.469999313354492,60.6058235168457,86.93832397460938,74.65522003173828,1.78,-0.28,
2023-10-19,412.27117919921875,21.399999618530273,22.190000534057617,60.3870964050293,86.236328125,73.12677764892578,1.82,-0.16,
2023-10-20,407.2051696777344,21.709999084472656,22.440000534057617,60.513282775878906,86.57855987548828,73.54200744628906,1.88,-0.14,-0.283
2023-10-23,406.4993896484375,20.3700008392334,21.329999923706055,60.757240295410156,87.25418853759766,74.42550659179688,1.85,-0.19,
2023-10-24,409.5641784667969,18.969999313354492,20.209999084472656,61.06852340698242,87.74556732177734,75.40615844726562,1.84,-0.19,
2023-10-25,403.6860046386719,20.190000534057617,21.329999923706055,60.74041748046875,86.94708251953125,73.7275390625,1.83,-0.13,
2023-10-26,398.8520202636719,20.68000030517578,21.56999969482422,60.950748443603516,87.57886505126953,74.85844421386719,1.82,-0.16,
2023-10-27,397.0440979003906,21.270000457763672,22.270000457763672,60.875038146972656,87.40337371826172,74.54036712646484,1.88,-0.15,-0.283
2023-10-30,401.7910461425781,19.75,20.799999237060547,60.891849517822266,87.14012908935547,74.20459747314453,1.86,-0.15,
2023-10-31,404.314453125,18.139999389648438,19.489999771118164,61.05170440673828,87.01728057861328,73.8424072265625,1.85,-0.19,
2023-11-01,408.6263732910156,16.8700008392334,18.549999237060547,61.63360595703125,88.2625961303711,75.44346618652344,1.91,-0.18,
2023-11-02,416.4573974609375,15.65999984741211,17.799999237060547,62.32715606689453,89.31057739257812,77.163330078125,1.84,-0.31,
2023-11-03,420.25689697265625,14.90999984741211,17.219999313354492,62.9361572265625,89.75094604492188,77.68636322021484,1.86,-0.26,-0.288
2023-11-06,421.2236633300781,14.890000343322754,17.030000686645508,62.68238830566406,89.2753677368164,76.93282318115234,1.84,-0.26,
2023-11-07,422.42254638671875,14.8100004196167,16.920000076293945,62.690860748291016,89.98873901367188,78.06758117675781,1.83,-0.33,
2023-11-08,422.7319641113281,14.449999809265137,16.639999389648438,62.724693298339844,90.44666290283203,79.39737701416016,1.84,-0.44,
2023-11-09,419.4351501464844,15.289999961853027,17.299999237060547,62.335628509521484,89.53077697753906,77.57112884521484,1.83,-0.41,
2023-11-10,425.98028564453125,14.170000076293945,16.520000457763672,62.640098571777344,89.97991180419922,78.0055160522461,1.8,-0.43,-0.297
2023-11-13,425.5743408203125,14.760000228881836,16.610000610351562,62.58091735839844,89.98873901367188,77.8282241821289,1.79,-0.39,
2023-11-14,433.83074951171875,14.15999984741211,16.290000915527344,63.21522521972656,91.3978042602539,79.5924301147461,1.83,-0.36,
2023-11-15,434.74920654296875,14.180000305175781,16.280000686645508,63.01224136352539,90.92225646972656,78.47537231445312,1.8,-0.37,
2023-11-16,435.2809143066406,14.319999694824219,16.139999389648438,63.09684753417969,91.67085266113281,79.45056915283203,1.81,-0.38,
2023-11-17,435.82232666015625,13.800000190734863,15.850000381469727,63.240631103515625,91.9350357055664,79.82292938232422,1.78,-0.44,-0.308
2023-11-20,439.1771545410156,13.40999984741211,15.6899995803833,63.30828094482422,92.30493927001953,80.31048583984375,1.76,-0.47,
2023-11-21,438.2200012207031,13.350000381469727,15.5,63.39287567138672,92.33134460449219,80.2750473022461,1.77,-0.45,
2023-11-22,439.9118957519531,12.850000381469727,15.479999542236328,63.502830505371094,92.70124816894531,80.55873107910156,1.71,-0.47,
2023-11-24,440.1825866699219,12.460000038146973,15.119999885559082,63.43517303466797,92.22567749023438,79.61014556884766,1.72,-0.45,-0.32
2023-11-27,439.38983154296875,12.6899995803833,15.34000015258789,63.5282096862793,92.9742660522461,80.93994140625,1.71,-0.45,
2023-11-28,439.8248291015625,12.6899995803833,15.239999771118164,63.80733108520508,93.34416198730469,81.09949493408203,1.75,-0.39,
2023-11-29,439.5155944824219,12.979999542236328,15.510000228881836,64.15412139892578,94.10153198242188,82.11901092529297,1.72,-0.37,
2023-11-30,441.2460632324219,12.920000076293945,15.4399995803833,64.03568267822266,93.60835266113281,81.1704330444336,1.67,-0.36,
2023-12-01,443.8564453125,12.630000114440918,15.359999656677246,64.5658950805664,94.73538970947266,82.69917297363281,1.71,-0.34,-0.331
2023-12-04,441.5264587402344,13.079999923706055,15.680000305175781,64.40444946289062,94.30226135253906,82.37015533447266,1.67,-0.36,
2023-12-05,441.4394226074219,12.850000381469727,15.569999694824219,64.46389770507812,95.05366516113281,84.13992309570312,1.65,-0.39,
2023-12-06,439.66058349609375,12.970000267028809,15.739999771118164,64.472412109375,95.4072494506836,85.26048278808594,1.63,-0.48,
2023-12-07,443.0153503417969,13.0600004196167,15.649999618530273,64.5828857421875,95.41609191894531,84.7713394165039,1.63,-0.44,
2023-12-08,444.9199523925781,12.350000381469727,15.15999984741211,64.45543670654297,94.90336608886719,84.07768249511719,1.61,-0.48,-0.34
2023-12-11,446.65045166015625,12.630000114440918,15.1899995803833,64.41293334960938,94.87683868408203,83.89979553222656,1.61,-0.48,
2023-12-12,448.6904296875,12.069999694824219,14.829999923706055,64.55738067626953,95.41609191894531,84.1488265991211,1.6,-0.53,
2023-12-13,454.8778991699219,12.1899995803833,14.65999984741211,65.54300689697266,97.01605987548828,86.12313842773438,1.61,-0.42,
2023-12-14,456.3377990722656,12.479999542236328,14.789999961853027,65.83245086669922,98.04782104492188,88.36347198486328,1.57,-0.45,
2023-12-15,455.5863952636719,12.279999732971191,15.130000114440918,65.68727111816406,97.90587615966797,88.46158599853516,1.57,-0.53,-0.349
2023-12-18,458.1491394042969,12.5600004196167,15.470000267028809,65.73001098632812,97.497802734375,87.75678253173828,1.58,-0.48,
2023-12-19,460.9350891113281,12.529999732971191,15.640000343322754,65.91783142089844,97.62200927734375,88.22962188720703,1.57,-0.48,
2023-12-20,454.54779052734375,13.670000076293945,16.579999923706055,65.9263687133789,97.87926483154297,88.82737731933594,1.63,-0.48,
2023-12-21,458.8577575683594,13.649999618530273,16.299999237060547,66.22525024414062,97.84375,88.26531982421875,1.64,-0.44,
2023-12-22,459.7799987792969,13.029999732971191,15.989999771118164,66.14837646484375,97.67521667480469,87.86381530761719,1.65,-0.41,-0.358
2023-12-26,461.7213439941406,12.989999771118164,15.880000114440918,66.27645874023438,97.87926483154297,88.11363983154297,1.64,-0.37,
2023-12-27,462.5561828613281,12.430000305175781,15.270000457763672,66.5496826171875,98.79302978515625,89.67497253417969,1.64,-0.41,
2023-12-28,462.73089599609375,12.470000267028809,15.229999542236328,66.33623504638672,98.53575897216797,89.0236587524414,1.62,-0.42,
2023-12-29,461.3913269042969,12.449999809265137,15.260000228881836,66.080078125,98.1720199584961,88.2206802368164,1.61,-0.35,-0.367
2024-01-02,458.8092346191406,13.199999809265137,15.479999542236328,65.85807037353516,97.50665283203125,87.71215057373047,1.62,-0.38,
2024-01-03,455.0622863769531,14.039999961853027,16.040000915527344,65.67875671386719,97.28488159179688,88.07793426513672,1.66,-0.42,
2024-01-04,453.596435546875,14.130000114440918,16.040000915527344,65.42261505126953,96.74371337890625,86.73965454101562,1.65,-0.39,
2024-01-05,454.2177734375,13.350000381469727,15.510000228881836,65.4738540649414,96.3977279663086,85.90991973876953,1.65,-0.35,-0.375
2024-01-08,460.7021179199219,13.079999923706055,15.140000343322754,65.84097290039062,97.13404083251953,86.7574691772461,1.65,-0.35,
2024-01-09,460.00323486328125,12.760000228881836,14.899999618530273,65.94344329833984,97.30260467529297,86.204345703125,1.63,-0.34,
2024-01-10,462.60467529296875,12.6899995803833,14.729999542236328,66.06298828125,97.17840576171875,85.8028335571289,1.59,-0.33,
2024-01-11,462.4009094238281,12.4399995803833,14.5600004196167,66.27645874023438,97.76393127441406,86.28461456298828,1.63,-0.28,
2024-01-12,462.7211608886719,12.699999809265137,14.9399995803833,66.34474182128906,97.97685241699219,86.11510467529297,1.64,-0.18,-0.383
2024-01-16,461.0224609375,13.84000015258789,15.739999771118164,65.9263687133789,96.9832534790039,84.5983657836914,1.65,-0.15,
2024-01-17,458.4597473144531,14.789999961853027,16.3799991607666,65.64460754394531,96.77918243408203,84.46451568603516,1.63,-0.24,
2024-01-18,462.5367431640625,14.130000114440918,15.84000015258789,65.78120422363281,96.5928726196289,83.67941284179688,1.62,-0.2,
2024-01-19,468.30279541015625,13.300000190734863,15.260000228881836,65.89224243164062,96.69049835205078,83.94702911376953,1.59,-0.24,-0.39
2024-01-22,469.29302978515625,13.1899995803833,14.970000267028809,65.94344329833984,96.95663452148438,84.44668579101562,1.59,-0.26,
2024-01-23,470.6616516113281,12.550000190734863,14.520000457763672,65.86661529541016,96.601806640625,83.77753448486328,1.62,-0.17,
2024-01-24,471.1761169433594,13.140000343322754,14.970000267028809,65.83245086669922,96.41545867919922,83.28683471679688,1.61,-0.16,
2024-01-25,473.73876953125,13.449999809265137,15.100000381469727,66.33623504638672,97.0542221069336,83.83106994628906,1.6,-0.14,
2024-01-26,473.1370544433594,13.260000228881836,15.029999732971191,66.28500366210938,96.77918243408203,83.67048645019531,1.58,-0.19,-0.396
2024-01-29,476.8839416503906,13.600000381469727,15.220000267028809,66.43016815185547,97.17840576171875,84.63404083251953,1.6,-0.21,
2024-01-30,476.51507568359375,13.3100004196167,15.140000343322754,66.34474182128906,97.48889923095703,85.40133666992188,1.58,-0.3,
2024-01-31,468.73968505859375,14.350000381469727,15.960000038146973,66.15692138671875,97.73731231689453,86.24000549316406,1.61,-0.28,
2024-02-01,474.8746032714844,13.880000114440918,15.5,66.53791809082031,98.4931869506836,87.93169403076172,1.63,-0.33,
2024-02-02,479.8738098144531,13.850000381469727,15.609999656677246,66.23757934570312,97.59397888183594,85.98941040039062,1.59,-0.33,-0.403
2024-02-05,478.1264343261719,13.670000076293945,15.329999923706055,65.92864227294922,96.6591796875,84.2529525756836,1.56,-0.29,
2024-02-06,479.51458740234375,13.0600004196167,14.989999771118164,66.16891479492188,97.20226287841797,85.07642364501953,1.58,-0.3,
2024-02-07,483.5139465332031,12.829999923706055,14.850000381469727,66.28050231933594,96.9173583984375,84.6646728515625,1.6,-0.32,
2024-02-08,483.7275695800781,12.789999961853027,14.930000305175781,66.24614715576172,96.41879272460938,84.17240142822266,1.6,-0.31,
2024-02-09,486.5231628417969,12.930000305175781,15.079999923706055,66.38345336914062,96.29415893554688,84.00232696533203,1.59,-0.31,-0.41
2024-02-12,486.3096008300781,13.930000305175781,15.670000076293945,66.23757934570312,96.30305480957031,84.10079193115234,1.58,-0.29,
2024-02-13,479.6116638183594,15.850000381469727,16.81999969482422,65.7055435180664,95.2436294555664,82.65969848632812,1.54,-0.33,
2024-02-14,483.97021484375,14.380000114440918,15.930000305175781,65.9629898071289,95.68875885009766,83.08040618896484,1.56,-0.29,
2024-02-15,487.3094787597656,14.010000228881836,15.760000228881836,66.19466400146484,96.03599548339844,83.5100326538086,1.57,-0.32,
2024-02-16,484.8826904296875,14.239999771118164,15.859999656677246,65.997314453125,95.68875885009766,83.02671813964844,1.53,-0.34,-0.419
2024-02-20,482.21319580078125,15.420000076293945,16.40999984741211,66.13460540771484,96.00926971435547,83.09832763671875,1.56,-0.32,
2024-02-21,482.6499938964844,15.34000015258789,16.229999542236328,66.01445770263672,95.76885223388672,82.507568359375,1.54,-0.32,
2024-02-22,492.6387023925781,14.539999961853027,15.770000457763672,66.33197021484375,95.92021942138672,82.91034698486328,1.49,-0.36,
2024-02-23,492.9784240722656,13.75,15.25,66.3748550415039,96.20512390136719,84.0202407836914,1.49,-0.41,-0.427
2024-02-26,491.17291259765625,13.739999771118164,15.220000267028809,66.16036987304688,95.90241241455078,83.7696304321289,1.53,-0.41,
2024-02-27,492.0853576660156,13.430000305175781,14.890000343322754,66.24614715576172,95.76885223388672,83.17886352539062,1.53,-0.39,
2024-02-28,491.43499755859375,13.84000015258789,15.220000267028809,66.23757934570312,95.75997924804688,83.70698547363281,1.55,-0.37,
2024-02-29,493.2016906738281,13.399999618530273,14.930000305175781,66.35770416259766,95.84901428222656,84.29772186279297,1.55,-0.39,
2024-03-01,497.83197021484375,13.109999656677246,14.930000305175781,66.60624694824219,96.43250274658203,84.82298278808594,1.57,-0.35,-0.434
2024-03-04,497.298095703125,13.489999771118164,15.229999542236328,66.5890121459961,96.2537841796875,84.48175811767578,1.57,-0.39,
2024-03-05,492.3280334472656,14.460000038146973,15.90999984741211,66.53722381591797,96.7809829711914,85.68492889404297,1.59,-0.41,
2024-03-06,494.82275390625,14.5,15.970000267028809,66.70118713378906,97.04011535644531,86.18775177001953,1.57,-0.44,
2024-03-07,499.7346496582031,14.4399995803833,15.90999984741211,66.77886199951172,97.2813720703125,86.10694122314453,1.59,-0.41,
2024-03-08,496.735107421875,14.739999771118164,16.299999237060547,66.79610443115234,97.4154052734375,85.95431518554688,1.59,-0.39,-0.438
2024-03-11,496.3079528808594,15.220000267028809,16.459999084472656,66.7874984741211,97.43327331542969,85.90943145751953,1.59,-0.41,
2024-03-12,501.6470031738281,13.84000015258789,15.65999984741211,66.84788513183594,97.12054443359375,85.19110107421875,1.55,-0.42,
2024-03-13,500.860595703125,13.75,15.600000381469727,66.87377166748047,97.02226257324219,84.77809143066406,1.55,-0.42,
2024-03-14,499.8705749511719,14.399999618530273,16.1200008392334,66.55448150634766,96.30740356445312,83.47614288330078,1.53,-0.39,
2024-03-15,496.4381103515625,14.40999984741211,16.40999984741211,66.51132202148438,96.3342056274414,83.44921112060547,1.49,-0.41,-0.439
2024-03-18,499.38848876953125,14.329999923706055,16.219999313354492,66.66666412353516,96.1733627319336,83.19783020019531,1.49,-0.39,
2024-03-19,502.1636962890625,13.819999694824219,15.770000457763672,66.93421936035156,96.45037841796875,83.43123626708984,1.5,-0.38,
2024-03-20,506.80841064453125,13.039999961853027,15.279999732971191,67.15858459472656,96.62907409667969,83.40430450439453,1.56,-0.32,
2024-03-21,508.4832458496094,12.920000076293945,15.180000305175781,67.12407684326172,96.77204895019531,83.5838851928711,1.53,-0.35,
2024-03-22,507.51922607421875,13.0600004196167,15.300000190734863,67.05500030517578,97.10265350341797,84.38300323486328,1.53,-0.37,-0.437
2024-03-25,506.11700439453125,13.1899995803833,15.380000114440918,66.95144653320312,96.77204895019531,83.96101379394531,1.53,-0.29,
2024-03-26,505.18218994140625,13.239999771118164,15.289999961853027,66.87377166748047,96.7452392578125,84.1944351196289,1.53,-0.32,
2024-03-27,509.4277038574219,12.779999732971191,15.010000228881836,67.22761535644531,97.4154052734375,85.02950286865234,1.54,-0.34,
2024-03-28,509.3304138183594,13.010000228881836,15.1899995803833,67.08090209960938,97.32603454589844,84.95767974853516,1.5,-0.39,
2024-04-01,508.4442443847656,13.649999618530273,15.520000457763672,66.80767822265625,96.39413452148438,83.37396240234375,1.49,-0.39,
2024-04-02,505.2115173339844,14.609999656677246,16.09000015258789,66.69491577148438,96.25062561035156,82.9145278930664,1.51,-0.34,
2024-04-03,505.76641845703125,14.329999923706055,15.90999984741211,66.7469711303711,96.3133773803711,82.89649963378906,1.49,-0.32,
2024-04-04,499.593017578125,16.350000381469727,17.15999984741211,66.69491577148438,96.42105102539062,83.49107360839844,1.51,-0.34,
2024-04-05,504.8121643066406,16.030000686645508,17.18000030517578,66.63420104980469,95.99948120117188,82.3289794921875,1.49,-0.34,-0.427
2024-04-08,505.0946350097656,15.1899995803833,16.559999465942383,66.79032897949219,95.9905014038086,82.31996154785156,1.46,-0.36,
2024-04-09,505.67889404296875,14.979999542236328,16.420000076293945,66.92911529541016,96.48382568359375,83.08568572998047,1.44,-0.38,
2024-04-10,500.61541748046875,15.800000190734863,17.040000915527344,66.33927154541016,95.11148834228516,81.27497100830078,1.4,-0.42,
2024-04-11,504.3935241699219,14.90999984741211,16.489999771118164,66.27855682373047,94.91416931152344,80.90560150146484,1.41,-0.37,
2024-04-12,497.43133544921875,17.309999465942383,18.200000762939453,66.24385833740234,95.12944030761719,81.33802795410156,1.45,-0.38,-0.421
2024-04-15,491.1994934082031,19.229999542236328,19.549999237060547,65.86219787597656,94.08003234863281,80.07682037353516,1.46,-0.3,
2024-04-16,490.3036193847656,18.399999618530273,18.84000015258789,65.64534759521484,93.76608276367188,79.54532623291016,1.46,-0.3,
2024-04-17,487.4018859863281,18.209999084472656,18.770000457763672,65.73208618164062,94.27735900878906,80.42815399169922,1.48,-0.34,
2024-04-18,486.3989562988281,18.0,18.65999984741211,65.78414916992188,94.08900451660156,80.02278900146484,1.47,-0.34,
2024-04-19,482.1534729003906,18.709999084472656,19.25,65.90559387207031,94.18767547607422,80.3110580444336,1.46,-0.35,-0.416
2024-04-22,486.5937194824219,16.940000534057617,17.6299991607666,66.26988983154297,94.42084503173828,80.1759262084961,1.46,-0.35,
2024-04-23,492.3679504394531,15.6899995803833,16.68000030517578,66.53878021240234,94.58232879638672,80.20294189453125,1.46,-0.25,
2024-04-24,492.13421630859375,15.970000267028809,16.84000015258789,66.39130401611328,94.2145767211914,79.63539123535156,1.48,-0.24,
2024-04-25,490.26470947265625,15.369999885559082,16.3700008392334,66.25252532958984,93.9365234375,79.07687377929688,1.47,-0.26,
2024-04-26,494.90936279296875,15.029999732971191,16.270000457763672,66.46073150634766,94.29529571533203,79.49124908447266,1.45,-0.29,-0.414
2024-04-29,496.662109375,14.670000076293945,16.0,66.66021728515625,94.68995666503906,80.15792083740234,1.45,-0.34,
2024-04-30,488.79437255859375,15.649999618530273,16.59000015258789,66.17450714111328,94.16971588134766,79.47327423095703,1.44,-0.35,
2024-05-01,487.20709228515625,15.390000343322754,16.56999969482422,66.52328491210938,94.5614242553711,80.0590591430664,1.43,-0.33,
2024-05-02,491.76422119140625,14.680000305175781,16.049999237060547,66.9330825805664,95.14675903320312,80.4026107788086,1.47,-0.29,
2024-05-03,497.8597717285156,13.489999771118164,15.270000457763672,67.21210479736328,95.81314086914062,81.21617126464844,1.49,-0.31,-0.413
2024-05-06,503.0011291503906,13.489999771118164,15.020000457763672,67.29060363769531,96.08329010009766,81.53260803222656,1.47,-0.33,
2024-05-07,503.5561218261719,13.229999542236328,14.949999809265137,67.29930114746094,96.12832641601562,82.02980041503906,1.45,-0.35,
2024-05-08,503.6047668457031,13.0,14.899999618530273,67.14236450195312,95.88517761230469,81.53260803222656,1.47,-0.36,
2024-05-09,506.50653076171875,12.6899995803833,14.710000038146973,67.1597900390625,96.03825378417969,81.93035125732422,1.48,-0.35,
2024-05-10,507.15899658203125,12.550000190734863,14.65999984741211,67.05518341064453,95.73208618164062,81.46935272216797,1.48,-0.37,-0.414
2024-05-13,507.22698974609375,13.600000381469727,14.890000343322754,67.03773498535156,95.76810455322266,81.67723846435547,1.48,-0.37,
2024-05-14,509.55419921875,13.420000076293945,14.699999809265137,67.14236450195312,96.04727172851562,82.13829803466797,1.48,-0.36,
2024-05-15,515.8641967773438,12.449999809265137,14.079999923706055,67.53475952148438,96.90272521972656,83.2592544555664,1.49,-0.37,
2024-05-16,514.8026123046875,12.420000076293945,14.220000267028809,67.37777709960938,96.74964904785156,83.17788696289062,1.47,-0.4,
2024-05-17,515.542724609375,11.989999771118164,13.989999771118164,67.38650512695312,96.52454376220703,82.61741638183594,1.48,-0.41,-0.414
2024-05-20,516.1367797851562,12.149999618530273,14.109999656677246,67.42140197753906,96.47948455810547,82.3733139038086,1.47,-0.38,
2024-05-21,517.4027099609375,11.859999656677246,13.949999809265137,67.36906433105469,96.6416015625,82.7981948852539,1.48,-0.41,
2024-05-22,515.9127807617188,12.289999961853027,14.3100004196167,67.22084045410156,96.4975357055664,82.89765930175781,1.46,-0.43,
2024-05-23,512.1444702148438,12.770000457763672,14.670000076293945,66.98541259765625,96.07429504394531,82.36428833007812,1.45,-0.44,
2024-05-24,515.5330200195312,11.930000305175781,14.170000076293945,67.22084045410156,96.3354263305664,82.60836029052734,1.46,-0.47,-0.413
2024-05-28,515.8932495117188,12.920000076293945,14.720000267028809,66.9505386352539,95.75909423828125,81.42413330078125,1.45,-0.4,
2024-05-29,512.2807006835938,14.279999732971191,15.449999809265137,66.7499771118164,95.24581909179688,80.4387435913086,1.47,-0.35,
2024-05-30,508.88238525390625,14.470000267028809,15.59000015258789,67.0202865600586,95.83113098144531,81.21617126464844,1.46,-0.37,
2024-05-31,513.5173950195312,12.920000076293945,14.65999984741211,67.2557144165039,96.25436401367188,81.76763153076172,1.46,-0.38,-0.409
2024-06-03,513.9360961914062,13.109999656677246,14.800000190734863,67.46420288085938,96.91876220703125,83.09017944335938,1.47,-0.41,
2024-06-04,514.5106201171875,13.15999984741211,14.880000114440918,67.42916870117188,97.29840087890625,84.0607681274414,1.49,-0.44,
2024-06-05,520.6256103515625,12.630000114440918,14.539999961853027,67.64820098876953,97.62381744384766,84.67759704589844,1.53,-0.43,
2024-06-06,520.6159057617188,12.579999923706055,14.539999961853027,67.53429412841797,97.56053924560547,84.55060577392578,1.5,-0.44,
2024-06-07,519.9830932617188,12.220000267028809,14.40999984741211,67.35910034179688,96.68374633789062,82.99947357177734,1.46,-0.44,-0.403
2024-06-10,521.589599609375,12.739999771118164,14.600000381469727,67.42040252685547,96.48489379882812,82.44615936279297,1.46,-0.4,
2024-06-11,522.8458251953125,12.850000381469727,14.489999771118164,67.50801849365234,96.90068054199219,83.298828125,1.48,-0.42,
2024-06-12,527.1399536132812,12.039999961853027,14.119999885559082,67.77960205078125,97.49728393554688,83.92472076416016,1.48,-0.44,
2024-06-13,528.2012939453125,11.9399995803833,14.170000076293945,67.77082824707031,97.9582748413086,85.1583480834961,1.51,-0.44,
2024-06-14,528.522705078125,12.65999984741211,14.84000015258789,67.50801849365234,98.03963470458984,85.87496948242188,1.53,-0.47,-0.396
2024-06-17,532.7291259765625,12.75,14.789999961853027,67.55180358886719,97.57862854003906,85.0223159790039,1.52,-0.47,
2024-06-18,534.0825805664062,12.300000190734863,14.6899995803833,67.76206970214844,98.03057098388672,85.80239868164062,1.52,-0.47,
2024-06-20,532.6317138671875,13.279999732971191,15.40999984741211,67.71829223632812,97.7051773071289,85.23094177246094,1.54,-0.45,
2024-06-21,531.9176025390625,13.199999809265137,15.170000076293945,67.79712677001953,97.73230743408203,85.23094177246094,1.55,-0.45,-0.387
2024-06-24,530.1886596679688,13.329999923706055,15.229999542236328,67.7270278930664,97.83173370361328,85.57564544677734,1.53,-0.46,
2024-06-25,532.2303466796875,12.84000015258789,14.859999656677246,67.81464385986328,97.79557037353516,85.72077178955078,1.55,-0.42,
2024-06-26,532.89453125,12.550000190734863,14.710000038146973,67.66572570800781,97.26226043701172,84.4961929321289,1.55,-0.39,
2024-06-27,533.7346801757812,12.239999771118164,14.420000076293945,67.74455261230469,97.45207214355469,84.83181762695312,1.55,-0.41,
2024-06-28,531.6343383789062,12.4399995803833,14.520000457763672,67.57810974121094,96.82837677001953,83.25347137451172,1.55,-0.35,-0.38
2024-07-01,532.728515625,12.220000267028809,14.1899995803833,67.56490325927734,96.25325775146484,81.81658935546875,1.55,-0.29,
2024-07-02,536.3135375976562,12.029999732971191,14.010000228881836,67.74983978271484,96.87008666992188,82.4535903930664,1.56,-0.31,
2024-07-03,538.7069702148438,12.09000015258789,14.020000457763672,67.98761749267578,97.58670806884766,83.53648376464844,1.53,-0.35,
2024-07-05,541.8134765625,12.479999542236328,14.350000381469727,68.19017791748047,98.09468078613281,84.22806549072266,1.56,-0.32,-0.375
2024-07-08,542.4385986328125,12.369999885559082,14.289999961853027,68.17256927490234,98.08562469482422,84.41007995605469,1.54,-0.34,
2024-07-09,542.9661254882812,12.510000228881836,14.390000343322754,68.09329986572266,97.90420532226562,84.0369644165039,1.56,-0.32,
2024-07-10,548.3390502929688,12.850000381469727,14.5,68.25182342529297,98.14006042480469,84.30085754394531,1.56,-0.34,
2024-07-11,543.6109008789062,12.920000076293945,14.670000076293945,68.49839782714844,98.66617584228516,85.11984252929688,1.58,-0.3,
2024-07-12,547.0396118164062,12.460000038146973,14.369999885559082,68.67455291748047,99.02903747558594,85.48384857177734,1.58,-0.27,-0.369
2024-07-15,548.544189453125,13.119999885559082,14.869999885559082,68.68334197998047,98.4847412109375,84.50106048583984,1.58,-0.21,
2024-07-16,551.7970581054688,13.1899995803833,14.90999984741211,68.94755554199219,99.05623626708984,85.69312286376953,1.56,-0.26,
2024-07-17,544.0602416992188,14.479999542236328,15.789999961853027,68.86827087402344,99.10157775878906,85.71134185791016,1.56,-0.26,
2024-07-18,539.8790893554688,15.930000305175781,16.559999465942383,68.72737121582031,98.67523956298828,85.05615234375,1.57,-0.26,
2024-07-19,536.2940063476562,16.520000457763672,17.15999984741211,68.67455291748047,98.3124008178711,84.5556411743164,1.57,-0.24,-0.364
2024-07-22,541.8233032226562,14.90999984741211,16.09000015258789,68.92993927001953,98.2579574584961,84.30995178222656,1.58,-0.24,
2024-07-23,540.9733276367188,14.720000267028809,16.010000228881836,68.93875122070312,98.18538665771484,84.19165802001953,1.59,-0.15,
2024-07-24,528.7135620117188,18.040000915527344,18.43000030517578,68.71857452392578,97.58670806884766,83.28166961669922,1.65,-0.09,
2024-07-25,525.9586791992188,18.459999084472656,18.690000534057617,68.72737121582031,97.97676849365234,83.96418762207031,1.62,-0.14,
2024-07-26,531.8492431640625,16.389999389648438,17.239999771118164,68.94755554199219,98.52105712890625,84.61934661865234,1.65,-0.16,-0.36
2024-07-29,532.161865234375,16.600000381469727,17.15999984741211,68.8858871459961,98.72965240478516,85.0743179321289,1.66,-0.19,
2024-07-30,529.4656982421875,17.690000534057617,18.010000228881836,68.92112731933594,98.81130981445312,85.40193939208984,1.65,-0.2,
2024-07-31,538.0719604492188,16.360000610351562,16.969999313354492,69.1677017211914,99.38277435302734,86.27550506591797,1.68,-0.2,
2024-08-01,530.452392578125,18.59000015258789,19.139999389648438,69.01634979248047,99.71233367919922,87.01962280273438,1.71,-0.17,
2024-08-02,520.5761108398438,23.389999389648438,23.34000015258789,68.7861557006836,100.68641662597656,89.73128509521484,1.8,-0.08,-0.359
2024-08-05,505.4150695800781,38.56999969482422,33.709999084472656,68.36124420166016,100.4315414428711,90.20604705810547,1.85,-0.11,
2024-08-06,510.0748291015625,27.709999084472656,26.760000228881836,68.61797332763672,99.77605438232422,88.18827056884766,1.78,-0.09,
2024-08-07,506.6654968261719,27.850000381469727,27.010000228881836,68.750732421875,99.32087707519531,87.56743621826172,1.8,-0.04,
2024-08-08,518.378173828125,23.790000915527344,24.1299991607666,69.03401947021484,99.36638641357422,87.02873229980469,1.78,-0.05,
2024-08-09,520.6641235351562,20.3700008392334,21.18000030517578,69.02520751953125,99.87618255615234,87.88697814941406,1.77,-0.11,-0.36
2024-08-12,520.9376220703125,20.709999084472656,21.6299991607666,69.06941986083984,100.0855941772461,88.20653533935547,1.78,-0.11,
2024-08-13,529.5048217773438,18.1200008392334,19.860000610351562,69.38815307617188,100.78658294677734,88.81825256347656,1.8,-0.08,
2024-08-14,531.17529296875,16.190000534057617,18.450000762939453,69.51209259033203,101.23265075683594,89.37519836425781,1.74,-0.11,
2024-08-15,540.2797241210938,15.229999542236328,17.8799991607666,69.57405853271484,100.92313385009766,88.6539077758789,1.68,-0.16,
2024-08-16,541.4910278320312,14.800000190734863,17.809999465942383,69.79537200927734,101.2235336303711,88.96435546875,1.69,-0.17,-0.368
2024-08-19,546.66845703125,14.649999618530273,17.59000015258789,69.91046142578125,101.46025085449219,89.37519836425781,1.68,-0.2,
2024-08-20,545.779541015625,15.880000114440918,18.280000686645508,69.84850311279297,101.72422790527344,90.08734893798828,1.69,-0.17,
2024-08-21,547.6551513671875,16.270000457763672,18.579999923706055,70.00785827636719,101.95183563232422,90.14212799072266,1.69,-0.13,
2024-08-22,543.3568725585938,17.549999237060547,19.360000610351562,69.91932678222656,101.5330581665039,89.24738311767578,1.7,-0.13,
2024-08-23,549.1301879882812,15.859999656677246,18.190000534057617,70.2911376953125,102.11570739746094,89.83171844482422,1.7,-0.09,-0.379
2024-08-26,547.8211669921875,16.149999618530273,18.25,70.14949035644531,101.98825073242188,89.60346221923828,1.7,-0.09,
2024-08-27,548.5734252929688,15.430000305175781,17.729999542236328,70.19374084472656,101.90631866455078,89.44825744628906,1.71,0.0,
2024-08-28,545.3887939453125,17.110000610351562,18.899999618530273,70.1583480834961,101.69693756103516,89.33868408203125,1.71,0.01,
2024-08-29,545.4375610351562,15.649999618530273,18.0,70.22915649414062,101.52396392822266,89.0465316772461,1.69,0.0,
2024-08-30,550.6443481445312,15.0,17.43000030517578,70.2380142211914,101.24173736572266,88.09699249267578,1.69,0.0,-0.391
2024-09-03,539.3125610351562,20.719999313354492,21.700000762939453,69.98894500732422,101.54784393310547,89.53783416748047,1.73,-0.04,
2024-09-04,538.2088012695312,21.31999969482422,22.06999969482422,70.24691772460938,102.17828369140625,90.69198608398438,1.73,0.01,
2024-09-05,536.8997192382812,19.899999618530273,20.93000030517578,70.48709106445312,102.6808090209961,91.2049331665039,1.73,-0.02,
2024-09-06,527.8636474609375,22.3799991607666,22.739999771118164,70.39813995361328,102.63514709472656,91.1957778930664,1.73,0.06,-0.402
2024-09-09,533.773681640625,19.450000762939453,20.8799991607666,70.56714630126953,102.86355590820312,91.58963775634766,1.73,0.02,
2024-09-10,536.0987548828125,19.079999923706055,20.549999237060547,70.43373107910156,103.14681243896484,92.2308578491211,1.74,0.06,
2024-09-11,541.5985107421875,17.690000534057617,19.59000015258789,70.54044342041016,103.19249725341797,92.15754699707031,1.75,0.03,
2024-09-12,546.1605224609375,17.06999969482422,19.479999542236328,70.63832092285156,103.1193618774414,91.72705841064453,1.74,0.04,
2024-09-13,549.0130615234375,16.559999465942383,19.280000686645508,70.83399200439453,103.4391860961914,91.97437286376953,1.72,0.09,-0.412
2024-09-16,549.82373046875,17.139999389648438,19.809999465942383,71.01190948486328,103.89603424072266,92.81707763671875,1.7,0.07,
2024-09-17,550.0484619140625,17.610000610351562,20.1299991607666,71.0296859741211,103.90515899658203,92.36822509765625,1.68,0.06,
2024-09-18,548.4171752929688,18.229999542236328,20.350000381469727,71.09198760986328,103.47573852539062,91.2232437133789,1.67,0.09,
2024-09-19,557.7755737304688,16.329999923706055,19.06999969482422,71.30548095703125,103.56710815429688,90.92098236083984,1.67,0.14,
2024-09-20,556.8114013671875,16.149999618530273,18.940000534057617,71.39442443847656,103.6584701538086,90.5728988647461,1.67,0.18,-0.42
2024-09-23,558.2026977539062,15.890000343322754,18.700000762939453,71.260986328125,103.51229095458984,90.38052368164062,1.65,0.18,
2024-09-24,559.7999267578125,15.390000343322754,18.469999313354492,71.2698745727539,103.68589782714844,90.36222076416016,1.66,0.25,
2024-09-25,558.5653076171875,15.40999984741211,18.56999969482422,71.18982696533203,103.07373809814453,89.61111450195312,1.65,0.26,
2024-09-26,560.7798461914062,15.369999885559082,18.450000762939453,71.30548095703125,103.07373809814453,89.82179260253906,1.65,0.19,
2024-09-27,559.966552734375,16.959999084472656,19.540000915527344,71.4833755493164,103.48487091064453,90.28893280029297,1.66,0.2,-0.427
2024-09-30,562.2103881835938,16.729999542236328,19.219999313354492,71.43000793457031,103.22904968261719,89.85841369628906,1.63,0.15,
2024-10-01,557.1739501953125,19.260000228881836,20.889999389648438,71.3942642211914,103.72515106201172,90.50723266601562,1.65,0.13,
2024-10-02,557.4091186523438,18.899999618530273,20.59000015258789,71.40320587158203,103.4958724975586,89.74446105957031,1.64,0.16,
2024-10-03,556.3900146484375,20.489999771118164,21.6299991607666,71.23332977294922,102.82646942138672,88.8990478515625,1.62,0.15,
2024-10-04,561.4461059570312,19.209999084472656,20.649999618530273,71.15290069580078,102.26707458496094,87.80549621582031,1.57,0.05,-0.432
2024-10-07,556.370361328125,22.639999389648438,22.59000015258789,70.84899139404297,101.74436950683594,87.14384460449219,1.54,0.04,
2024-10-08,561.6322631835938,21.420000076293945,21.520000457763672,71.01880645751953,101.94612121582031,87.29087829589844,1.55,0.06,
2024-10-09,565.5223999023438,20.860000610351562,20.90999984741211,70.97412109375,101.74436950683594,86.79463958740234,1.54,0.07,
2024-10-10,564.53271484375,20.93000030517578,21.020000457763672,70.93836212158203,101.63431549072266,86.45467376708984,1.54,0.11,
2024-10-11,567.9132690429688,20.459999084472656,20.770000457763672,71.12608337402344,101.61597442626953,86.1054458618164,1.54,0.13,-0.435
2024-10-14,572.557861328125,19.700000762939453,20.1200008392334,71.16182708740234,101.6251449584961,86.16976928710938,,,
2024-10-15,568.1092529296875,20.639999389648438,20.799999237060547,71.14395904541016,102.120361328125,87.21736907958984,1.53,0.08,
2024-10-16,570.5785522460938,19.579999923706055,20.31999969482422,71.26910400390625,102.4413070678711,87.58495330810547,1.51,0.09,
2024-10-17,570.62744140625,19.110000610351562,19.809999465942383,71.16182708740234,101.68019104003906,86.19735717773438,1.53,0.13,
2024-10-18,572.822509765625,18.030000686645508,19.190000534057617,71.33167266845703,101.56096649169922,86.26166534423828,1.53,0.13,-0.44
2024-10-21,571.8817749023438,18.3700008392334,19.239999771118164,71.04563903808594,100.52470397949219,84.75459289550781,1.54,0.17,
2024-10-22,571.5779418945312,18.200000762939453,19.170000076293945,70.94731140136719,100.51554870605469,84.83729553222656,1.55,0.17,
2024-10-23,566.3552856445312,19.239999771118164,20.040000915527344,70.7327880859375,100.1762466430664,84.60755920410156,1.54,0.17,
2024-10-24,567.5801391601562,19.079999923706055,19.850000381469727,70.93836212158203,100.47884368896484,85.14974975585938,1.52,0.14,
2024-10-25,567.3840942382812,20.329999923706055,20.940000534057617,70.86685180664062,100.24042510986328,84.67188262939453,1.51,0.14,-0.445
2024-10-28,569.13818359375,19.799999237060547,20.170000076293945,71.04563903808594,100.15790557861328,84.4421615600586,1.51,0.16,
2024-10-29,570.0592651367188,19.34000015258789,19.959999084472656,71.06352233886719,100.27710723876953,84.57080841064453,1.49,0.17,
2024-10-30,568.3346557617188,20.350000381469727,20.760000228881836,70.93836212158203,100.14871215820312,84.81890869140625,1.44,0.14,
2024-10-31,557.193603515625,23.15999984741211,22.639999389648438,70.74170684814453,99.94698333740234,84.9567642211914,1.46,0.12,
2024-11-01,559.545166015625,21.8799991607666,21.90999984741211,70.7461929321289,99.39942932128906,83.75900268554688,1.46,0.16,-0.452
2024-11-04,558.33984375,21.979999542236328,21.56999969482422,70.94384765625,100.1356430053711,85.05912017822266,1.46,0.14,
2024-11-05,565.0912475585938,20.489999771118164,20.190000534057617,71.1415023803711,100.61418151855469,85.51090240478516,1.45,0.07,
2024-11-06,579.142578125,16.270000457763672,17.670000076293945,71.26725769042969,99.56507110595703,83.16889953613281,1.4,0.15,
2024-11-07,583.62060546875,15.199999809265137,16.950000762939453,71.57268524169922,100.74302673339844,84.21082305908203,1.44,0.1,
2024-11-08,586.1487426757812,14.9399995803833,16.829999923706055,71.68948364257812,101.09273529052734,85.28038787841797,1.38,0.04,-0.46
2024-11-11,586.7070922851562,14.970000267028809,16.799999237060547,71.60862731933594,100.89947509765625,84.865478515625,,,
2024-11-12,584.8846435546875,14.710000038146973,16.709999084472656,71.3211441040039,99.98841094970703,83.59305572509766,1.36,0.09,
2024-11-13,585.1688232421875,14.020000457763672,16.510000228881836,71.3391342163086,99.61107635498047,82.80008697509766,1.41,0.17,
2024-11-14,581.4061279296875,14.3100004196167,16.68000030517578,71.18639373779297,99.58348083496094,83.27955627441406,1.39,0.09,
2024-11-15,573.9590454101562,16.139999389648438,17.809999465942383,71.17745208740234,99.62950134277344,83.05828857421875,1.41,0.12,-0.468
2024-11-18,576.310791015625,15.579999923706055,17.190000534057617,71.31217193603516,99.81352996826172,83.20579528808594,1.42,0.13,
2024-11-19,578.4173583984375,16.350000381469727,17.690000534057617,71.41999053955078,100.02523040771484,83.62995147705078,1.42,0.12,
2024-11-20,578.613525390625,17.15999984741211,18.260000228881836,71.40201568603516,99.78594207763672,83.362548828125,1.43,0.1,
2024-11-21,581.7196044921875,16.8700008392334,18.18000030517578,71.42896270751953,99.66631317138672,83.29798126220703,1.43,0.09,
2024-11-22,583.5226440429688,15.239999771118164,17.299999237060547,71.41099548339844,99.75834655761719,83.34410095214844,1.43,0.04,-0.473
2024-11-25,585.5020141601562,14.600000381469727,16.8700008392334,71.68048858642578,101.00069427490234,85.50170135498047,1.42,0.06,
2024-11-26,588.5591430664062,14.100000381469727,16.530000686645508,71.54576110839844,100.74302673339844,85.16974639892578,1.43,0.09,
2024-11-27,586.7757568359375,14.100000381469727,16.600000381469727,71.7613754272461,101.11113739013672,85.75987243652344,1.43,0.06,
2024-11-29,590.4208984375,13.510000228881836,16.260000228881836,71.90510559082031,101.73694610595703,86.64501953125,1.44,0.05,-0.477
2024-12-02,591.4791259765625,13.34000015258789,16.34000015258789,71.87892150878906,101.89669036865234,86.85320281982422,1.41,0.02,
2024-12-03,591.7535400390625,13.300000190734863,16.239999771118164,71.87892150878906,101.53653717041016,86.10377502441406,1.4,0.06,
2024-12-04,595.427978515625,13.449999809265137,16.389999389648438,72.05038452148438,102.0259780883789,87.02901458740234,1.39,0.06,
2024-12-05,594.4481811523438,13.539999961853027,16.579999923706055,71.98721313476562,101.99827575683594,87.20482635498047,1.4,0.02,
2024-12-06,595.5750122070312,12.770000457763672,16.31999969482422,72.10453033447266,102.22913360595703,87.33434295654297,1.42,0.05,-0.479
2024-12-09,592.5079956054688,14.1899995803833,17.09000015258789,72.0142822265625,101.97057342529297,86.52938842773438,1.42,0.07,
2024-12-10,590.6658935546875,14.180000305175781,16.979999542236328,72.05038452148438,101.81356811523438,86.12226867675781,1.41,0.07,
2024-12-11,595.2321166992188,13.579999923706055,16.8799991607666,72.06843566894531,101.53653717041016,85.30804443359375,1.42,0.11,
2024-12-12,592.1651000976562,13.920000076293945,17.350000381469727,71.86990356445312,100.96398162841797,84.27178955078125,1.44,0.14,
2024-12-13,592.0475463867188,13.8100004196167,17.149999618530273,71.662353515625,100.40068054199219,83.4112777709961,1.42,0.15,-0.481
2024-12-16,594.5755004882812,14.6899995803833,17.56999969482422,71.79769897460938,100.52995300292969,83.6611099243164,1.42,0.14,
2024-12-17,592.125732421875,15.869999885559082,18.1299991607666,71.64427185058594,100.53916931152344,83.8646469116211,1.39,0.15,
2024-12-18,574.4784545898438,27.6200008392334,24.239999771118164,70.90863037109375,99.29267883300781,82.81598663330078,1.37,0.15,
2024-12-19,574.302001953125,24.09000015258789,24.139999389648438,70.83605194091797,98.75517272949219,81.56204223632812,1.4,0.25,
2024-12-20,581.199951171875,18.360000610351562,20.100000381469727,71.28054809570312,99.1444320678711,82.02645874023438,1.43,0.22,-0.482
2024-12-23,584.680419921875,16.780000686645508,18.649999618530273,71.09003448486328,98.85711669921875,81.27411651611328,1.42,0.29,
2024-12-24,591.1791381835938,14.270000457763672,17.200000762939453,71.31684112548828,99.16294860839844,81.61779022216797,1.39,0.3,
2024-12-26,591.2184448242188,14.729999542236328,17.360000610351562,71.49825286865234,99.255615234375,81.57132720947266,1.4,0.28,
2024-12-27,584.9949340820312,15.949999809265137,18.06999969482422,71.25333404541016,98.83858489990234,80.90257263183594,1.4,0.31,-0.485
2024-12-30,578.3192138671875,17.399999618530273,18.940000534057617,71.35309600830078,99.26490020751953,81.55276489257812,1.43,0.31,
2024-12-31,576.2152099609375,17.350000381469727,18.979999542236328,71.3440170288086,99.01466369628906,81.11620330810547,1.42,0.33,
2025-01-02,574.799560546875,17.93000030517578,19.329999923706055,71.5163803100586,99.02393341064453,81.339111328125,1.45,0.32,
2025-01-03,581.9864501953125,16.1299991607666,18.139999389648438,71.625244140625,98.792236328125,81.07907104492188,1.44,0.32,-0.49
2025-01-06,585.339111328125,16.040000915527344,18.030000686645508,71.75222778320312,98.54202270507812,80.71680450439453,1.44,0.34,
2025-01-07,578.722412109375,17.81999969482422,19.190000534057617,71.5163803100586,98.08790588378906,79.80652618408203,1.47,0.37,
2025-01-08,579.5678100585938,17.700000762939453,19.34000015258789,71.60709381103516,98.24543762207031,79.90867614746094,1.48,0.39,
2025-01-10,570.7192993164062,19.540000915527344,20.969999313354492,71.23519134521484,97.68012237548828,79.37926483154297,1.42,0.37,-0.496
2025-01-13,571.604248046875,19.190000534057617,20.43000030517578,71.21705627441406,97.40211486816406,79.35140228271484,1.44,0.39,
2025-01-14,572.3907470703125,18.709999084472656,19.989999771118164,71.30774688720703,97.5133285522461,79.22136688232422,1.44,0.41,
2025-01-15,582.8026123046875,16.1200008392334,18.229999542236328,71.93366241455078,98.6810302734375,80.5867691040039,1.44,0.39,
2025-01-16,581.6817626953125,16.600000381469727,18.350000381469727,72.01528930664062,98.87566375732422,80.84683990478516,1.46,0.38,
2025-01-17,587.5217895507812,15.970000267028809,18.190000534057617,72.07880401611328,98.95905303955078,80.98617553710938,1.46,0.34,-0.501
2025-01-21,592.899658203125,15.0600004196167,17.5,72.269287109375,99.53366088867188,81.71065521240234,1.46,0.28,
2025-01-22,596.232666015625,15.100000381469727,17.809999465942383,72.16950225830078,99.21855926513672,81.28339385986328,1.43,0.31,
2025-01-23,599.4868774414062,15.020000457763672,17.520000457763672,72.26020812988281,99.0795669555664,80.65177917480469,1.43,0.36,
2025-01-24,597.7367553710938,14.850000381469727,17.549999237060547,72.34184265136719,99.274169921875,81.01402282714844,1.43,0.36,-0.506
2025-01-27,589.2816162109375,17.899999618530273,18.969999313354492,72.39630126953125,99.95996856689453,81.97075653076172,1.45,0.36,
2025-01-28,594.3449096679688,16.40999984741211,18.1299991607666,72.36906433105469,99.82093048095703,81.91502380371094,1.45,0.36,
2025-01-29,591.6804809570312,16.559999465942383,18.149999618530273,72.32373046875,99.6911849975586,81.74781036376953,1.45,0.34,
2025-01-30,594.8561401367188,15.84000015258789,17.90999984741211,72.45978546142578,99.91361999511719,82.05432891845703,1.45,0.34,
2025-01-31,591.6903686523438,16.43000030517578,18.43000030517578,72.31464385986328,99.5892562866211,81.51559448242188,1.45,0.36,-0.509
2025-02-03,587.7085571289062,18.6200008392334,19.549999237060547,72.22351837158203,99.74645233154297,82.1793212890625,1.46,0.28,
2025-02-04,591.6510620117188,17.209999084472656,18.639999389648438,72.45133209228516,99.94178771972656,82.43098449707031,1.46,0.31,
2025-02-05,594.0498657226562,15.770000457763672,17.959999084472656,72.64268493652344,100.63937377929688,83.79195404052734,1.45,0.26,
2025-02-06,596.1145629882812,15.5,17.940000534057617,72.5333480834961,100.45333862304688,83.7546615600586,1.44,0.24,
2025-02-07,590.6580810546875,16.540000915527344,18.6299991607666,72.3055419921875,100.01618957519531,83.21399688720703,1.45,0.2,-0.508
2025-02-10,594.6693115234375,15.8100004196167,18.229999542236328,72.45133209228516,100.04408264160156,82.96232604980469,1.45,0.23,
2025-02-11,595.1216430664062,16.020000457763672,18.280000686645508,72.42399597167969,99.82084655761719,82.43098449707031,1.46,0.25,
2025-02-12,593.2044067382812,15.890000343322754,18.309999465942383,72.26908874511719,99.2813720703125,81.31239318847656,1.45,0.26,
2025-02-13,599.4672241210938,15.100000381469727,17.84000015258789,72.59712982177734,100.05337524414062,82.66402435302734,1.44,0.21,
2025-02-14,599.4376831054688,14.770000457763672,17.809999465942383,72.67913818359375,100.44403839111328,83.10215759277344,1.46,0.21,-0.503
2025-02-18,601.1975708007812,15.350000381469727,17.81999969482422,72.61534881591797,100.0347900390625,82.12336730957031,1.44,0.26,
2025-02-19,602.61328125,15.270000457763672,17.93000030517578,72.67001342773438,100.09059143066406,82.22591400146484,1.46,0.25,
2025-02-20,600.1062622070312,15.65999984741211,18.010000228881836,72.71558380126953,100.33242797851562,82.53352355957031,1.47,0.22,
2025-02-21,589.8419799804688,18.209999084472656,19.479999542236328,72.57889556884766,100.6858901977539,83.53093719482422,1.49,0.23,-0.494
2025-02-24,587.157958984375,18.979999542236328,19.860000610351562,72.67001342773438,100.94631958007812,83.7732925415039,1.48,0.27,
2025-02-25,584.2379760742188,19.43000030517578,20.030000686645508,72.85225677490234,101.71830749511719,85.2181625366211,1.5,0.23,
2025-02-26,584.5327758789062,19.100000381469727,19.75,72.95249938964844,101.93224334716797,85.72150421142578,1.51,0.2,
2025-02-27,575.20263671875,21.1299991607666,21.219999313354492,72.81582641601562,101.50437927246094,85.11561584472656,1.52,0.22,
2025-02-28,584.178955078125,19.6299991607666,20.18000030517578,73.01628875732422,101.95084381103516,86.15966033935547,1.57,0.25,-0.48
2025-03-03,573.9441528320312,22.780000686645508,22.18000030517578,72.86431884765625,102.27295684814453,86.56172943115234,1.61,0.2,
2025-03-04,567.1505126953125,23.510000228881836,22.780000686645508,72.85514831542969,101.93684387207031,85.49571990966797,1.61,0.26,
2025-03-05,573.24609375,21.93000030517578,21.719999313354492,72.89177703857422,101.61005401611328,84.8131103515625,1.57,0.29,
2025-03-06,563.0702514648438,24.8700008392334,23.700000762939453,72.61713409423828,101.29261779785156,84.53257751464844,1.59,0.33,
2025-03-07,566.2262573242188,23.3700008392334,22.59000015258789,72.73615264892578,101.13388061523438,84.26138305664062,1.61,0.33,-0.463
2025-03-10,551.14453125,27.860000610351562,25.719999313354492,72.46149444580078,101.47933197021484,85.140380859375,1.64,0.33,
2025-03-11,546.5629272460938,26.920000076293945,25.34000015258789,72.2051773071289,100.81645202636719,84.53257751464844,1.68,0.34,
2025-03-12,549.4632568359375,24.229999542236328,23.670000076293945,72.28755187988281,100.51768493652344,84.02762603759766,1.65,0.31,
2025-03-13,542.138671875,24.65999984741211,24.059999465942383,71.88473510742188,100.83511352539062,84.76634216308594,1.7,0.33,
2025-03-14,553.3368530273438,21.770000457763672,22.170000076293945,72.21431732177734,100.78844451904297,84.31752014160156,1.65,0.29,-0.444
2025-03-17,557.6039428710938,20.510000228881836,21.299999237060547,72.38827514648438,100.99383544921875,84.73829650878906,1.63,0.25,
2025-03-18,551.5770874023438,21.700000762939453,21.969999313354492,72.26008605957031,101.23657989501953,84.82244873046875,1.63,0.25,
2025-03-19,557.584228515625,19.899999618530273,20.829999923706055,72.73615264892578,101.83412170410156,85.2619400024414,1.64,0.26,
2025-03-20,555.9718627929688,19.799999237060547,20.709999084472656,72.63542938232422,101.68473815917969,85.31803894042969,1.64,0.29,
2025-03-21,556.1552124023438,19.280000686645508,20.350000381469727,72.52558135986328,101.54469299316406,84.8131103515625,1.68,0.31,-0.426
2025-03-24,566.1151733398438,17.479999542236328,19.040000915527344,72.73615264892578,101.10588073730469,83.94344329833984,1.64,0.3,
2025-03-25,567.4760131835938,17.149999618530273,19.049999237060547,72.69952392578125,101.2085952758789,83.93412017822266,1.66,0.35,
2025-03-26,560.7013549804688,18.329999923706055,19.84000015258789,72.40655517578125,100.79777526855469,83.38240051269531,1.66,0.37,
2025-03-27,559.2122802734375,18.690000534057617,19.889999389648438,72.26924133300781,100.67639923095703,83.1392822265625,1.68,0.41,
2025-03-28,547.95068359375,21.649999618530273,22.010000228881836,72.14105987548828,101.28329467773438,84.2894515991211,1.73,0.38,-0.408
2025-03-31,551.62890625,22.280000686645508,21.969999313354492,72.22347259521484,101.47933197021484,85.12168884277344,1.76,0.34,
2025-04-01,553.1870727539062,21.770000457763672,21.81999969482422,72.39089965820312,101.84204864501953,85.85930633544922,1.73,0.3,
2025-04-02,556.6878051757812,21.510000228881836,21.450000762939453,72.53810119628906,102.07636260986328,85.80300903320312,1.73,0.29,
2025-04-03,529.2537841796875,30.020000457763672,27.3799991607666,71.63654327392578,102.06700134277344,86.19715118408203,1.89,0.35,
2025-04-04,498.2696838378906,45.310001373291016,36.709999084472656,70.61540985107422,101.95453643798828,87.13560485839844,1.94,0.33,-0.393
2025-04-07,497.3821716308594,46.97999954223633,36.880001068115234,70.00823211669922,99.96754455566406,84.50792694091797,2.02,0.42,
2025-04-08,489.591796875,52.33000183105469,41.5,69.68622589111328,98.7022476196289,82.91255950927734,2.0,0.55,
2025-04-09,541.0084228515625,33.619998931884766,29.920000076293945,71.55374145507812,100.35182189941406,83.40055084228516,2.02,0.43,
2025-04-10,517.3019409179688,40.720001220703125,35.709999084472656,70.38541412353516,98.64601135253906,81.10132598876953,1.97,0.56,
2025-04-11,526.5320434570312,37.560001373291016,33.90999984741211,70.59699249267578,98.62728881835938,81.54240417480469,1.9,0.52,-0.382
2025-04-14,531.6401977539062,30.889999389648438,29.6299991607666,70.94657135009766,99.23648834228516,82.12425231933594,1.9,0.54,
2025-04-15,530.1510620117188,30.1200008392334,29.0,71.1397705078125,99.77072143554688,82.4151840209961,1.9,0.51,
2025-04-16,518.3668823242188,32.63999938964844,30.940000534057617,71.13056182861328,100.19248962402344,82.87503051757812,1.92,0.52,
2025-04-17,519.1065063476562,29.649999618530273,29.350000381469727,71.54454040527344,100.05191040039062,82.14303588867188,1.92,0.53,
2025-04-21,506.7503662109375,33.81999969482422,31.829999923706055,71.12136840820312,98.97406005859375,80.70716857910156,1.96,0.67,
2025-04-22,519.9348754882812,30.56999969482422,29.450000762939453,71.39735412597656,99.2177505493164,81.15763092041016,1.93,0.65,
2025-04-23,527.991455078125,28.450000762939453,28.020000457763672,71.75614166259766,99.65824890136719,81.94595336914062,1.86,0.59,
2025-04-24,539.1051635742188,26.469999313354492,26.440000534057617,72.40007781982422,100.67985534667969,82.809326171875,1.86,0.55,
2025-04-25,543.0003662109375,24.84000015258789,25.3700008392334,72.46448516845703,101.21409606933594,83.41932678222656,1.84,0.55,-0.389
2025-04-28,543.2073974609375,25.149999618530273,25.729999542236328,72.50128173828125,101.44841003417969,83.94486999511719,1.87,0.56,
2025-04-29,546.6292724609375,24.170000076293945,25.219999313354492,72.69447326660156,101.68273162841797,84.6487045288086,1.88,0.54,
2025-04-30,546.84619140625,24.700000762939453,25.540000915527344,72.30809020996094,101.2047348022461,83.96363067626953,1.96,0.57,
2025-05-01,550.7216796875,24.600000381469727,25.489999771118164,72.40148162841797,100.84901428222656,83.53787994384766,1.95,0.55,
2025-05-02,558.896728515625,22.68000030517578,24.0,72.62342834472656,100.6043701171875,82.63365173339844,1.9,0.5,-0.403
2025-05-05,555.6918334960938,23.639999389648438,24.549999237060547,72.59567260742188,100.46319580078125,82.172119140625,1.91,0.53,
2025-05-06,551.0470581054688,24.760000228881836,25.40999984741211,72.54019927978516,100.66082763671875,82.44528198242188,1.95,0.52,
2025-05-07,553.3645629882812,23.549999237060547,24.700000762939453,72.60491180419922,100.86783599853516,82.79376220703125,1.95,0.48,
2025-05-08,557.22021484375,22.479999542236328,23.760000228881836,72.58642578125,100.35969543457031,81.87069702148438,1.89,0.47,
2025-05-09,556.5103149414062,21.899999618530273,23.3799991607666,72.63267517089844,100.32205200195312,81.99315643310547,1.89,0.49,-0.42
2025-05-12,574.9015502929688,18.389999389648438,20.219999313354492,73.35389709472656,100.30322265625,81.23020935058594,1.82,0.47,
2025-05-13,578.6981201171875,18.219999313354492,20.09000015258789,73.48335266113281,100.38790893554688,80.90054321289062,1.82,0.47,
2025-05-14,579.437744140625,18.6200008392334,20.579999923706055,73.2152099609375,99.8797607421875,80.3636474609375,1.8,0.48,
2025-05-15,582.2678833007812,17.829999923706055,20.25,73.35389709472656,100.5949478149414,81.07009887695312,1.83,0.49,
2025-05-16,585.9559936523438,17.239999771118164,20.079999923706055,73.4371109008789,100.78313446044922,81.28673553466797,1.82,0.45,-0.438
2025-05-19,586.5969848632812,18.139999389648438,20.690000534057617,73.40013885498047,100.79254913330078,81.0512466430664,1.84,0.49,
2025-05-20,584.6246948242188,18.09000015258789,20.719999313354492,73.36314392089844,100.54788970947266,80.4672622680664,1.82,0.51,
2025-05-21,574.7732543945312,20.8700008392334,22.65999984741211,72.87306213378906,99.42809295654297,79.09207153320312,1.85,0.58,
2025-05-22,575.0001831054688,20.280000686645508,22.31999969482422,73.02103424072266,99.93621826171875,79.50651550292969,1.87,0.54,
2025-05-23,571.0753784179688,22.290000915527344,23.799999237060547,73.00251770019531,100.01150512695312,79.63838195800781,1.88,0.51,-0.454
2025-05-27,582.9483032226562,18.959999084472656,21.290000915527344,73.44635772705078,100.9148941040039,80.74983978271484,1.84,0.51,
2025-05-28,579.5758056640625,19.309999465942383,21.670000076293945,73.40013885498047,100.67022705078125,80.40131378173828,1.83,0.51,
2025-05-29,581.8635864257812,19.18000030517578,21.6200008392334,73.5110855102539,101.12189483642578,81.14543151855469,1.81,0.51,
2025-05-30,581.2128295898438,18.56999969482422,21.3799991607666,73.5758285522461,101.41362762451172,81.26789093017578,1.84,0.52,-0.466
2025-06-02,584.4867553710938,18.360000610351562,21.09000015258789,73.56282043457031,101.12651062011719,80.51155090332031,1.84,0.52,
2025-06-03,587.8197631835938,17.690000534057617,20.719999313354492,73.7021713256836,101.17373657226562,80.3697280883789,1.81,0.5,
2025-06-04,587.6619873046875,17.610000610351562,20.65999984741211,73.84153747558594,101.91041564941406,81.67440795898438,1.8,0.5,
2025-06-05,584.8218994140625,18.479999542236328,21.110000610351562,73.68360900878906,101.59874725341797,81.73113250732422,1.77,0.48,
2025-06-06,590.8274536132812,16.770000457763672,20.020000457763672,73.67430114746094,100.98481750488281,80.69116973876953,1.73,0.47,-0.475
2025-06-09,591.3599853515625,17.15999984741211,20.09000015258789,73.71145629882812,101.28707122802734,80.77628326416016,1.72,0.48,
2025-06-10,594.7128295898438,16.950000762939453,19.940000534057617,73.88796997070312,101.53263854980469,81.1922378540039,1.71,0.46,
2025-06-11,593.0166625976562,17.260000228881836,20.299999237060547,73.86940002441406,101.85374450683594,81.43805694580078,1.74,0.47,
2025-06-12,595.3734741210938,18.020000457763672,20.649999618530273,73.95301818847656,102.42044830322266,82.41182708740234,1.73,0.46,
2025-06-13,588.7172241210938,20.81999969482422,22.6200008392334,73.73004913330078,101.8065414428711,81.61769104003906,1.75,0.45,-0.483
2025-06-16,594.3182983398438,19.110000610351562,21.229999542236328,73.87869262695312,101.62708282470703,80.795166015625,1.74,0.49,
2025-06-17,589.2398681640625,21.600000381469727,22.90999984741211,73.79508209228516,101.9765396118164,81.77840423583984,1.74,0.45,
2025-06-18,589.1510009765625,20.139999389648438,21.969999313354492,73.90656280517578,102.0521011352539,81.92020416259766,1.77,0.44,
2025-06-20,587.7673950195312,20.6200008392334,22.479999542236328,74.13883209228516,102.1371078491211,81.76892852783203,1.76,0.48,-0.49
2025-06-23,593.5730590820312,19.829999923706055,21.81999969482422,74.27818298339844,102.3921127319336,82.03366088867188,1.77,0.5,
2025-06-24,600.13037109375,17.479999542236328,20.049999237060547,74.48258209228516,102.8738021850586,82.62928771972656,1.78,0.55,
2025-06-25,600.4666748046875,16.760000228881836,19.670000076293945,74.46399688720703,102.75102996826172,82.7332763671875,1.79,0.55,
2025-06-26,605.1646118164062,16.59000015258789,19.450000762939453,74.67768096923828,103.12881469726562,83.14925384521484,1.8,0.56,
2025-06-27,608.1712646484375,16.31999969482422,19.450000762939453,74.6405258178711,102.95882415771484,82.61981964111328,1.79,0.56,-0.496
2025-06-30,611.0789794921875,16.729999542236328,19.440000534057617,74.92853546142578,103.52549743652344,83.4328842163086,1.75,0.52,
2025-07-01,610.8812866210938,16.829999923706055,19.510000228881836,74.83424377441406,103.65064239501953,83.63975524902344,1.72,0.48,
2025-07-02,613.650634765625,16.639999389648438,19.350000381469727,74.97425842285156,103.63170623779297,83.10833740234375,1.7,0.52,
2025-07-03,618.487060546875,16.3799991607666,19.209999084472656,75.02095031738281,103.38519287109375,82.52949523925781,1.67,0.47,
2025-07-07,613.8779907226562,17.790000915527344,20.209999084472656,74.76891326904297,102.76902770996094,81.74186706542969,1.71,0.5,
2025-07-08,613.5418090820312,16.809999465942383,19.579999923706055,74.66621398925781,102.47516632080078,81.63748168945312,1.71,0.52,
2025-07-09,617.2210083007812,15.9399995803833,19.020000457763672,74.87157440185547,103.06290435791016,82.49153900146484,1.73,0.48,
2025-07-10,618.9617309570312,15.779999732971191,18.920000076293945,74.79691314697266,103.08185577392578,82.54845428466797,1.7,0.49,
2025-07-11,616.785888671875,16.399999618530273,19.3700008392334,74.70356750488281,102.45620727539062,81.40972900390625,1.72,0.53,-0.51
2025-07-14,617.9627685546875,17.200000762939453,19.84000015258789,74.75958251953125,102.4277572631836,81.23892211914062,1.73,0.53,
2025-07-15,615.322021484375,17.3799991607666,20.059999465942383,74.5355453491211,102.05806732177734,80.6695556640625,1.7,0.55,
2025-07-16,617.3792114257812,17.15999984741211,20.09000015258789,74.73157501220703,102.21920776367188,80.78341674804688,1.73,0.58,
2025-07-17,621.1573486328125,16.520000457763672,19.690000534057617,74.80624389648438,102.46566772460938,80.76446533203125,1.71,0.56,
2025-07-18,620.7024536132812,16.40999984741211,19.579999923706055,74.908935546875,102.65526580810547,80.88780975341797,1.73,0.56,-0.514
2025-07-21,621.87939453125,16.649999618530273,19.510000228881836,75.0115966796875,103.05341339111328,81.6090087890625,1.73,0.53,
2025-07-22,621.9684448242188,16.5,19.530000686645508,75.14229583740234,103.29989624023438,82.10246276855469,1.73,0.52,
2025-07-23,627.259765625,15.369999885559082,18.559999465942383,75.17961883544922,103.13874816894531,81.64698791503906,1.71,0.52,
2025-07-24,627.4674682617188,15.390000343322754,18.559999465942383,75.08628845214844,102.98705291748047,81.50462341308594,1.68,0.52,
2025-07-25,630.1181030273438,14.930000305175781,18.31999969482422,75.13296508789062,103.31884765625,82.0170669555664,1.69,0.49,-0.519
2025-07-28,629.9598999023438,15.029999732971191,18.15999984741211,75.09562683105469,103.11031341552734,81.48563385009766,1.69,0.51,
2025-07-29,628.29833984375,15.979999542236328,18.770000457763672,75.14229583740234,103.79281616210938,82.86161041259766,1.7,0.48,
2025-07-30,627.5070190429688,15.479999542236328,18.350000381469727,74.98359680175781,103.40419006347656,82.43460083007812,1.69,0.44,
2025-07-31,625.1531372070312,16.719999313354492,19.139999389648438,75.0302734375,103.43260955810547,82.4820327758789,1.67,0.43,
2025-08-01,614.9065551757812,20.3799991607666,21.239999771118164,75.03402709960938,104.35017395019531,83.65464782714844,1.75,0.54,-0.521
2025-08-04,624.2531127929688,17.520000457763672,19.610000610351562,75.28733825683594,104.53104400634766,83.88326263427734,1.74,0.53,
2025-08-05,621.088134765625,17.850000381469727,20.030000686645508,75.24980163574219,104.607177734375,84.14046478271484,1.72,0.5,
2025-08-06,625.8455200195312,16.770000457763672,19.469999313354492,75.3248519897461,104.5786361694336,83.65464782714844,1.75,0.53,
2025-08-07,625.3212890625,16.56999969482422,19.350000381469727,75.24980163574219,104.47390747070312,83.51175689697266,1.74,0.51,
2025-08-08,630.1972045898438,15.149999618530273,18.700000762939453,75.25918579101562,104.1407699584961,83.1497802734375,1.74,0.51,-0.523
2025-08-11,628.9510498046875,16.25,19.25,75.25918579101562,104.3025894165039,83.24504089355469,1.72,0.51,
2025-08-12,635.6468505859375,14.729999542236328,18.34000015258789,75.42805480957031,104.39775085449219,82.825927734375,1.73,0.57,
2025-08-13,637.8228149414062,14.489999771118164,18.329999923706055,75.62506866455078,104.9498291015625,83.51175689697266,1.71,0.57,
2025-08-14,637.882080078125,14.829999923706055,18.489999771118164,75.42805480957031,104.588134765625,82.8926010131836,1.71,0.55,
2025-08-15,636.3886108398438,15.09000015258789,18.639999389648438,75.4843521118164,104.45487213134766,82.30200958251953,1.69,0.58,-0.526
2025-08-18,636.2501831054688,14.989999771118164,18.450000762939453,75.42805480957031,104.26451110839844,82.0638656616211,1.7,0.57,
2025-08-19,632.79833984375,15.569999694824219,18.899999618530273,75.40928649902344,104.42633056640625,82.5401382446289,1.71,0.55,
2025-08-20,631.1170043945312,15.6899995803833,19.100000381469727,75.38113403320312,104.47390747070312,82.72113037109375,1.73,0.55,
2025-08-21,628.5851440429688,16.600000381469727,19.40999984741211,75.24042510986328,104.07415771484375,82.3115234375,1.72,0.54,
2025-08-22,638.2381591796875,14.220000267028809,17.760000228881836,75.85021209716797,104.8927230834961,82.92117309570312,1.73,0.58,-0.527
2025-08-25,635.4292602539062,14.789999961853027,18.020000457763672,75.70010375976562,104.61669921875,82.68302917480469,1.7,0.55,
2025-08-26,638.0897827148438,14.619999885559082,17.899999618530273,75.86898040771484,104.69283294677734,82.63541412353516,1.75,0.65,
2025-08-27,639.543701171875,14.850000381469727,17.940000534057617,75.96279907226562,104.73090362548828,82.5401382446289,1.77,0.65,
2025-08-28,641.8085327148438,14.430000305175781,17.719999313354492,76.00032806396484,104.8927230834961,83.0831069946289,1.75,0.6,
2025-08-29,637.9810180664062,15.359999656677246,18.350000381469727,75.85961151123047,104.51200103759766,82.49251556396484,1.8,0.64,-0.528
2025-09-02,633.25341796875,17.170000076293945,19.3799991607666,75.77760314941406,104.16238403320312,81.8786392211914,1.81,0.62,
2025-09-03,636.6853637695312,16.350000381469727,18.93000030517578,75.98497772216797,104.78325653076172,82.77745819091797,1.78,0.61,
2025-09-04,642.0064086914062,15.300000190734863,18.389999389648438,76.19233703613281,105.49964904785156,83.4085464477539,1.8,0.58,
2025-09-05,640.14697265625,15.180000305175781,18.420000076293945,76.23006439208984,106.1873779296875,84.6802749633789,1.78,0.59,-0.528
2025-09-08,641.7196044921875,15.109999656677246,18.290000915527344,76.23006439208984,106.55990600585938,85.80859375,1.76,0.56,
2025-09-09,643.203125,15.039999961853027,18.270000457763672,76.14522552490234,106.36885833740234,85.3209228515625,1.75,0.54,
2025-09-10,645.0625,15.350000381469727,18.440000534057617,76.20176696777344,106.68406677246094,85.80859375,1.75,0.5,
2025-09-11,650.4231567382812,14.710000038146973,18.030000686645508,76.39030456542969,107.18074798583984,86.3823013305664,1.74,0.49,
2025-09-12,650.2054443359375,14.760000228881836,18.059999465942383,76.31488800048828,106.98973083496094,86.0093765258789,1.7,0.5,-0.528
2025-09-15,653.6671752929688,15.6899995803833,18.530000686645508,76.53169250488281,107.32403564453125,86.21017456054688,1.68,0.51,
2025-09-16,652.7671508789062,16.360000610351562,18.90999984741211,76.47512817382812,107.22853088378906,86.3918685913086,1.69,0.53,
2025-09-17,651.9561157226562,15.720000267028809,18.440000534057617,76.39972686767578,107.0374755859375,86.17194366455078,1.7,0.54,
2025-09-18,655.0023193359375,15.699999809265137,18.520000457763672,76.56941223144531,106.81780242919922,85.28268432617188,1.68,0.54,
2025-09-19,658.2465209960938,15.449999809265137,18.479999542236328,76.5976791381836,106.7318115234375,85.12013244628906,1.68,0.57,-0.527
2025-09-22,661.3606567382812,16.100000381469727,18.950000762939453,76.65425109863281,106.4930419921875,84.81415557861328,1.67,0.54,
2025-09-23,657.7606201171875,16.639999389648438,19.440000534057617,76.5976791381836,106.70317840576172,85.40699768066406,1.69,0.59,
2025-09-24,655.6677856445312,16.18000030517578,19.139999389648438,76.4939956665039,106.2733383178711,85.08189392089844,1.68,0.59,
2025-09-25,652.6429443359375,16.739999771118164,19.459999084472656,76.27718353271484,106.08231353759766,85.08189392089844,1.67,0.54,
2025-09-26,656.3819580078125,15.289999961853027,18.40999984741211,76.42801666259766,106.22557067871094,85.00540161132812,1.65,0.57,-0.527
2025-09-29,658.2266845703125,16.1200008392334,18.760000228881836,76.55998229980469,106.5790023803711,85.70339965820312,1.64,0.52,
2025-09-30,660.7061157226562,16.280000686645508,18.770000457763672,76.53169250488281,106.47393798828125,85.45479583740234,1.67,0.56,
2025-10-01,662.95751953125,16.290000915527344,18.760000228881836,76.67469787597656,106.90149688720703,85.67549133300781,1.69,0.57,
2025-10-02,663.7210693359375,16.6299991607666,18.889999389648438,76.64628601074219,107.07405853271484,85.92496490478516,1.68,0.55,
2025-10-03,663.7112426757812,16.649999618530273,19.079999923706055,76.56104278564453,106.93984985351562,85.76185607910156,1.66,0.55,-0.526
2025-10-06,666.0914916992188,16.3700008392334,19.1200008392334,76.58000183105469,106.59471893310547,85.08058166503906,1.65,0.58,
2025-10-07,663.6219482421875,17.239999771118164,19.709999084472656,76.49476623535156,106.79603576660156,85.5699462890625,1.67,0.57,
2025-10-08,667.5791625976562,16.299999237060547,19.260000228881836,76.381103515625,106.66182708740234,85.63710021972656,1.68,0.55,
2025-10-09,665.6452026367188,16.43000030517578,19.3799991607666,76.16328430175781,106.450927734375,85.5699462890625,1.69,0.54,
2025-10-10,647.6542358398438,21.65999984741211,22.809999465942383,75.7181625366211,106.74810791015625,86.95165252685547,1.72,0.53,-0.524
2025-10-13,657.5919189453125,19.030000686645508,20.93000030517578,76.19168853759766,107.11241149902344,86.9036636352539,,,
2025-10-14,656.78857421875,20.809999465942383,22.030000686645508,76.27693939208984,107.46711730957031,87.18194580078125,1.71,0.55,
2025-10-15,659.7044067382812,20.639999389648438,21.940000534057617,76.5231704711914,107.46711730957031,86.99002838134766,1.68,0.55,
2025-10-16,655.2117309570312,25.309999465942383,24.8700008392334,76.24851989746094,107.77388763427734,87.64249420166016,1.71,0.58,
2025-10-17,658.9308471679688,20.780000686645508,22.09000015258789,76.44740295410156,107.56298065185547,87.50817108154297,1.7,0.56,-0.521
2025-10-20,665.7840576171875,18.229999542236328,20.309999465942383,76.59895324707031,107.88893127441406,87.84400939941406,1.68,0.54,
2025-10-21,665.7741088867188,17.8700008392334,19.989999771118164,76.48530578613281,107.9081039428711,88.2757797241211,1.67,0.53,
2025-10-22,662.3128051757812,18.600000381469727,20.309999465942383,76.40953826904297,108.0135498046875,88.33336639404297,1.69,0.52,
2025-10-23,666.2402954101562,17.299999237060547,19.649999618530273,76.58000183105469,107.87934875488281,87.72887420654297,1.66,0.53,
2025-10-24,671.6851806640625,16.3700008392334,19.200000762939453,76.7883529663086,108.06149291992188,87.76724243164062,1.65,0.54,-0.518
2025-10-27,679.6094970703125,15.789999961853027,18.989999771118164,76.97776794433594,108.2436294555664,88.064697265625,1.63,0.53,
2025-10-28,681.41455078125,16.420000076293945,19.549999237060547,76.9020004272461,108.25322723388672,88.29497528076172,1.65,0.52,
2025-10-29,681.7418823242188,16.920000076293945,19.829999923706055,76.66523742675781,107.63967895507812,87.40261840820312,1.61,0.49,
2025-10-30,674.2439575195312,16.90999984741211,19.979999542236328,76.5231704711914,107.0644760131836,86.8940658569336,1.64,0.5,
2025-10-31,676.4556274414062,17.440000534057617,20.489999771118164,76.5231704711914,106.63307189941406,86.635009765625,1.69,0.51,-0.515
2025-11-03,677.7251586914062,17.170000076293945,20.3799991607666,76.28518676757812,106.34634399414062,86.41834259033203,1.71,0.53,
2025-11-04,669.6917114257812,19.0,21.290000915527344,76.29471588134766,106.49066925048828,86.61094665527344,1.72,0.52,
2025-11-05,672.0125122070312,18.010000228881836,20.600000381469727,76.37088012695312,106.17314910888672,85.66720581054688,1.7,0.54,
2025-11-06,664.8021850585938,19.5,21.350000381469727,76.39942932128906,106.731201171875,86.43759155273438,1.72,0.54,
2025-11-07,665.4567260742188,19.079999923706055,21.190000534057617,76.466064453125,106.51953887939453,86.25462341308594,1.75,0.56,-0.511
2025-11-10,675.8407592773438,17.600000381469727,20.239999771118164,76.72306823730469,106.5772476196289,86.2353744506836,1.73,0.55,
2025-11-11,677.3878784179688,17.280000686645508,20.190000534057617,76.80874633789062,107.00060272216797,86.63018798828125,,,
2025-11-12,677.7647705078125,17.510000228881836,20.34000015258789,76.65643310546875,106.89478302001953,86.7842788696289,1.75,0.52,
2025-11-13,666.5179443359375,20.0,21.850000381469727,76.34231567382812,106.36560821533203,86.07167053222656,1.77,0.53,
2025-11-14,666.408935546875,19.829999923706055,21.579999923706055,76.3613510131836,106.07695770263672,85.58055114746094,1.77,0.52,-0.509
2025-11-17,660.2002563476562,22.3799991607666,23.18000030517578,76.23760223388672,106.14430236816406,85.79238891601562,1.77,0.53,
2025-11-18,654.65625,24.690000534057617,24.540000915527344,76.25664520263672,106.1924057006836,85.76350402832031,1.79,0.54,
2025-11-19,657.185302734375,23.65999984741211,23.989999771118164,76.29471588134766,106.20201110839844,85.59017181396484,1.79,0.55,
2025-11-20,647.1683349609375,26.420000076293945,25.760000228881836,76.24712371826172,106.34634399414062,85.92721557617188,1.8,0.55,
2025-11-21,653.6148681640625,23.43000030517578,23.959999084472656,76.50414276123047,106.7215805053711,86.18724060058594,1.82,0.55,-0.509
2025-11-24,663.2351684570312,20.520000457763672,21.850000381469727,76.71355438232422,107.14493560791016,86.67833709716797,1.8,0.58,
2025-11-25,669.4734497070312,18.559999465942383,20.729999542236328,76.98008728027344,107.44318389892578,86.89983367919922,1.79,0.58,
2025-11-26,674.09521484375,17.190000534057617,20.020000457763672,77.05624389648438,107.80882263183594,87.28502655029297,1.78,0.55,
2025-11-28,677.7747192382812,16.350000381469727,19.639999389648438,77.09431457519531,107.62600708007812,86.87093353271484,1.78,0.55,-0.51
2025-12-01,674.6803588867188,17.239999771118164,20.219999313354492,76.95564270019531,107.04948425292969,85.78951263427734,1.78,0.55,
2025-12-02,675.9300537109375,16.59000015258789,19.84000015258789,77.09909057617188,107.11707305908203,85.82817077636719,1.76,0.58,
2025-12-03,678.2706298828125,16.079999923706055,19.709999084472656,77.16604614257812,107.35850524902344,86.06977081298828,1.77,0.57,
2025-12-04,678.7665405273438,15.779999732971191,19.489999771118164,77.2234115600586,107.16535949707031,85.60589599609375,1.76,0.59,
2025-12-05,680.0557861328125,15.40999984741211,19.270000457763672,77.2234115600586,107.05914306640625,85.20964813232422,1.74,0.58,-0.514
2025-12-08,678.0127563476562,16.65999984741211,19.90999984741211,77.03215026855469,106.83702850341797,84.92938232421875,1.73,0.6,
2025-12-09,677.4275512695312,16.93000030517578,20.079999923706055,76.94608306884766,106.70183563232422,85.01637268066406,1.73,0.57,
2025-12-10,681.92041015625,15.770000457763672,19.350000381469727,77.20428466796875,107.19432830810547,85.34495544433594,1.76,0.59,
2025-12-11,683.5072021484375,14.850000381469727,19.049999237060547,77.19473266601562,107.039794921875,85.2289810180664,1.73,0.62,
2025-12-12,676.1580810546875,15.739999771118164,19.25,77.05127716064453,106.39279174804688,84.40751647949219,1.76,0.67,-0.519
2025-12-15,675.1365356445312,16.5,19.68000030517578,77.08953094482422,106.51832580566406,84.46552276611328,1.77,0.67,
2025-12-16,673.2918701171875,16.479999542236328,19.670000076293945,77.1373519897461,106.75977325439453,84.92938232421875,1.78,0.67,
2025-12-17,665.8832397460938,17.6200008392334,20.079999923706055,77.04171752929688,106.64387512207031,84.85208129882812,1.78,0.67,
2025-12-18,670.9114990234375,16.8700008392334,19.59000015258789,77.25211334228516,107.04948425292969,85.25798034667969,1.78,0.66,
2025-12-19,676.9923095703125,14.90999984741211,18.25,77.21464538574219,106.77412414550781,84.93975830078125,1.76,0.68,-0.528
2025-12-22,681.2098388671875,14.079999923706055,17.790000915527344,77.28189086914062,106.7547378540039,84.75541687011719,1.76,0.73,
2025-12-23,684.3233032226562,14.0,17.84000015258789,77.33953094482422,106.86138153076172,84.89124298095703,1.74,0.7,
2025-12-24,686.7305297851562,13.470000267028809,17.770000457763672,77.48367309570312,107.27828216552734,85.40544891357422,1.73,0.68,
2025-12-26,686.660888671875,13.600000381469727,17.770000457763672,77.44523620605469,107.26858520507812,85.12409973144531,1.75,0.68,-0.54
2025-12-29,684.2138671875,14.199999809265137,17.81999969482422,77.47406005859375,107.41403198242188,85.44425201416016,1.76,0.67,
2025-12-30,683.3782958984375,14.329999923706055,17.770000457763672,77.55094146728516,107.2879867553711,85.24051666259766,1.75,0.69,
2025-12-31,678.3152465820312,14.949999809265137,18.18000030517578,77.47406005859375,106.83231353759766,84.5613784790039,1.72,0.71,
2026-01-02,679.55859375,14.510000228881836,18.020000457763672,77.51249694824219,106.80321502685547,84.43526458740234,1.74,0.72,-0.551
2026-01-05,684.0845947265625,14.899999618530273,18.31999969482422,77.71427154541016,107.10377502441406,84.8524398803711,1.75,0.71,
2026-01-06,688.1529541015625,14.75,18.149999618530273,77.73350524902344,107.10377502441406,84.67779541015625,1.74,0.71,
2026-01-07,685.9347534179688,15.380000114440918,18.59000015258789,77.71427154541016,107.18134307861328,85.17259216308594,1.73,0.68,
2026-01-08,685.8651123046875,15.449999809265137,18.389999389648438,77.77191925048828,106.88078308105469,84.74571990966797,1.73,0.7,
2026-01-09,690.4010009765625,14.489999771118164,17.8799991607666,77.82958221435547,107.26858520507812,85.30841827392578,1.7,0.64,-0.563
2026-01-12,691.4852294921875,15.119999885559082,18.229999542236328,77.86802673339844,107.1425552368164,85.05616760253906,1.7,0.65,
2026-01-13,690.1026000976562,15.979999542236328,18.850000381469727,77.86802673339844,107.37523651123047,85.20171356201172,1.69,0.65,
2026-01-14,686.7105712890625,16.75,19.3700008392334,77.86802673339844,107.64671325683594,85.6965103149414,1.68,0.64,
2026-01-15,688.5806884765625,15.84000015258789,18.899999618530273,77.86802673339844,107.5109634399414,85.6771011352539,1.65,0.61,
2026-01-16,688.0037231445312,15.859999656677246,18.989999771118164,77.91605377197266,107.20071411132812,85.18230438232422,1.63,0.65,-0.569
2026-01-20,673.9981689453125,20.09000015258789,21.280000686645508,77.71427154541016,106.55113220214844,84.06658172607422,1.65,0.7,
2026-01-21,681.77685546875,16.899999618530273,19.360000610351562,77.94487762451172,107.1910400390625,84.7069091796875,1.62,0.66,
2026-01-22,685.3379516601562,15.640000343322754,18.75,78.00254821777344,107.39462280273438,85.07559204101562,1.59,0.65,
2026-01-23,685.5865478515625,16.09000015258789,19.149999618530273,77.964111328125,107.46247100830078,85.30841827392578,1.61,0.64,-0.571
2026-01-26,689.068115234375,16.149999618530273,19.06999969482422,78.00254821777344,107.54975128173828,85.71590423583984,1.61,0.66,
2026-01-27,691.8134765625,16.350000381469727,19.219999313354492,77.99293518066406,107.43341064453125,85.18230438232422,1.61,0.71,
2026-01-28,691.7438354492188,16.350000381469727,19.299999237060547,77.86802673339844,107.27828216552734,84.98827362060547,1.62,0.7,
2026-01-29,690.3711547851562,16.8799991607666,19.670000076293945,77.85840606689453,107.307373046875,85.0076675415039,1.63,0.71,
2026-01-30,688.3121337890625,17.440000534057617,20.06999969482422,77.94487762451172,107.20071411132812,84.53227996826172,1.62,0.74,-0.567
2026-02-02,691.73388671875,16.34000015258789,19.3700008392334,77.99219512939453,107.10145568847656,84.29075622558594,1.61,0.72,
2026-02-03,685.885009765625,18.0,20.350000381469727,77.94393157958984,107.15011596679688,84.49526977539062,1.63,0.71,
2026-02-04,682.5626831054688,18.639999389648438,20.6200008392334,77.84736633300781,107.01387786865234,84.28101348876953,1.64,0.72,
2026-02-05,674.0379638671875,21.770000457763672,22.450000762939453,77.76045989990234,107.5296401977539,85.19648742675781,1.67,0.74,
2026-02-06,686.96923828125,20.3700008392334,20.3700008392334,78.03083038330078,107.58802032470703,85.25492095947266,1.65,0.72,-0.559
2026-02-09,690.2816162109375,17.360000610351562,20.09000015258789,78.13704681396484,107.58802032470703,85.23543548583984,1.64,0.74,
2026-02-10,688.4613037109375,17.790000915527344,20.43000030517578,78.0597915649414,107.84102630615234,86.21906280517578,1.66,0.71,
2026-02-11,688.3021850585938,17.649999618530273,20.3700008392334,78.05014038085938,107.72425842285156,85.7613296508789,1.67,0.66,
2026-02-12,677.668701171875,20.81999969482422,22.170000076293945,78.01150512695312,108.23028564453125,86.90080261230469,1.68,0.62,
2026-02-13,678.1461181640625,20.600000381469727,22.170000076293945,78.06944274902344,108.59033203125,87.37800598144531,1.72,0.64,-0.545
2026-02-17,679.2402954101562,20.290000915527344,21.600000381469727,78.03083038330078,108.69737243652344,87.52408599853516,1.7,0.62,
2026-02-18,682.662109375,19.6200008392334,21.389999389648438,78.12738800048828,108.59033203125,87.19296264648438,1.67,0.62,
2026-02-19,680.8616943359375,20.229999542236328,21.8799991607666,78.15634155273438,108.67791748046875,87.28062438964844,1.68,0.61,
2026-02-20,685.7855834960938,19.09000015258789,21.09000015258789,78.21428680419922,108.59033203125,87.07610321044922,1.69,0.6,-0.528
2026-02-23,678.7827758789062,21.010000228881836,22.139999389648438,78.08877563476562,108.70710754394531,87.3974838256836,1.73,0.6,
2026-02-24,683.7164916992188,19.549999237060547,21.34000015258789,78.03083038330078,108.67791748046875,87.55330657958984,1.73,0.61,
2026-02-25,689.4859008789062,17.93000030517578,20.360000610351562,78.13704681396484,108.64871978759766,87.56304931640625,1.73,0.6,
2026-02-26,685.6561889648438,18.6299991607666,20.809999465942383,78.06944274902344,108.71683502197266,87.91364288330078,1.75,0.6,
2026-02-27,682.3637084960938,19.860000610351562,21.559999465942383,77.94393157958984,108.67791748046875,88.44929504394531,1.8,0.59,-0.509
2026-03-02,682.7516479492188,21.440000534057617,22.440000534057617,77.89928436279297,108.30977630615234,87.56108093261719,1.78,0.58,
2026-03-03,676.7337036132812,23.56999969482422,23.540000915527344,77.74402618408203,108.2609634399414,87.38519287109375,1.78,0.55,
2026-03-04,681.50830078125,21.149999618530273,22.290000915527344,78.01571655273438,108.35861206054688,87.11160278320312,1.74,0.55,
2026-03-05,677.7084350585938,23.75,23.860000610351562,77.70521545410156,107.92896270751953,86.75982666015625,1.76,0.56,
2026-03-06,668.8256225585938,29.489999771118164,27.559999465942383,77.32677459716797,107.56767272949219,86.43737030029297,1.75,0.59,-0.49
2026-03-09,674.6845092773438,25.5,25.34000015258789,77.79254150390625,108.21212768554688,87.18977355957031,1.78,0.56,
2026-03-10,673.6002807617188,24.93000030517578,25.510000228881836,77.6664047241211,107.47001647949219,86.26148986816406,1.77,0.58,
2026-03-11,672.7548217773438,24.229999542236328,24.969999313354492,77.49175262451172,106.5912094116211,85.14755249023438,1.84,0.57,
2026-03-12,662.5390625,27.290000915527344,26.950000762939453,76.99685668945312,106.01508331298828,84.9814453125,1.84,0.51,
2026-03-13,658.7890014648438,27.190000534057617,27.280000686645508,76.85130310058594,105.62449645996094,84.56127166748047,1.83,0.55,-0.474
2026-03-16,665.493408203125,23.510000228881836,24.920000076293945,77.09388732910156,106.13225555419922,85.21595001220703,1.85,0.55,
2026-03-17,667.2440185546875,22.3700008392334,24.329999923706055,77.44322204589844,106.7279052734375,85.45045471191406,1.85,0.52,
2026-03-18,657.9335327148438,25.09000015258789,26.559999465942383,77.04537963867188,106.15178680419922,84.97167205810547,1.81,0.5,
2026-03-19,656.3121337890625,24.059999465942383,25.540000915527344,77.29767608642578,106.62049102783203,85.48954772949219,1.81,0.46,
2026-03-20,646.9034423828125,26.780000686645508,27.43000030517578,76.5796127319336,105.3120346069336,83.86750793457031,1.79,0.51,-0.464
2026-03-23,653.6959228515625,26.149999618530273,26.100000381469727,77.08419036865234,106.00531768798828,84.41470336914062,1.79,0.51,
2026-03-24,651.5015869140625,26.950000762939453,26.559999465942383,76.82220458984375,105.79049682617188,84.04339599609375,1.75,0.49,
2026-03-25,655.1322021484375,25.329999923706055,25.6299991607666,77.06478881835938,106.17131805419922,84.85441589355469,1.76,0.49,
2026-03-26,643.432373046875,27.440000534057617,27.15999984741211,76.5796127319336,105.34131622314453,84.14110565185547,1.73,0.46,
2026-03-27,632.4606323242188,31.049999237060547,29.270000457763672,76.38554382324219,105.08744049072266,83.68184661865234,1.78,0.56,-0.46
2026-03-30,630.3460693359375,30.610000610351562,29.1299991607666,76.47288513183594,105.76119995117188,84.79578399658203,1.79,0.53,
2026-03-31,648.6688842773438,25.25,25.549999237060547,77.20063781738281,106.42520904541016,84.70783996582031,1.79,0.51,
2026-04-01,653.5562744140625,24.540000915527344,24.860000610351562,77.38980102539062,106.5389404296875,84.62445068359375,1.75,0.52,
2026-04-02,654.144775390625,23.8700008392334,24.719999313354492,77.5750503540039,106.98995208740234,85.1444091796875,1.74,0.52,
2026-04-06,657.23681640625,24.170000076293945,24.770000457763672,77.71156311035156,106.8232650756836,85.00704956054688,1.7,0.5,
2026-04-07,657.5260009765625,25.780000686645508,25.56999969482422,77.73107147216797,106.94093322753906,84.99723815917969,1.75,0.52,
2026-04-08,674.27294921875,21.040000915527344,22.68000030517578,78.18934631347656,107.35272979736328,85.27193450927734,1.73,0.5,
2026-04-09,678.162841796875,19.489999771118164,21.809999465942383,78.27709197998047,107.35272979736328,85.05609893798828,1.73,0.51,
2026-04-10,677.7140502929688,19.229999542236328,21.860000610351562,77.965087890625,107.06838989257812,84.85008239746094,1.72,0.5,-0.475
2026-04-13,684.3369750976562,19.1200008392334,21.34000015258789,78.25759887695312,107.4802017211914,85.10516357421875,1.72,0.52,
2026-04-14,692.675537109375,18.360000610351562,20.81999969482422,78.4916000366211,107.83316802978516,85.55643463134766,1.7,0.5,
2026-04-15,698.1414184570312,18.170000076293945,20.780000686645508,78.45259857177734,107.79395294189453,85.18364715576172,1.69,0.53,
2026-04-16,699.8569946289062,17.940000534057617,20.770000457763672,78.34534454345703,107.29390716552734,84.64407348632812,1.71,0.54,
2026-04-17,708.3152465820312,17.479999542236328,20.510000228881836,78.63786315917969,107.89199829101562,85.41909790039062,1.72,0.55,-0.487
2026-04-20,706.8988037109375,18.8700008392334,21.239999771118164,78.5696029663086,107.8821792602539,85.39947509765625,1.72,0.54,
2026-04-21,702.2708129882812,19.5,21.510000228881836,78.3648452758789,107.47039031982422,84.92858123779297,1.7,0.52,
2026-04-22,709.3825073242188,18.920000076293945,21.239999771118164,78.4916000366211,107.67630004882812,85.09535217285156,1.69,0.51,
2026-04-23,706.6295776367188,19.309999465942383,21.479999542236328,78.3648452758789,107.38213348388672,84.9089584350586,1.68,0.51,
2026-04-24,712.10546875,18.709999084472656,21.299999237060547,78.47209930419922,107.46058654785156,85.06592559814453,1.7,0.53,-0.497
2026-04-27,713.332275390625,18.020000457763672,20.770000457763672,78.50135040283203,107.15663146972656,84.64407348632812,1.7,0.57,
2026-04-28,709.8612060546875,17.829999923706055,20.489999771118164,78.39409637451172,107.20565795898438,84.73236083984375,1.7,0.52,
2026-04-29,709.7515258789062,18.809999465942383,21.190000534057617,78.13084411621094,106.60757446289062,84.07505798339844,1.69,0.5,
2026-04-30,716.8132934570312,16.889999389648438,20.079999923706055,78.37459564208984,106.72522735595703,83.99658966064453,1.7,0.52,
2026-05-01,718.7982177734375,16.989999771118164,20.3700008392334,78.47164154052734,106.89747619628906,84.29691314697266,1.69,0.51,-0.505
2026-05-04,716.1649780273438,18.290000915527344,21.049999237060547,78.216796875,106.55296325683594,83.65687561035156,1.69,0.5,
2026-05-05,721.9102172851562,17.3799991607666,20.81999969482422,78.33440399169922,106.94670104980469,84.11967468261719,1.65,0.5,
2026-05-06,731.9443359375,17.389999389648438,20.56999969482422,78.56964874267578,107.47823333740234,84.75970458984375,1.66,0.49,
2026-05-07,729.7001342773438,17.079999923706055,20.350000381469727,78.27560424804688,107.03528594970703,84.33629608154297,1.65,0.49,
2026-05-08,735.724609375,17.190000534057617,20.5,78.55004119873047,107.48807525634766,84.75970458984375,1.65,0.48,-0.509
2026-05-11,737.4002685546875,18.3799991607666,21.239999771118164,78.39322662353516,107.22230529785156,84.24767303466797,1.65,0.47,
2026-05-12,736.2831420898438,17.989999771118164,21.040000915527344,78.28541564941406,106.85810852050781,83.68641662597656,1.66,0.46,
2026-05-13,740.4025268554688,17.8700008392334,21.18000030517578,78.32461547851562,106.91717529296875,83.49933624267578,1.66,0.48,
2026-05-14,746.2474975585938,17.260000228881836,20.850000381469727,78.26580047607422,106.8482666015625,83.61749267578125,1.62,0.47,
2026-05-15,737.2706298828125,18.43000030517578,21.360000610351562,77.88353729248047,106.16908264160156,82.37681579589844,1.62,0.5,-0.511
2026-05-18,736.751953125,17.81999969482422,20.920000076293945,77.96195220947266,105.97222137451172,82.27835083007812,1.59,0.54,
2026-05-19,731.8446044921875,18.059999465942383,21.1200008392334,77.77572631835938,105.44068908691406,81.74663543701172,1.57,0.54,
2026-05-20,739.3452758789062,17.440000534057617,20.760000228881836,78.27560424804688,106.25765991210938,82.62298583984375,1.59,0.53,
2026-05-21,740.8114624023438,16.760000228881836,20.0,78.31481170654297,106.4742202758789,82.92823028564453,1.59,0.49,
2026-05-22,743.7239990234375,16.700000762939453,20.030000686645508,78.32461547851562,106.67108917236328,83.38117218017578,1.57,0.43,-0.51
2026-05-25,,16.59000015258789,,,,,,,
2026-05-26,748.6613159179688,17.010000228881836,19.889999389648438,78.58924865722656,107.07465362548828,83.79473114013672,1.56,0.49,
2026-05-27,748.5316162109375,16.290000915527344,19.450000762939453,78.54023742675781,107.22230529785156,83.99166107177734,1.57,0.48,
2026-05-28,752.6609497070312,15.739999771118164,19.110000610351562,78.63825988769531,107.54712677001953,84.42491149902344,1.57,0.46,
2026-05-29,754.5361328125,15.319999694824219,18.65999984741211,78.7166748046875,107.64556884765625,84.44461059570312,1.57,0.47,-0.509
2026-06-01,756.5908203125,16.049999237060547,19.43000030517578,78.65657043457031,107.62876892089844,84.49008178710938,1.54,0.42,
2026-06-02,757.6182250976562,15.770000457763672,19.489999771118164,78.71569061279297,107.61888122558594,84.66802215576172,1.54,0.41,
2026-06-03,752.3018798828125,16.059999465942383,19.760000228881836,78.49894714355469,107.32247161865234,84.33191680908203,1.54,0.41,
2026-06-04,755.1445922851562,15.399999618530273,19.229999542236328,78.646728515625,107.54972076416016,84.51973724365234,1.54,0.42,
2026-06-05,735.65478515625,21.510000228881836,21.81999969482422,78.25265502929688,106.87784576416016,84.08477783203125,1.51,0.38,-0.508
2026-06-08,737.3204345703125,18.920000076293945,20.790000915527344,78.36101531982422,106.76915740966797,83.64982604980469,1.52,0.41,
2026-06-09,735.1560668945312,19.8700008392334,21.309999465942383,78.4398422241211,107.11498260498047,84.14409637451172,1.53,0.4,
2026-06-10,723.56591796875,22.219999313354492,22.889999389648438,78.29206848144531,106.86796569824219,83.90684509277344,1.53,0.42,
2026-06-11,735.8642578125,19.440000534057617,21.420000076293945,78.75509643554688,107.7769775390625,84.99423217773438,1.55,0.4,
2026-06-12,739.843994140625,17.68000030517578,20.510000228881836,78.75509643554688,107.70780944824219,84.7866439819336,1.53,0.39,-0.508
2026-06-15,752.890380859375,16.200000762939453,19.360000610351562,78.85360717773438,107.68805694580078,84.73722076416016,1.53,0.4,
2026-06-16,748.4019775390625,16.40999984741211,19.530000686645508,78.84375762939453,107.81649780273438,85.20182800292969,1.55,0.38,
2026-06-17,739.0560302734375,18.440000534057617,20.6200008392334,78.5482177734375,107.4706802368164,85.34022521972656,1.5,0.29,
2026-06-18,746.739990234375,16.399999618530273,19.56999969482422,78.82405853271484,107.76708984375,85.75540924072266,1.51,0.27,
2026-06-22,744.3900146484375,17.280000686645508,19.760000228881836,78.75509643554688,107.48055267333984,85.10297393798828,1.51,0.27,
2026-06-23,733.5800170898438,19.489999771118164,21.059999465942383,78.6861343383789,107.6090087890625,85.21170806884766,1.51,0.34,
2026-06-24,733.239990234375,18.6299991607666,20.3700008392334,78.66642761230469,108.10302734375,86.37818145751953,1.52,0.3,
2026-06-25,734.2999877929688,18.889999389648438,20.329999923706055,78.69598388671875,108.19194793701172,86.34852600097656,1.54,0.31,
2026-06-26,728.989990234375,18.40999984741211,20.1299991607666,78.646728515625,108.19194793701172,86.35841369628906,1.56,0.31,-0.514
2026-06-29,741.0,17.649999618530273,19.530000686645508,78.82405853271484,108.38956451416016,86.44738006591797,1.55,0.28,
2026-06-30,746.77001953125,16.450000762939453,19.0,78.7846450805664,107.76708984375,85.42918395996094,1.53,0.3,
2026-07-01,745.760009765625,16.59000015258789,19.15999984741211,78.77375793457031,107.54102325439453,84.85173034667969,1.54,0.31,
2026-07-02,744.780029296875,16.149999618530273,19.040000915527344,78.89252471923828,107.71949768066406,84.84181213378906,1.54,0.35,
2026-07-06,751.280029296875,15.569999694824219,18.780000686645508,79.05089569091797,107.74923706054688,84.78227996826172,1.56,0.35,
2026-07-07,747.7100219726562,16.1299991607666,19.010000228881836,78.94202423095703,106.96593475341797,83.88932037353516,1.55,0.36,
2026-07-08,745.4000244140625,16.899999618530273,19.459999084472656,78.84304809570312,106.7577133178711,83.7008056640625,1.56,0.35,
2026-07-09,751.7100219726562,15.84000015258789,18.989999771118164,78.93212127685547,106.79737854003906,83.82978820800781,1.56,0.38,
2026-07-10,754.9500122070312,15.029999732971191,18.56999969482422,78.89252471923828,106.54949188232422,83.80994415283203,1.58,0.35,-0.526
2026-07-13,749.1699829101562,17.15999984741211,19.639999389648438,78.70448303222656,106.0537338256836,83.31385040283203,1.56,0.36,
2026-07-14,751.8300170898438,16.5,19.299999237060547,78.86283874511719,106.3016128540039,83.4229965209961,1.6,0.4,
2026-07-15,754.8099975585938,15.670000076293945,18.90999984741211,78.99150085449219,106.6684799194336,83.58174133300781,1.6,0.42,
2026-07-16,750.719970703125,16.729999542236328,19.5,78.98160552978516,106.58914947509766,83.55197143554688,1.59,0.41,
2026-07-17,743.2899780273438,18.770000457763672,20.540000915527344,78.83314514160156,106.64865112304688,83.85955047607422,1.59,0.37,-0.53
2026-07-20,742.0900268554688,18.649999618530273,,78.86283874511719,106.24211883544922,83.2344741821289,1.61,0.39,
2026-07-21,748.280029296875,17.049999237060547,,78.83314514160156,105.94466400146484,83.00627899169922,1.6,0.37,
2026-07-22,747.4099731445312,16.639999389648438,,78.70448303222656,105.76618194580078,82.78799438476562,1.58,0.36,
2026-07-23,738.1799926757812,18.700000762939453,,78.4174575805664,105.35966491699219,82.52009582519531,1.58,0.34,
2026-07-24,738.9299926757812,18.579999923706055,,78.4174575805664,105.32991790771484,82.59947204589844,1.59,0.36,-0.536
2026-07-27,739.0900268554688,18.670000076293945,,78.45703887939453,105.60755157470703,83.09556579589844,1.61,0.34,
2026-07-28,740.8599853515625,18.209999084472656,,78.60550689697266,105.92483520507812,83.58174133300781,1.62,0.35,
2026-07-29,729.4600219726562,20.65999984741211,,78.42735290527344,105.32000732421875,82.20259857177734,1.6,0.45,
2026-07-30,741.6900024414062,17.09000015258789,,78.65499114990234,105.50839233398438,82.15299224853516,1.64,0.45,
2026-07-31,747.030029296875,15.989999771118164,,78.6648941040039,105.34974670410156,81.60728454589844,1.63,0.47,-0.541
2026-08-03,757.6699829101562,15.859999656677246,,78.87772369384766,105.66641998291016,81.87625885009766,1.61,0.45,
2026-08-04,771.3300170898438,16.5,,79.11642456054688,106.31370544433594,82.50385284423828,1.64,0.43,
2026-08-05,769.7899780273438,15.8100004196167,,79.08657836914062,106.29378509521484,82.68316650390625,1.62,0.45,
2026-08-06,768.5599975585938,15.149999618530273,,79.02690887451172,105.91537475585938,82.20499420166016,1.61,0.44,
2026-08-07,773.260009765625,14.899999618530273,,79.17609405517578,106.10458374023438,82.44408416748047,1.64,0.46,-0.546
2026-08-10,773.030029296875,15.460000038146973,,79.04680633544922,105.51704406738281,81.74674987792969,1.62,0.47,
2026-08-11,770.5599975585938,15.279999732971191,,79.0766372680664,105.54692077636719,81.87625885009766,1.64,0.48,
2026-08-12,772.489990234375,14.550000190734863,,79.17609405517578,105.67638397216797,81.79656219482422,1.66,0.48,
2026-08-13,777.8800048828125,14.630000114440918,,79.35511016845703,106.10458374023438,82.27472686767578,1.67,0.48,
2026-08-14,776.3400268554688,14.25,,79.27554321289062,105.67638397216797,81.7268295288086,1.69,0.51,-0.551
2026-08-17,772.6699829101562,15.1899995803833,,79.17609405517578,105.25813293457031,81.03946685791016,1.69,0.53,
2026-08-18,767.4500122070312,15.84000015258789,,79.09652709960938,105.39754486083984,81.3482894897461,1.68,0.52,
2026-08-19,769.0599975585938,14.890000343322754,,79.27554321289062,106.12449645996094,82.70308685302734,1.64,0.46,
2026-08-20,762.5999755859375,16.010000228881836,,79.12635803222656,105.61663055419922,82.02568054199219,1.64,0.5,
2026-08-21,765.719970703125,15.130000114440918,,79.17609405517578,105.47721099853516,81.7367935180664,1.63,0.5,-0.555
2026-08-24,763.469970703125,15.850000381469727,,79.26559448242188,105.73612976074219,82.24484252929688,1.63,0.46,
2026-08-25,765.9099731445312,15.449999809265137,,79.4843978881836,106.41328430175781,83.15137481689453,1.62,0.47,
2026-08-26,766.0800170898438,15.210000038146973,,79.46451568603516,106.3336181640625,82.98202514648438,1.61,0.47,
2026-08-27,771.0999755859375,14.510000228881836,,79.43467712402344,106.28382873535156,82.81266784667969,1.6,0.47,
2026-08-28,769.3499755859375,14.430000305175781,,79.30538177490234,105.9054183959961,82.5636215209961,1.54,0.39,-0.56
2026-08-31,767.0499877929688,14.920000076293945,,79.375,105.76599884033203,82.20499420166016,1.59,0.41,
2026-09-01,761.780029296875,16.34000015258789,,79.0999984741211,105.22000122070312,81.87000274658203,1.58,0.4,
2026-09-02,765.1599731445312,15.199999809265137,,79.11000061035156,105.3499984741211,81.94999694824219,1.58,0.4,
2026-09-03,773.1699829101562,14.319999694824219,,79.20999908447266,105.5,82.06999969482422,1.57,0.43,
2026-09-04,770.1900024414062,14.529999732971191,,79.16000366210938,105.4800033569336,82.20999908447266,1.56,0.41,-0.564
2026-09-07,,15.300000190734863,,,,,,,
2026-09-08,765.9600219726562,15.720000267028809,,79.12000274658203,105.4800033569336,82.19999694824219,1.57,0.41,
2026-09-09,762.4000244140625,16.459999084472656,,78.9800033569336,105.30999755859375,81.7300033569336,1.55,0.4,
2026-09-10,757.8300170898438,17.84000015258789,,78.62000274658203,104.36000061035156,80.77999877929688,1.51,0.39,
2026-09-11,764.2899780273438,15.84000015258789,,78.5999984741211,104.31999969482422,80.87000274658203,,0.33,
2026-09-14,,17.59000015258789,,,,,,,
